date_collected,day_index,route,origin,destination,lead_bucket,lead_days,airline,base_fare,raw_fare,flight_date,sampling_shock
2026-08-01,0,DEL-BOM,DEL,BOM,T+1,1,IndiGo,9800.47,11956,2026-08-02,False
2026-08-01,0,DEL-BOM,DEL,BOM,T+1,1,IndiGo,9586.38,11695,2026-08-02,False
2026-08-01,0,DEL-BOM,DEL,BOM,T+1,1,IndiGo,9851.37,12018,2026-08-02,False
2026-08-01,0,DEL-BOM,DEL,BOM,T+1,1,IndiGo,10146.5,12378,2026-08-02,False
2026-08-01,0,DEL-BOM,DEL,BOM,T+1,1,Air India,11263.73,13741,2026-08-02,False
2026-08-01,0,DEL-BOM,DEL,BOM,T+7,7,Air India,7971.26,9724,2026-08-08,False
2026-08-01,0,DEL-BOM,DEL,BOM,T+7,7,Air India,8481.35,10347,2026-08-08,False
2026-08-01,0,DEL-BOM,DEL,BOM,T+7,7,IndiGo,7000.31,8540,2026-08-08,False
2026-08-01,0,DEL-BOM,DEL,BOM,T+7,7,IndiGo,6705.18,8180,2026-08-08,False
2026-08-01,0,DEL-BOM,DEL,BOM,T+7,7,IndiGo,6946.66,8474,2026-08-08,False
2026-08-01,0,DEL-BOM,DEL,BOM,T+15,15,IndiGo,5102.87,6225,2026-08-16,False
2026-08-01,0,DEL-BOM,DEL,BOM,T+15,15,IndiGo,5102.45,6224,2026-08-16,False
2026-08-01,0,DEL-BOM,DEL,BOM,T+15,15,IndiGo,5230.93,6381,2026-08-16,False
2026-08-01,0,DEL-BOM,DEL,BOM,T+15,15,IndiGo,4839.65,5904,2026-08-16,False
2026-08-01,0,DEL-BOM,DEL,BOM,T+15,15,IndiGo,4873.85,5946,2026-08-16,False
2026-08-01,0,DEL-BOM,DEL,BOM,T+30,30,IndiGo,4358.5,5317,2026-08-31,False
2026-08-01,0,DEL-BOM,DEL,BOM,T+30,30,IndiGo,4288.39,5231,2026-08-31,False
2026-08-01,0,DEL-BOM,DEL,BOM,T+30,30,IndiGo,4494.9,5483,2026-08-31,False
2026-08-01,0,DEL-BOM,DEL,BOM,T+30,30,Air India,5075.02,6191,2026-08-31,False
2026-08-01,0,DEL-BOM,DEL,BOM,T+30,30,IndiGo,4226.23,5156,2026-08-31,False
2026-08-01,0,DEL-BOM,DEL,BOM,T+45,45,Air India,4898.21,5975,2026-09-15,False
2026-08-01,0,DEL-BOM,DEL,BOM,T+45,45,Air India,4622.38,5639,2026-09-15,False
2026-08-01,0,DEL-BOM,DEL,BOM,T+45,45,IndiGo,3961.34,4832,2026-09-15,False
2026-08-01,0,DEL-BOM,DEL,BOM,T+45,45,IndiGo,3754.93,4581,2026-09-15,False
2026-08-01,0,DEL-BOM,DEL,BOM,T+45,45,Akasa Air,3754.28,4580,2026-09-15,False
2026-08-01,0,BOM-DEL,BOM,DEL,T+1,1,IndiGo,9670.4,11797,2026-08-02,False
2026-08-01,0,BOM-DEL,BOM,DEL,T+1,1,IndiGo,9244.94,11278,2026-08-02,False
2026-08-01,0,BOM-DEL,BOM,DEL,T+1,1,IndiGo,9759.67,11906,2026-08-02,False
2026-08-01,0,BOM-DEL,BOM,DEL,T+1,1,Air India,11118.05,13564,2026-08-02,False
2026-08-01,0,BOM-DEL,BOM,DEL,T+1,1,IndiGo,9534.65,11632,2026-08-02,False
2026-08-01,0,BOM-DEL,BOM,DEL,T+7,7,Air India,7867.86,9598,2026-08-08,False
2026-08-01,0,BOM-DEL,BOM,DEL,T+7,7,Air India,8558.16,10440,2026-08-08,False
2026-08-01,0,BOM-DEL,BOM,DEL,T+7,7,IndiGo,6813.98,8313,2026-08-08,False
2026-08-01,0,BOM-DEL,BOM,DEL,T+7,7,Akasa Air,6357.52,7756,2026-08-08,False
2026-08-01,0,BOM-DEL,BOM,DEL,T+7,7,IndiGo,7013.46,8556,2026-08-08,False
2026-08-01,0,BOM-DEL,BOM,DEL,T+15,15,IndiGo,4965.36,6057,2026-08-16,False
2026-08-01,0,BOM-DEL,BOM,DEL,T+15,15,Air India,6159.9,7515,2026-08-16,False
2026-08-01,0,BOM-DEL,BOM,DEL,T+15,15,IndiGo,4831.23,5894,2026-08-16,False
2026-08-01,0,BOM-DEL,BOM,DEL,T+15,15,Air India,5830.93,7113,2026-08-16,False
2026-08-01,0,BOM-DEL,BOM,DEL,T+15,15,IndiGo,5222.74,6371,2026-08-16,False
2026-08-01,0,BOM-DEL,BOM,DEL,T+30,30,Air India,5377.08,6560,2026-08-31,False
2026-08-01,0,BOM-DEL,BOM,DEL,T+30,30,IndiGo,4472.67,5456,2026-08-31,False
2026-08-01,0,BOM-DEL,BOM,DEL,T+30,30,IndiGo,4428.0,5402,2026-08-31,False
2026-08-01,0,BOM-DEL,BOM,DEL,T+30,30,IndiGo,4399.15,5366,2026-08-31,False
2026-08-01,0,BOM-DEL,BOM,DEL,T+30,30,IndiGo,4215.93,5143,2026-08-31,False
2026-08-01,0,BOM-DEL,BOM,DEL,T+45,45,IndiGo,3852.43,4699,2026-09-15,False
2026-08-01,0,BOM-DEL,BOM,DEL,T+45,45,IndiGo,3888.28,4743,2026-09-15,False
2026-08-01,0,BOM-DEL,BOM,DEL,T+45,45,IndiGo,4098.22,4999,2026-09-15,False
2026-08-01,0,BOM-DEL,BOM,DEL,T+45,45,IndiGo,3999.53,4879,2026-09-15,False
2026-08-01,0,BOM-DEL,BOM,DEL,T+45,45,IndiGo,3708.14,4523,2026-09-15,False
2026-08-01,0,DEL-BLR,DEL,BLR,T+1,1,IndiGo,11990.48,14628,2026-08-02,False
2026-08-01,0,DEL-BLR,DEL,BLR,T+1,1,IndiGo,11696.21,14269,2026-08-02,False
2026-08-01,0,DEL-BLR,DEL,BLR,T+1,1,IndiGo,11575.1,14121,2026-08-02,False
2026-08-01,0,DEL-BLR,DEL,BLR,T+1,1,Akasa Air,11727.41,14307,2026-08-02,False
2026-08-01,0,DEL-BLR,DEL,BLR,T+1,1,IndiGo,12283.82,14986,2026-08-02,False
2026-08-01,0,DEL-BLR,DEL,BLR,T+7,7,IndiGo,8663.88,10569,2026-08-08,False
2026-08-01,0,DEL-BLR,DEL,BLR,T+7,7,IndiGo,8143.95,9935,2026-08-08,False
2026-08-01,0,DEL-BLR,DEL,BLR,T+7,7,Air India,9784.79,11937,2026-08-08,False
2026-08-01,0,DEL-BLR,DEL,BLR,T+7,7,IndiGo,8487.68,10354,2026-08-08,False
2026-08-01,0,DEL-BLR,DEL,BLR,T+7,7,IndiGo,8676.88,10585,2026-08-08,False
2026-08-01,0,DEL-BLR,DEL,BLR,T+15,15,SpiceJet,5946.57,7254,2026-08-16,False
2026-08-01,0,DEL-BLR,DEL,BLR,T+15,15,IndiGo,6342.52,7737,2026-08-16,False
2026-08-01,0,DEL-BLR,DEL,BLR,T+15,15,IndiGo,6136.8,7486,2026-08-16,False
2026-08-01,0,DEL-BLR,DEL,BLR,T+15,15,Air India,7211.29,8797,2026-08-16,False
2026-08-01,0,DEL-BLR,DEL,BLR,T+15,15,Air India,7740.44,9443,2026-08-16,False
2026-08-01,0,DEL-BLR,DEL,BLR,T+30,30,Air India,6757.43,8244,2026-08-31,False
2026-08-01,0,DEL-BLR,DEL,BLR,T+30,30,IndiGo,5458.21,6659,2026-08-31,False
2026-08-01,0,DEL-BLR,DEL,BLR,T+30,30,IndiGo,5664.2,6910,2026-08-31,False
2026-08-01,0,DEL-BLR,DEL,BLR,T+30,30,IndiGo,5541.26,6760,2026-08-31,False
2026-08-01,0,DEL-BLR,DEL,BLR,T+30,30,IndiGo,5348.45,6525,2026-08-31,False
2026-08-01,0,DEL-BLR,DEL,BLR,T+45,45,IndiGo,4925.52,6009,2026-09-15,False
2026-08-01,0,DEL-BLR,DEL,BLR,T+45,45,Akasa Air,4963.97,6056,2026-09-15,False
2026-08-01,0,DEL-BLR,DEL,BLR,T+45,45,Air India,5727.21,6987,2026-09-15,False
2026-08-01,0,DEL-BLR,DEL,BLR,T+45,45,IndiGo,5130.36,6259,2026-09-15,False
2026-08-01,0,DEL-BLR,DEL,BLR,T+45,45,IndiGo,4418.01,5389,2026-09-15,False
2026-08-01,0,BOM-BLR,BOM,BLR,T+1,1,IndiGo,7813.74,9532,2026-08-02,False
2026-08-01,0,BOM-BLR,BOM,BLR,T+1,1,Air India,8981.68,10957,2026-08-02,False
2026-08-01,0,BOM-BLR,BOM,BLR,T+1,1,IndiGo,7515.76,9169,2026-08-02,False
2026-08-01,0,BOM-BLR,BOM,BLR,T+1,1,IndiGo,7619.64,9295,2026-08-02,False
2026-08-01,0,BOM-BLR,BOM,BLR,T+1,1,IndiGo,7066.89,8621,2026-08-02,False
2026-08-01,0,BOM-BLR,BOM,BLR,T+7,7,IndiGo,5333.77,6507,2026-08-08,False
2026-08-01,0,BOM-BLR,BOM,BLR,T+7,7,IndiGo,5442.28,6639,2026-08-08,False
2026-08-01,0,BOM-BLR,BOM,BLR,T+7,7,IndiGo,5653.13,6896,2026-08-08,False
2026-08-01,0,BOM-BLR,BOM,BLR,T+7,7,Air India,6222.01,7590,2026-08-08,False
2026-08-01,0,BOM-BLR,BOM,BLR,T+7,7,IndiGo,5223.0,6372,2026-08-08,False
2026-08-01,0,BOM-BLR,BOM,BLR,T+15,15,IndiGo,4017.93,4901,2026-08-16,False
2026-08-01,0,BOM-BLR,BOM,BLR,T+15,15,SpiceJet,3998.64,4878,2026-08-16,False
2026-08-01,0,BOM-BLR,BOM,BLR,T+15,15,IndiGo,4136.81,5046,2026-08-16,False
2026-08-01,0,BOM-BLR,BOM,BLR,T+15,15,IndiGo,4013.92,4896,2026-08-16,False
2026-08-01,0,BOM-BLR,BOM,BLR,T+15,15,IndiGo,4163.22,5079,2026-08-16,False
2026-08-01,0,BOM-BLR,BOM,BLR,T+30,30,IndiGo,3517.41,4291,2026-08-31,False
2026-08-01,0,BOM-BLR,BOM,BLR,T+30,30,IndiGo,3624.35,4421,2026-08-31,False
2026-08-01,0,BOM-BLR,BOM,BLR,T+30,30,Air India,4031.25,4918,2026-08-31,False
2026-08-01,0,BOM-BLR,BOM,BLR,T+30,30,IndiGo,3465.3,4227,2026-08-31,False
2026-08-01,0,BOM-BLR,BOM,BLR,T+30,30,IndiGo,3457.39,4218,2026-08-31,False
2026-08-01,0,BOM-BLR,BOM,BLR,T+45,45,IndiGo,2956.39,3606,2026-09-15,False
2026-08-01,0,BOM-BLR,BOM,BLR,T+45,45,SpiceJet,2982.6,3638,2026-09-15,False
2026-08-01,0,BOM-BLR,BOM,BLR,T+45,45,IndiGo,3144.47,3836,2026-09-15,False
2026-08-01,0,BOM-BLR,BOM,BLR,T+45,45,Akasa Air,3018.14,3682,2026-09-15,False
2026-08-01,0,BOM-BLR,BOM,BLR,T+45,45,Air India,3643.44,4444,2026-09-15,False
2026-08-01,0,DEL-CCU,DEL,CCU,T+1,1,IndiGo,10212.24,12458,2026-08-02,False
2026-08-01,0,DEL-CCU,DEL,CCU,T+1,1,Air India,12480.71,15226,2026-08-02,False
2026-08-01,0,DEL-CCU,DEL,CCU,T+1,1,Air India,12515.26,15268,2026-08-02,False
2026-08-01,0,DEL-CCU,DEL,CCU,T+1,1,IndiGo,10442.8,12740,2026-08-02,False
2026-08-01,0,DEL-CCU,DEL,CCU,T+1,1,IndiGo,10683.85,13034,2026-08-02,False
2026-08-01,0,DEL-CCU,DEL,CCU,T+7,7,IndiGo,7711.33,9407,2026-08-08,False
2026-08-01,0,DEL-CCU,DEL,CCU,T+7,7,IndiGo,8105.78,9889,2026-08-08,False
2026-08-01,0,DEL-CCU,DEL,CCU,T+7,7,IndiGo,7650.26,9333,2026-08-08,False
2026-08-01,0,DEL-CCU,DEL,CCU,T+7,7,IndiGo,7672.34,9360,2026-08-08,False
2026-08-01,0,DEL-CCU,DEL,CCU,T+7,7,Akasa Air,7344.49,8960,2026-08-08,False
2026-08-01,0,DEL-CCU,DEL,CCU,T+15,15,Air India,6362.74,7762,2026-08-16,False
2026-08-01,0,DEL-CCU,DEL,CCU,T+15,15,IndiGo,5780.13,7051,2026-08-16,False
2026-08-01,0,DEL-CCU,DEL,CCU,T+15,15,IndiGo,5797.7,7073,2026-08-16,False
2026-08-01,0,DEL-CCU,DEL,CCU,T+15,15,IndiGo,6284.29,7666,2026-08-16,False
2026-08-01,0,DEL-CCU,DEL,CCU,T+15,15,Air India,6774.88,8265,2026-08-16,False
2026-08-01,0,DEL-CCU,DEL,CCU,T+30,30,Air India,5908.1,7207,2026-08-31,False
2026-08-01,0,DEL-CCU,DEL,CCU,T+30,30,IndiGo,4952.98,6042,2026-08-31,False
2026-08-01,0,DEL-CCU,DEL,CCU,T+30,30,IndiGo,4756.16,5802,2026-08-31,False
2026-08-01,0,DEL-CCU,DEL,CCU,T+30,30,IndiGo,5157.35,6291,2026-08-31,False
2026-08-01,0,DEL-CCU,DEL,CCU,T+30,30,IndiGo,5089.51,6209,2026-08-31,False
2026-08-01,0,DEL-CCU,DEL,CCU,T+45,45,Air India,5340.68,6515,2026-09-15,False
2026-08-01,0,DEL-CCU,DEL,CCU,T+45,45,IndiGo,4267.7,5206,2026-09-15,False
2026-08-01,0,DEL-CCU,DEL,CCU,T+45,45,Air India,5451.95,6651,2026-09-15,False
2026-08-01,0,DEL-CCU,DEL,CCU,T+45,45,IndiGo,4191.72,5113,2026-09-15,False
2026-08-01,0,DEL-CCU,DEL,CCU,T+45,45,IndiGo,4498.54,5488,2026-09-15,False
2026-08-01,0,BLR-HYD,BLR,HYD,T+1,1,IndiGo,6382.48,7786,2026-08-02,False
2026-08-01,0,BLR-HYD,BLR,HYD,T+1,1,IndiGo,5722.48,6981,2026-08-02,False
2026-08-01,0,BLR-HYD,BLR,HYD,T+1,1,Air India,6850.28,8357,2026-08-02,False
2026-08-01,0,BLR-HYD,BLR,HYD,T+1,1,Air India,7013.18,8556,2026-08-02,False
2026-08-01,0,BLR-HYD,BLR,HYD,T+1,1,Air India,6865.65,8376,2026-08-02,False
2026-08-01,0,BLR-HYD,BLR,HYD,T+7,7,IndiGo,3967.51,4840,2026-08-08,False
2026-08-01,0,BLR-HYD,BLR,HYD,T+7,7,IndiGo,4205.27,5130,2026-08-08,False
2026-08-01,0,BLR-HYD,BLR,HYD,T+7,7,Air India,4762.03,5809,2026-08-08,False
2026-08-01,0,BLR-HYD,BLR,HYD,T+7,7,Akasa Air,4130.06,5038,2026-08-08,False
2026-08-01,0,BLR-HYD,BLR,HYD,T+7,7,IndiGo,4060.2,4953,2026-08-08,False
2026-08-01,0,BLR-HYD,BLR,HYD,T+15,15,IndiGo,3365.16,4105,2026-08-16,False
2026-08-01,0,BLR-HYD,BLR,HYD,T+15,15,IndiGo,3104.49,3787,2026-08-16,False
2026-08-01,0,BLR-HYD,BLR,HYD,T+15,15,Air India,3720.78,4539,2026-08-16,False
2026-08-01,0,BLR-HYD,BLR,HYD,T+15,15,Air India,3870.35,4721,2026-08-16,False
2026-08-01,0,BLR-HYD,BLR,HYD,T+15,15,IndiGo,3054.49,3726,2026-08-16,False
2026-08-01,0,BLR-HYD,BLR,HYD,T+30,30,IndiGo,2757.78,3364,2026-08-31,False
2026-08-01,0,BLR-HYD,BLR,HYD,T+30,30,IndiGo,2861.17,3490,2026-08-31,False
2026-08-01,0,BLR-HYD,BLR,HYD,T+30,30,IndiGo,2582.07,3150,2026-08-31,False
2026-08-01,0,BLR-HYD,BLR,HYD,T+30,30,Air India,3246.44,3960,2026-08-31,False
2026-08-01,0,BLR-HYD,BLR,HYD,T+30,30,IndiGo,2760.89,3368,2026-08-31,False
2026-08-01,0,BLR-HYD,BLR,HYD,T+45,45,IndiGo,2498.55,3048,2026-09-15,False
2026-08-01,0,BLR-HYD,BLR,HYD,T+45,45,IndiGo,2326.71,2838,2026-09-15,False
2026-08-01,0,BLR-HYD,BLR,HYD,T+45,45,Air India,2734.69,3336,2026-09-15,False
2026-08-01,0,BLR-HYD,BLR,HYD,T+45,45,IndiGo,2476.43,3021,2026-09-15,False
2026-08-01,0,BLR-HYD,BLR,HYD,T+45,45,IndiGo,2457.28,2997,2026-09-15,False
2026-08-01,0,MAA-DEL,MAA,DEL,T+1,1,SpiceJet,10799.36,13175,2026-08-02,False
2026-08-01,0,MAA-DEL,MAA,DEL,T+1,1,IndiGo,11437.27,13953,2026-08-02,False
2026-08-01,0,MAA-DEL,MAA,DEL,T+1,1,IndiGo,11031.29,13458,2026-08-02,False
2026-08-01,0,MAA-DEL,MAA,DEL,T+1,1,IndiGo,11392.11,13898,2026-08-02,False
2026-08-01,0,MAA-DEL,MAA,DEL,T+1,1,IndiGo,11416.16,13927,2026-08-02,False
2026-08-01,0,MAA-DEL,MAA,DEL,T+7,7,IndiGo,7797.15,9512,2026-08-08,False
2026-08-01,0,MAA-DEL,MAA,DEL,T+7,7,IndiGo,8519.33,10393,2026-08-08,False
2026-08-01,0,MAA-DEL,MAA,DEL,T+7,7,IndiGo,8129.73,9918,2026-08-08,False
2026-08-01,0,MAA-DEL,MAA,DEL,T+7,7,IndiGo,7663.66,9349,2026-08-08,False
2026-08-01,0,MAA-DEL,MAA,DEL,T+7,7,IndiGo,8180.87,9980,2026-08-08,False
2026-08-01,0,MAA-DEL,MAA,DEL,T+15,15,IndiGo,5877.18,7170,2026-08-16,False
2026-08-01,0,MAA-DEL,MAA,DEL,T+15,15,IndiGo,6252.37,7627,2026-08-16,False
2026-08-01,0,MAA-DEL,MAA,DEL,T+15,15,IndiGo,6331.49,7724,2026-08-16,False
2026-08-01,0,MAA-DEL,MAA,DEL,T+15,15,Air India,6967.55,8500,2026-08-16,False
2026-08-01,0,MAA-DEL,MAA,DEL,T+15,15,Air India,7415.48,9046,2026-08-16,False
2026-08-01,0,MAA-DEL,MAA,DEL,T+30,30,IndiGo,5290.85,6454,2026-08-31,False
2026-08-01,0,MAA-DEL,MAA,DEL,T+30,30,IndiGo,5365.56,6545,2026-08-31,False
2026-08-01,0,MAA-DEL,MAA,DEL,T+30,30,Air India,6557.01,7999,2026-08-31,False
2026-08-01,0,MAA-DEL,MAA,DEL,T+30,30,IndiGo,5170.71,6308,2026-08-31,False
2026-08-01,0,MAA-DEL,MAA,DEL,T+30,30,IndiGo,5077.91,6195,2026-08-31,False
2026-08-01,0,MAA-DEL,MAA,DEL,T+45,45,Akasa Air,4349.83,5306,2026-09-15,False
2026-08-01,0,MAA-DEL,MAA,DEL,T+45,45,IndiGo,4503.63,5494,2026-09-15,False
2026-08-01,0,MAA-DEL,MAA,DEL,T+45,45,IndiGo,4623.49,5640,2026-09-15,False
2026-08-01,0,MAA-DEL,MAA,DEL,T+45,45,Air India,5530.86,6747,2026-09-15,False
2026-08-01,0,MAA-DEL,MAA,DEL,T+45,45,Air India,5518.53,6732,2026-09-15,False
2026-08-01,0,DEL-PNQ,DEL,PNQ,T+1,1,IndiGo,9149.44,11162,2026-08-02,False
2026-08-01,0,DEL-PNQ,DEL,PNQ,T+1,1,IndiGo,8896.05,10853,2026-08-02,False
2026-08-01,0,DEL-PNQ,DEL,PNQ,T+1,1,IndiGo,9344.37,11400,2026-08-02,False
2026-08-01,0,DEL-PNQ,DEL,PNQ,T+1,1,IndiGo,8809.63,10747,2026-08-02,False
2026-08-01,0,DEL-PNQ,DEL,PNQ,T+1,1,IndiGo,9738.57,11881,2026-08-02,False
2026-08-01,0,DEL-PNQ,DEL,PNQ,T+7,7,Air India,7581.34,9249,2026-08-08,False
2026-08-01,0,DEL-PNQ,DEL,PNQ,T+7,7,Air India,7196.31,8779,2026-08-08,False
2026-08-01,0,DEL-PNQ,DEL,PNQ,T+7,7,Akasa Air,5865.67,7156,2026-08-08,False
2026-08-01,0,DEL-PNQ,DEL,PNQ,T+7,7,IndiGo,6399.06,7806,2026-08-08,False
2026-08-01,0,DEL-PNQ,DEL,PNQ,T+7,7,IndiGo,6243.58,7617,2026-08-08,False
2026-08-01,0,DEL-PNQ,DEL,PNQ,T+15,15,IndiGo,4907.65,5987,2026-08-16,False
2026-08-01,0,DEL-PNQ,DEL,PNQ,T+15,15,Air India,5738.3,7000,2026-08-16,False
2026-08-01,0,DEL-PNQ,DEL,PNQ,T+15,15,IndiGo,4775.8,5826,2026-08-16,False
2026-08-01,0,DEL-PNQ,DEL,PNQ,T+15,15,IndiGo,4646.09,5668,2026-08-16,False
2026-08-01,0,DEL-PNQ,DEL,PNQ,T+15,15,IndiGo,4534.14,5531,2026-08-16,False
2026-08-01,0,DEL-PNQ,DEL,PNQ,T+30,30,IndiGo,4039.86,4928,2026-08-31,False
2026-08-01,0,DEL-PNQ,DEL,PNQ,T+30,30,IndiGo,4227.01,5156,2026-08-31,False
2026-08-01,0,DEL-PNQ,DEL,PNQ,T+30,30,IndiGo,4134.75,5044,2026-08-31,False
2026-08-01,0,DEL-PNQ,DEL,PNQ,T+30,30,Air India,4627.44,5645,2026-08-31,False
2026-08-01,0,DEL-PNQ,DEL,PNQ,T+30,30,IndiGo,4128.88,5037,2026-08-31,False
2026-08-01,0,DEL-PNQ,DEL,PNQ,T+45,45,Air India,4358.8,5317,2026-09-15,False
2026-08-01,0,DEL-PNQ,DEL,PNQ,T+45,45,IndiGo,3535.15,4312,2026-09-15,False
2026-08-01,0,DEL-PNQ,DEL,PNQ,T+45,45,IndiGo,3667.63,4474,2026-09-15,False
2026-08-01,0,DEL-PNQ,DEL,PNQ,T+45,45,SpiceJet,3463.04,4224,2026-09-15,False
2026-08-01,0,DEL-PNQ,DEL,PNQ,T+45,45,Air India,4128.75,5037,2026-09-15,False
2026-08-02,1,DEL-BOM,DEL,BOM,T+1,1,Akasa Air,9470.55,11554,2026-08-03,False
2026-08-02,1,DEL-BOM,DEL,BOM,T+1,1,Air India,11610.27,14164,2026-08-03,False
2026-08-02,1,DEL-BOM,DEL,BOM,T+1,1,Air India,11818.41,14418,2026-08-03,False
2026-08-02,1,DEL-BOM,DEL,BOM,T+1,1,IndiGo,10014.66,12217,2026-08-03,False
2026-08-02,1,DEL-BOM,DEL,BOM,T+1,1,IndiGo,9192.71,11215,2026-08-03,False
2026-08-02,1,DEL-BOM,DEL,BOM,T+7,7,IndiGo,6610.84,8065,2026-08-09,False
2026-08-02,1,DEL-BOM,DEL,BOM,T+7,7,IndiGo,6958.41,8489,2026-08-09,False
2026-08-02,1,DEL-BOM,DEL,BOM,T+7,7,IndiGo,6958.11,8488,2026-08-09,False
2026-08-02,1,DEL-BOM,DEL,BOM,T+7,7,IndiGo,6958.41,8489,2026-08-09,False
2026-08-02,1,DEL-BOM,DEL,BOM,T+7,7,Akasa Air,7511.93,9164,2026-08-09,False
2026-08-02,1,DEL-BOM,DEL,BOM,T+15,15,IndiGo,5304.61,6471,2026-08-17,False
2026-08-02,1,DEL-BOM,DEL,BOM,T+15,15,Air India,6375.03,7777,2026-08-17,False
2026-08-02,1,DEL-BOM,DEL,BOM,T+15,15,IndiGo,5374.34,6556,2026-08-17,False
2026-08-02,1,DEL-BOM,DEL,BOM,T+15,15,IndiGo,5319.26,6489,2026-08-17,False
2026-08-02,1,DEL-BOM,DEL,BOM,T+15,15,Akasa Air,4980.88,6076,2026-08-17,False
2026-08-02,1,DEL-BOM,DEL,BOM,T+30,30,SpiceJet,4335.3,5289,2026-09-01,False
2026-08-02,1,DEL-BOM,DEL,BOM,T+30,30,IndiGo,4337.16,5291,2026-09-01,False
2026-08-02,1,DEL-BOM,DEL,BOM,T+30,30,Air India,5211.87,6358,2026-09-01,False
2026-08-02,1,DEL-BOM,DEL,BOM,T+30,30,IndiGo,4382.01,5346,2026-09-01,False
2026-08-02,1,DEL-BOM,DEL,BOM,T+30,30,IndiGo,4470.51,5454,2026-09-01,False
2026-08-02,1,DEL-BOM,DEL,BOM,T+45,45,Akasa Air,4148.17,5060,2026-09-16,False
2026-08-02,1,DEL-BOM,DEL,BOM,T+45,45,IndiGo,3703.47,4518,2026-09-16,False
2026-08-02,1,DEL-BOM,DEL,BOM,T+45,45,IndiGo,4057.6,4950,2026-09-16,False
2026-08-02,1,DEL-BOM,DEL,BOM,T+45,45,Air India,4407.81,5377,2026-09-16,False
2026-08-02,1,DEL-BOM,DEL,BOM,T+45,45,IndiGo,3896.98,4754,2026-09-16,False
2026-08-02,1,BOM-DEL,BOM,DEL,T+1,1,IndiGo,10026.54,12232,2026-08-03,False
2026-08-02,1,BOM-DEL,BOM,DEL,T+1,1,IndiGo,9680.15,11809,2026-08-03,False
2026-08-02,1,BOM-DEL,BOM,DEL,T+1,1,Air India,10957.25,13367,2026-08-03,False
2026-08-02,1,BOM-DEL,BOM,DEL,T+1,1,IndiGo,9416.62,11488,2026-08-03,False
2026-08-02,1,BOM-DEL,BOM,DEL,T+1,1,Akasa Air,9575.9,11682,2026-08-03,False
2026-08-02,1,BOM-DEL,BOM,DEL,T+7,7,IndiGo,6660.47,8125,2026-08-09,False
2026-08-02,1,BOM-DEL,BOM,DEL,T+7,7,IndiGo,6886.98,8402,2026-08-09,False
2026-08-02,1,BOM-DEL,BOM,DEL,T+7,7,IndiGo,6846.1,8352,2026-08-09,False
2026-08-02,1,BOM-DEL,BOM,DEL,T+7,7,Air India,7874.55,9606,2026-08-09,False
2026-08-02,1,BOM-DEL,BOM,DEL,T+7,7,IndiGo,7348.09,8964,2026-08-09,False
2026-08-02,1,BOM-DEL,BOM,DEL,T+15,15,IndiGo,5316.08,6485,2026-08-17,False
2026-08-02,1,BOM-DEL,BOM,DEL,T+15,15,Air India,5696.75,6950,2026-08-17,False
2026-08-02,1,BOM-DEL,BOM,DEL,T+15,15,IndiGo,5234.63,6386,2026-08-17,False
2026-08-02,1,BOM-DEL,BOM,DEL,T+15,15,IndiGo,5080.23,6197,2026-08-17,False
2026-08-02,1,BOM-DEL,BOM,DEL,T+15,15,IndiGo,5355.85,6534,2026-08-17,False
2026-08-02,1,BOM-DEL,BOM,DEL,T+30,30,IndiGo,4334.08,5287,2026-09-01,False
2026-08-02,1,BOM-DEL,BOM,DEL,T+30,30,IndiGo,4439.83,5416,2026-09-01,False
2026-08-02,1,BOM-DEL,BOM,DEL,T+30,30,IndiGo,4536.52,5534,2026-09-01,False
2026-08-02,1,BOM-DEL,BOM,DEL,T+30,30,Akasa Air,4447.77,5426,2026-09-01,False
2026-08-02,1,BOM-DEL,BOM,DEL,T+30,30,IndiGo,4270.46,5209,2026-09-01,False
2026-08-02,1,BOM-DEL,BOM,DEL,T+45,45,Air India,4616.81,5632,2026-09-16,False
2026-08-02,1,BOM-DEL,BOM,DEL,T+45,45,IndiGo,3896.56,4753,2026-09-16,False
2026-08-02,1,BOM-DEL,BOM,DEL,T+45,45,IndiGo,3871.82,4723,2026-09-16,False
2026-08-02,1,BOM-DEL,BOM,DEL,T+45,45,Air India,4960.15,6051,2026-09-16,False
2026-08-02,1,BOM-DEL,BOM,DEL,T+45,45,IndiGo,4018.6,4902,2026-09-16,False
2026-08-02,1,DEL-BLR,DEL,BLR,T+1,1,IndiGo,11362.69,13862,2026-08-03,False
2026-08-02,1,DEL-BLR,DEL,BLR,T+1,1,Air India,14464.71,17646,2026-08-03,False
2026-08-02,1,DEL-BLR,DEL,BLR,T+1,1,IndiGo,12770.23,15579,2026-08-03,False
2026-08-02,1,DEL-BLR,DEL,BLR,T+1,1,IndiGo,12316.85,15026,2026-08-03,False
2026-08-02,1,DEL-BLR,DEL,BLR,T+1,1,SpiceJet,10662.77,13008,2026-08-03,False
2026-08-02,1,DEL-BLR,DEL,BLR,T+7,7,SpiceJet,7834.71,9558,2026-08-09,False
2026-08-02,1,DEL-BLR,DEL,BLR,T+7,7,IndiGo,8785.57,10718,2026-08-09,False
2026-08-02,1,DEL-BLR,DEL,BLR,T+7,7,IndiGo,8204.18,10009,2026-08-09,False
2026-08-02,1,DEL-BLR,DEL,BLR,T+7,7,IndiGo,8543.22,10422,2026-08-09,False
2026-08-02,1,DEL-BLR,DEL,BLR,T+7,7,Akasa Air,8367.77,10208,2026-08-09,False
2026-08-02,1,DEL-BLR,DEL,BLR,T+15,15,Air India,7301.44,8907,2026-08-17,False
2026-08-02,1,DEL-BLR,DEL,BLR,T+15,15,Air India,7530.54,9187,2026-08-17,False
2026-08-02,1,DEL-BLR,DEL,BLR,T+15,15,IndiGo,5674.71,6923,2026-08-17,False
2026-08-02,1,DEL-BLR,DEL,BLR,T+15,15,IndiGo,6171.36,7529,2026-08-17,False
2026-08-02,1,DEL-BLR,DEL,BLR,T+15,15,Air India,7479.56,9125,2026-08-17,False
2026-08-02,1,DEL-BLR,DEL,BLR,T+30,30,Air India,6185.74,7546,2026-09-01,False
2026-08-02,1,DEL-BLR,DEL,BLR,T+30,30,IndiGo,5799.91,7075,2026-09-01,False
2026-08-02,1,DEL-BLR,DEL,BLR,T+30,30,Akasa Air,5047.24,6157,2026-09-01,False
2026-08-02,1,DEL-BLR,DEL,BLR,T+30,30,IndiGo,5401.94,6590,2026-09-01,False
2026-08-02,1,DEL-BLR,DEL,BLR,T+30,30,IndiGo,5511.55,6724,2026-09-01,False
2026-08-02,1,DEL-BLR,DEL,BLR,T+45,45,Air India,6039.57,7368,2026-09-16,False
2026-08-02,1,DEL-BLR,DEL,BLR,T+45,45,IndiGo,4631.75,5650,2026-09-16,False
2026-08-02,1,DEL-BLR,DEL,BLR,T+45,45,Air India,5983.6,7299,2026-09-16,False
2026-08-02,1,DEL-BLR,DEL,BLR,T+45,45,Akasa Air,4724.52,5763,2026-09-16,False
2026-08-02,1,DEL-BLR,DEL,BLR,T+45,45,IndiGo,4709.3,5745,2026-09-16,False
2026-08-02,1,BOM-BLR,BOM,BLR,T+1,1,IndiGo,7738.46,9440,2026-08-03,False
2026-08-02,1,BOM-BLR,BOM,BLR,T+1,1,IndiGo,7668.35,9355,2026-08-03,False
2026-08-02,1,BOM-BLR,BOM,BLR,T+1,1,IndiGo,7455.32,9095,2026-08-03,False
2026-08-02,1,BOM-BLR,BOM,BLR,T+1,1,IndiGo,7633.9,9313,2026-08-03,False
2026-08-02,1,BOM-BLR,BOM,BLR,T+1,1,IndiGo,7512.6,9165,2026-08-03,False
2026-08-02,1,BOM-BLR,BOM,BLR,T+7,7,Air India,6378.93,7782,2026-08-09,False
2026-08-02,1,BOM-BLR,BOM,BLR,T+7,7,IndiGo,5514.18,6727,2026-08-09,False
2026-08-02,1,BOM-BLR,BOM,BLR,T+7,7,IndiGo,5688.45,6939,2026-08-09,False
2026-08-02,1,BOM-BLR,BOM,BLR,T+7,7,IndiGo,5155.8,6290,2026-08-09,False
2026-08-02,1,BOM-BLR,BOM,BLR,T+7,7,IndiGo,5791.63,7065,2026-08-09,False
2026-08-02,1,BOM-BLR,BOM,BLR,T+15,15,Air India,4504.03,5494,2026-08-17,False
2026-08-02,1,BOM-BLR,BOM,BLR,T+15,15,Air India,4808.64,5866,2026-08-17,False
2026-08-02,1,BOM-BLR,BOM,BLR,T+15,15,IndiGo,4184.98,5105,2026-08-17,False
2026-08-02,1,BOM-BLR,BOM,BLR,T+15,15,IndiGo,4140.87,5051,2026-08-17,False
2026-08-02,1,BOM-BLR,BOM,BLR,T+15,15,IndiGo,4011.18,4893,2026-08-17,False
2026-08-02,1,BOM-BLR,BOM,BLR,T+30,30,IndiGo,3489.15,4256,2026-09-01,False
2026-08-02,1,BOM-BLR,BOM,BLR,T+30,30,Air India,4072.21,4968,2026-09-01,False
2026-08-02,1,BOM-BLR,BOM,BLR,T+30,30,IndiGo,3442.25,4199,2026-09-01,False
2026-08-02,1,BOM-BLR,BOM,BLR,T+30,30,IndiGo,3619.27,4415,2026-09-01,False
2026-08-02,1,BOM-BLR,BOM,BLR,T+30,30,Air India,4195.49,5118,2026-09-01,False
2026-08-02,1,BOM-BLR,BOM,BLR,T+45,45,IndiGo,3048.46,3719,2026-09-16,False
2026-08-02,1,BOM-BLR,BOM,BLR,T+45,45,IndiGo,3222.59,3931,2026-09-16,False
2026-08-02,1,BOM-BLR,BOM,BLR,T+45,45,IndiGo,3157.83,3852,2026-09-16,False
2026-08-02,1,BOM-BLR,BOM,BLR,T+45,45,IndiGo,3213.11,3919,2026-09-16,False
2026-08-02,1,BOM-BLR,BOM,BLR,T+45,45,Air India,3764.46,4592,2026-09-16,False
2026-08-02,1,DEL-CCU,DEL,CCU,T+1,1,Air India,12332.13,15045,2026-08-03,False
2026-08-02,1,DEL-CCU,DEL,CCU,T+1,1,IndiGo,10561.64,12885,2026-08-03,False
2026-08-02,1,DEL-CCU,DEL,CCU,T+1,1,Air India,13032.82,15900,2026-08-03,False
2026-08-02,1,DEL-CCU,DEL,CCU,T+1,1,IndiGo,11003.0,13423,2026-08-03,False
2026-08-02,1,DEL-CCU,DEL,CCU,T+1,1,IndiGo,10764.98,13133,2026-08-03,False
2026-08-02,1,DEL-CCU,DEL,CCU,T+7,7,IndiGo,7655.18,9339,2026-08-09,False
2026-08-02,1,DEL-CCU,DEL,CCU,T+7,7,IndiGo,7964.8,9717,2026-08-09,False
2026-08-02,1,DEL-CCU,DEL,CCU,T+7,7,Air India,8802.04,10738,2026-08-09,False
2026-08-02,1,DEL-CCU,DEL,CCU,T+7,7,Air India,9160.25,11175,2026-08-09,False
2026-08-02,1,DEL-CCU,DEL,CCU,T+7,7,Air India,8924.53,10887,2026-08-09,False
2026-08-02,1,DEL-CCU,DEL,CCU,T+15,15,Air India,6786.7,8279,2026-08-17,False
2026-08-02,1,DEL-CCU,DEL,CCU,T+15,15,IndiGo,6023.85,7349,2026-08-17,False
2026-08-02,1,DEL-CCU,DEL,CCU,T+15,15,IndiGo,5968.35,7281,2026-08-17,False
2026-08-02,1,DEL-CCU,DEL,CCU,T+15,15,IndiGo,5965.93,7278,2026-08-17,False
2026-08-02,1,DEL-CCU,DEL,CCU,T+15,15,Air India,7151.28,8724,2026-08-17,False
2026-08-02,1,DEL-CCU,DEL,CCU,T+30,30,Air India,5866.14,7156,2026-09-01,False
2026-08-02,1,DEL-CCU,DEL,CCU,T+30,30,IndiGo,5090.76,6210,2026-09-01,False
2026-08-02,1,DEL-CCU,DEL,CCU,T+30,30,IndiGo,4918.09,6000,2026-09-01,False
2026-08-02,1,DEL-CCU,DEL,CCU,T+30,30,IndiGo,5028.5,6134,2026-09-01,False
2026-08-02,1,DEL-CCU,DEL,CCU,T+30,30,Air India,5835.13,7118,2026-09-01,False
2026-08-02,1,DEL-CCU,DEL,CCU,T+45,45,Air India,5228.21,6378,2026-09-16,False
2026-08-02,1,DEL-CCU,DEL,CCU,T+45,45,Akasa Air,4369.22,5330,2026-09-16,False
2026-08-02,1,DEL-CCU,DEL,CCU,T+45,45,Air India,5061.3,6174,2026-09-16,False
2026-08-02,1,DEL-CCU,DEL,CCU,T+45,45,Air India,5592.1,6822,2026-09-16,False
2026-08-02,1,DEL-CCU,DEL,CCU,T+45,45,IndiGo,4264.02,5202,2026-09-16,False
2026-08-02,1,BLR-HYD,BLR,HYD,T+1,1,Air India,6709.46,8185,2026-08-03,False
2026-08-02,1,BLR-HYD,BLR,HYD,T+1,1,IndiGo,6184.57,7545,2026-08-03,False
2026-08-02,1,BLR-HYD,BLR,HYD,T+1,1,Air India,7201.4,8785,2026-08-03,False
2026-08-02,1,BLR-HYD,BLR,HYD,T+1,1,Air India,7160.31,8735,2026-08-03,False
2026-08-02,1,BLR-HYD,BLR,HYD,T+1,1,Air India,7161.35,8736,2026-08-03,False
2026-08-02,1,BLR-HYD,BLR,HYD,T+7,7,Air India,4956.85,6047,2026-08-09,False
2026-08-02,1,BLR-HYD,BLR,HYD,T+7,7,IndiGo,4074.18,4970,2026-08-09,False
2026-08-02,1,BLR-HYD,BLR,HYD,T+7,7,Air India,4972.13,6065,2026-08-09,False
2026-08-02,1,BLR-HYD,BLR,HYD,T+7,7,IndiGo,4106.58,5010,2026-08-09,False
2026-08-02,1,BLR-HYD,BLR,HYD,T+7,7,Air India,5128.22,6256,2026-08-09,False
2026-08-02,1,BLR-HYD,BLR,HYD,T+15,15,Air India,3753.71,4579,2026-08-17,False
2026-08-02,1,BLR-HYD,BLR,HYD,T+15,15,IndiGo,3107.96,3791,2026-08-17,False
2026-08-02,1,BLR-HYD,BLR,HYD,T+15,15,Air India,3730.69,4551,2026-08-17,False
2026-08-02,1,BLR-HYD,BLR,HYD,T+15,15,IndiGo,3246.68,3960,2026-08-17,False
2026-08-02,1,BLR-HYD,BLR,HYD,T+15,15,IndiGo,3137.28,3827,2026-08-17,False
2026-08-02,1,BLR-HYD,BLR,HYD,T+30,30,Air India,3141.04,3832,2026-09-01,False
2026-08-02,1,BLR-HYD,BLR,HYD,T+30,30,IndiGo,2766.62,3375,2026-09-01,False
2026-08-02,1,BLR-HYD,BLR,HYD,T+30,30,IndiGo,2766.74,3375,2026-09-01,False
2026-08-02,1,BLR-HYD,BLR,HYD,T+30,30,IndiGo,2694.55,3287,2026-09-01,False
2026-08-02,1,BLR-HYD,BLR,HYD,T+30,30,IndiGo,2698.0,3291,2026-09-01,False
2026-08-02,1,BLR-HYD,BLR,HYD,T+45,45,Air India,2898.12,3535,2026-09-16,False
2026-08-02,1,BLR-HYD,BLR,HYD,T+45,45,Akasa Air,2241.73,2734,2026-09-16,False
2026-08-02,1,BLR-HYD,BLR,HYD,T+45,45,IndiGo,2318.3,2828,2026-09-16,False
2026-08-02,1,BLR-HYD,BLR,HYD,T+45,45,IndiGo,2377.1,2900,2026-09-16,False
2026-08-02,1,BLR-HYD,BLR,HYD,T+45,45,IndiGo,2420.2,2952,2026-09-16,False
2026-08-02,1,MAA-DEL,MAA,DEL,T+1,1,Akasa Air,11091.68,13531,2026-08-03,False
2026-08-02,1,MAA-DEL,MAA,DEL,T+1,1,IndiGo,11915.13,14536,2026-08-03,False
2026-08-02,1,MAA-DEL,MAA,DEL,T+1,1,Akasa Air,11301.65,13788,2026-08-03,False
2026-08-02,1,MAA-DEL,MAA,DEL,T+1,1,IndiGo,11266.65,13745,2026-08-03,False
2026-08-02,1,MAA-DEL,MAA,DEL,T+1,1,Akasa Air,10964.98,13377,2026-08-03,False
2026-08-02,1,MAA-DEL,MAA,DEL,T+7,7,IndiGo,7736.86,9438,2026-08-09,False
2026-08-02,1,MAA-DEL,MAA,DEL,T+7,7,Akasa Air,7759.97,9467,2026-08-09,False
2026-08-02,1,MAA-DEL,MAA,DEL,T+7,7,IndiGo,7937.2,9683,2026-08-09,False
2026-08-02,1,MAA-DEL,MAA,DEL,T+7,7,IndiGo,8108.77,9892,2026-08-09,False
2026-08-02,1,MAA-DEL,MAA,DEL,T+7,7,IndiGo,7786.06,9498,2026-08-09,False
2026-08-02,1,MAA-DEL,MAA,DEL,T+15,15,Air India,7323.27,8934,2026-08-17,False
2026-08-02,1,MAA-DEL,MAA,DEL,T+15,15,IndiGo,6428.09,7842,2026-08-17,False
2026-08-02,1,MAA-DEL,MAA,DEL,T+15,15,IndiGo,6077.59,7414,2026-08-17,False
2026-08-02,1,MAA-DEL,MAA,DEL,T+15,15,IndiGo,6186.59,7547,2026-08-17,False
2026-08-02,1,MAA-DEL,MAA,DEL,T+15,15,IndiGo,6248.18,7622,2026-08-17,False
2026-08-02,1,MAA-DEL,MAA,DEL,T+30,30,IndiGo,5155.83,6290,2026-09-01,False
2026-08-02,1,MAA-DEL,MAA,DEL,T+30,30,IndiGo,5270.28,6429,2026-09-01,False
2026-08-02,1,MAA-DEL,MAA,DEL,T+30,30,Air India,6167.75,7524,2026-09-01,False
2026-08-02,1,MAA-DEL,MAA,DEL,T+30,30,IndiGo,5247.14,6401,2026-09-01,False
2026-08-02,1,MAA-DEL,MAA,DEL,T+30,30,Air India,5998.23,7317,2026-09-01,False
2026-08-02,1,MAA-DEL,MAA,DEL,T+45,45,IndiGo,4652.22,5675,2026-09-16,False
2026-08-02,1,MAA-DEL,MAA,DEL,T+45,45,Air India,5575.54,6802,2026-09-16,False
2026-08-02,1,MAA-DEL,MAA,DEL,T+45,45,Air India,5758.36,7025,2026-09-16,False
2026-08-02,1,MAA-DEL,MAA,DEL,T+45,45,Air India,5664.01,6910,2026-09-16,False
2026-08-02,1,MAA-DEL,MAA,DEL,T+45,45,IndiGo,4998.53,6098,2026-09-16,False
2026-08-02,1,DEL-PNQ,DEL,PNQ,T+1,1,IndiGo,8676.02,10584,2026-08-03,False
2026-08-02,1,DEL-PNQ,DEL,PNQ,T+1,1,Air India,10831.78,13214,2026-08-03,False
2026-08-02,1,DEL-PNQ,DEL,PNQ,T+1,1,IndiGo,8972.68,10946,2026-08-03,False
2026-08-02,1,DEL-PNQ,DEL,PNQ,T+1,1,IndiGo,9598.78,11710,2026-08-03,False
2026-08-02,1,DEL-PNQ,DEL,PNQ,T+1,1,Air India,10213.51,12460,2026-08-03,False
2026-08-02,1,DEL-PNQ,DEL,PNQ,T+7,7,Air India,7219.84,8808,2026-08-09,False
2026-08-02,1,DEL-PNQ,DEL,PNQ,T+7,7,IndiGo,6177.05,7536,2026-08-09,False
2026-08-02,1,DEL-PNQ,DEL,PNQ,T+7,7,IndiGo,5840.39,7125,2026-08-09,False
2026-08-02,1,DEL-PNQ,DEL,PNQ,T+7,7,IndiGo,6193.31,7555,2026-08-09,False
2026-08-02,1,DEL-PNQ,DEL,PNQ,T+7,7,IndiGo,6141.77,7492,2026-08-09,False
2026-08-02,1,DEL-PNQ,DEL,PNQ,T+15,15,IndiGo,4825.91,5887,2026-08-17,False
2026-08-02,1,DEL-PNQ,DEL,PNQ,T+15,15,IndiGo,4858.06,5926,2026-08-17,False
2026-08-02,1,DEL-PNQ,DEL,PNQ,T+15,15,IndiGo,5115.88,6241,2026-08-17,False
2026-08-02,1,DEL-PNQ,DEL,PNQ,T+15,15,Akasa Air,4803.69,5860,2026-08-17,False
2026-08-02,1,DEL-PNQ,DEL,PNQ,T+15,15,Air India,5545.42,6765,2026-08-17,False
2026-08-02,1,DEL-PNQ,DEL,PNQ,T+30,30,Air India,4698.63,5732,2026-09-01,False
2026-08-02,1,DEL-PNQ,DEL,PNQ,T+30,30,IndiGo,4185.68,5106,2026-09-01,False
2026-08-02,1,DEL-PNQ,DEL,PNQ,T+30,30,IndiGo,3924.69,4788,2026-09-01,False
2026-08-02,1,DEL-PNQ,DEL,PNQ,T+30,30,IndiGo,4378.6,5341,2026-09-01,False
2026-08-02,1,DEL-PNQ,DEL,PNQ,T+30,30,IndiGo,4284.69,5227,2026-09-01,False
2026-08-02,1,DEL-PNQ,DEL,PNQ,T+45,45,IndiGo,3597.57,4389,2026-09-16,False
2026-08-02,1,DEL-PNQ,DEL,PNQ,T+45,45,IndiGo,3438.32,4194,2026-09-16,False
2026-08-02,1,DEL-PNQ,DEL,PNQ,T+45,45,IndiGo,3830.95,4673,2026-09-16,False
2026-08-02,1,DEL-PNQ,DEL,PNQ,T+45,45,IndiGo,3642.97,4444,2026-09-16,False
2026-08-02,1,DEL-PNQ,DEL,PNQ,T+45,45,IndiGo,3816.09,4655,2026-09-16,False
2026-08-03,2,DEL-BOM,DEL,BOM,T+1,1,IndiGo,9142.87,11154,2026-08-04,False
2026-08-03,2,DEL-BOM,DEL,BOM,T+1,1,IndiGo,9480.1,11565,2026-08-04,False
2026-08-03,2,DEL-BOM,DEL,BOM,T+1,1,IndiGo,9685.02,11815,2026-08-04,False
2026-08-03,2,DEL-BOM,DEL,BOM,T+1,1,Air India,11434.8,13950,2026-08-04,False
2026-08-03,2,DEL-BOM,DEL,BOM,T+1,1,Air India,11236.2,13708,2026-08-04,False
2026-08-03,2,DEL-BOM,DEL,BOM,T+7,7,IndiGo,7002.14,8542,2026-08-10,False
2026-08-03,2,DEL-BOM,DEL,BOM,T+7,7,IndiGo,6596.69,8047,2026-08-10,False
2026-08-03,2,DEL-BOM,DEL,BOM,T+7,7,IndiGo,6818.6,8318,2026-08-10,False
2026-08-03,2,DEL-BOM,DEL,BOM,T+7,7,IndiGo,6881.61,8395,2026-08-10,False
2026-08-03,2,DEL-BOM,DEL,BOM,T+7,7,IndiGo,6976.14,8510,2026-08-10,False
2026-08-03,2,DEL-BOM,DEL,BOM,T+15,15,Air India,6300.2,7686,2026-08-18,False
2026-08-03,2,DEL-BOM,DEL,BOM,T+15,15,Air India,5905.13,7204,2026-08-18,False
2026-08-03,2,DEL-BOM,DEL,BOM,T+15,15,Air India,5817.03,7096,2026-08-18,False
2026-08-03,2,DEL-BOM,DEL,BOM,T+15,15,IndiGo,5447.22,6645,2026-08-18,False
2026-08-03,2,DEL-BOM,DEL,BOM,T+15,15,IndiGo,5274.7,6435,2026-08-18,False
2026-08-03,2,DEL-BOM,DEL,BOM,T+30,30,IndiGo,4352.11,5309,2026-09-02,False
2026-08-03,2,DEL-BOM,DEL,BOM,T+30,30,IndiGo,4711.82,5748,2026-09-02,False
2026-08-03,2,DEL-BOM,DEL,BOM,T+30,30,IndiGo,4487.28,5474,2026-09-02,False
2026-08-03,2,DEL-BOM,DEL,BOM,T+30,30,Air India,5486.41,6693,2026-09-02,False
2026-08-03,2,DEL-BOM,DEL,BOM,T+30,30,IndiGo,4479.75,5465,2026-09-02,False
2026-08-03,2,DEL-BOM,DEL,BOM,T+45,45,IndiGo,4259.14,5196,2026-09-17,False
2026-08-03,2,DEL-BOM,DEL,BOM,T+45,45,IndiGo,4216.68,5144,2026-09-17,False
2026-08-03,2,DEL-BOM,DEL,BOM,T+45,45,IndiGo,3937.99,4804,2026-09-17,False
2026-08-03,2,DEL-BOM,DEL,BOM,T+45,45,Air India,4842.76,5908,2026-09-17,False
2026-08-03,2,DEL-BOM,DEL,BOM,T+45,45,IndiGo,4062.35,4956,2026-09-17,False
2026-08-03,2,BOM-DEL,BOM,DEL,T+1,1,IndiGo,10147.09,12379,2026-08-04,False
2026-08-03,2,BOM-DEL,BOM,DEL,T+1,1,IndiGo,9356.21,11414,2026-08-04,False
2026-08-03,2,BOM-DEL,BOM,DEL,T+1,1,IndiGo,9915.75,12097,2026-08-04,False
2026-08-03,2,BOM-DEL,BOM,DEL,T+1,1,Air India,11838.93,14443,2026-08-04,False
2026-08-03,2,BOM-DEL,BOM,DEL,T+1,1,Air India,10713.31,13070,2026-08-04,False
2026-08-03,2,BOM-DEL,BOM,DEL,T+7,7,IndiGo,6568.95,8014,2026-08-10,False
2026-08-03,2,BOM-DEL,BOM,DEL,T+7,7,IndiGo,6363.65,7763,2026-08-10,False
2026-08-03,2,BOM-DEL,BOM,DEL,T+7,7,IndiGo,6788.14,8281,2026-08-10,False
2026-08-03,2,BOM-DEL,BOM,DEL,T+7,7,Akasa Air,6803.02,8299,2026-08-10,False
2026-08-03,2,BOM-DEL,BOM,DEL,T+7,7,IndiGo,7213.09,8799,2026-08-10,False
2026-08-03,2,BOM-DEL,BOM,DEL,T+15,15,IndiGo,5227.57,6377,2026-08-18,False
2026-08-03,2,BOM-DEL,BOM,DEL,T+15,15,IndiGo,5511.26,6723,2026-08-18,False
2026-08-03,2,BOM-DEL,BOM,DEL,T+15,15,Air India,5850.17,7137,2026-08-18,False
2026-08-03,2,BOM-DEL,BOM,DEL,T+15,15,IndiGo,4903.2,5981,2026-08-18,False
2026-08-03,2,BOM-DEL,BOM,DEL,T+15,15,Air India,6135.14,7484,2026-08-18,False
2026-08-03,2,BOM-DEL,BOM,DEL,T+30,30,Air India,5339.76,6514,2026-09-02,False
2026-08-03,2,BOM-DEL,BOM,DEL,T+30,30,SpiceJet,4229.12,5159,2026-09-02,False
2026-08-03,2,BOM-DEL,BOM,DEL,T+30,30,IndiGo,4145.79,5057,2026-09-02,False
2026-08-03,2,BOM-DEL,BOM,DEL,T+30,30,Akasa Air,4314.56,5263,2026-09-02,False
2026-08-03,2,BOM-DEL,BOM,DEL,T+30,30,Air India,5028.38,6134,2026-09-02,False
2026-08-03,2,BOM-DEL,BOM,DEL,T+45,45,IndiGo,4065.72,4960,2026-09-17,False
2026-08-03,2,BOM-DEL,BOM,DEL,T+45,45,Air India,4743.59,5787,2026-09-17,False
2026-08-03,2,BOM-DEL,BOM,DEL,T+45,45,IndiGo,3841.93,4687,2026-09-17,False
2026-08-03,2,BOM-DEL,BOM,DEL,T+45,45,Air India,4599.27,5611,2026-09-17,False
2026-08-03,2,BOM-DEL,BOM,DEL,T+45,45,IndiGo,3825.34,4666,2026-09-17,False
2026-08-03,2,DEL-BLR,DEL,BLR,T+1,1,Air India,14019.67,17103,2026-08-04,False
2026-08-03,2,DEL-BLR,DEL,BLR,T+1,1,Air India,14520.21,17714,2026-08-04,False
2026-08-03,2,DEL-BLR,DEL,BLR,T+1,1,IndiGo,11506.66,14038,2026-08-04,False
2026-08-03,2,DEL-BLR,DEL,BLR,T+1,1,IndiGo,12128.08,14796,2026-08-04,False
2026-08-03,2,DEL-BLR,DEL,BLR,T+1,1,IndiGo,11696.65,14269,2026-08-04,False
2026-08-03,2,DEL-BLR,DEL,BLR,T+7,7,IndiGo,8200.11,10004,2026-08-10,False
2026-08-03,2,DEL-BLR,DEL,BLR,T+7,7,Air India,9906.18,12085,2026-08-10,False
2026-08-03,2,DEL-BLR,DEL,BLR,T+7,7,IndiGo,8128.56,9916,2026-08-10,False
2026-08-03,2,DEL-BLR,DEL,BLR,T+7,7,IndiGo,8270.72,10090,2026-08-10,False
2026-08-03,2,DEL-BLR,DEL,BLR,T+7,7,IndiGo,8080.55,9858,2026-08-10,False
2026-08-03,2,DEL-BLR,DEL,BLR,T+15,15,IndiGo,6858.58,8367,2026-08-18,False
2026-08-03,2,DEL-BLR,DEL,BLR,T+15,15,IndiGo,6425.22,7838,2026-08-18,False
2026-08-03,2,DEL-BLR,DEL,BLR,T+15,15,IndiGo,6260.13,7637,2026-08-18,False
2026-08-03,2,DEL-BLR,DEL,BLR,T+15,15,IndiGo,6465.36,7887,2026-08-18,False
2026-08-03,2,DEL-BLR,DEL,BLR,T+15,15,IndiGo,6392.07,7798,2026-08-18,False
2026-08-03,2,DEL-BLR,DEL,BLR,T+30,30,IndiGo,5458.0,6658,2026-09-02,False
2026-08-03,2,DEL-BLR,DEL,BLR,T+30,30,IndiGo,5618.78,6854,2026-09-02,False
2026-08-03,2,DEL-BLR,DEL,BLR,T+30,30,Air India,6656.78,8121,2026-09-02,False
2026-08-03,2,DEL-BLR,DEL,BLR,T+30,30,Air India,6364.44,7764,2026-09-02,False
2026-08-03,2,DEL-BLR,DEL,BLR,T+30,30,IndiGo,5389.68,6575,2026-09-02,False
2026-08-03,2,DEL-BLR,DEL,BLR,T+45,45,IndiGo,4842.3,5907,2026-09-17,False
2026-08-03,2,DEL-BLR,DEL,BLR,T+45,45,IndiGo,4495.44,5484,2026-09-17,False
2026-08-03,2,DEL-BLR,DEL,BLR,T+45,45,IndiGo,4630.08,5648,2026-09-17,False
2026-08-03,2,DEL-BLR,DEL,BLR,T+45,45,IndiGo,5123.28,6250,2026-09-17,False
2026-08-03,2,DEL-BLR,DEL,BLR,T+45,45,IndiGo,5170.87,6308,2026-09-17,False
2026-08-03,2,BOM-BLR,BOM,BLR,T+1,1,Air India,8922.64,10885,2026-08-04,False
2026-08-03,2,BOM-BLR,BOM,BLR,T+1,1,IndiGo,7788.93,9502,2026-08-04,False
2026-08-03,2,BOM-BLR,BOM,BLR,T+1,1,Air India,9099.16,11100,2026-08-04,False
2026-08-03,2,BOM-BLR,BOM,BLR,T+1,1,Air India,9971.07,12164,2026-08-04,False
2026-08-03,2,BOM-BLR,BOM,BLR,T+1,1,Air India,9353.81,11411,2026-08-04,False
2026-08-03,2,BOM-BLR,BOM,BLR,T+7,7,IndiGo,5378.94,6562,2026-08-10,False
2026-08-03,2,BOM-BLR,BOM,BLR,T+7,7,IndiGo,5222.43,6371,2026-08-10,False
2026-08-03,2,BOM-BLR,BOM,BLR,T+7,7,IndiGo,5099.34,6221,2026-08-10,False
2026-08-03,2,BOM-BLR,BOM,BLR,T+7,7,Air India,6415.37,7826,2026-08-10,False
2026-08-03,2,BOM-BLR,BOM,BLR,T+7,7,Air India,6201.38,7565,2026-08-10,False
2026-08-03,2,BOM-BLR,BOM,BLR,T+15,15,Akasa Air,3783.07,4615,2026-08-18,False
2026-08-03,2,BOM-BLR,BOM,BLR,T+15,15,IndiGo,4018.05,4902,2026-08-18,False
2026-08-03,2,BOM-BLR,BOM,BLR,T+15,15,Air India,4663.28,5689,2026-08-18,False
2026-08-03,2,BOM-BLR,BOM,BLR,T+15,15,IndiGo,4353.84,5311,2026-08-18,False
2026-08-03,2,BOM-BLR,BOM,BLR,T+15,15,IndiGo,4237.94,5170,2026-08-18,False
2026-08-03,2,BOM-BLR,BOM,BLR,T+30,30,IndiGo,3522.8,4297,2026-09-02,False
2026-08-03,2,BOM-BLR,BOM,BLR,T+30,30,IndiGo,3706.31,4521,2026-09-02,False
2026-08-03,2,BOM-BLR,BOM,BLR,T+30,30,IndiGo,3533.32,4310,2026-09-02,False
2026-08-03,2,BOM-BLR,BOM,BLR,T+30,30,IndiGo,3417.56,4169,2026-09-02,False
2026-08-03,2,BOM-BLR,BOM,BLR,T+30,30,IndiGo,3711.63,4528,2026-09-02,False
2026-08-03,2,BOM-BLR,BOM,BLR,T+45,45,Air India,3762.41,4590,2026-09-17,False
2026-08-03,2,BOM-BLR,BOM,BLR,T+45,45,IndiGo,3018.54,3682,2026-09-17,False
2026-08-03,2,BOM-BLR,BOM,BLR,T+45,45,IndiGo,3111.38,3795,2026-09-17,False
2026-08-03,2,BOM-BLR,BOM,BLR,T+45,45,IndiGo,3036.26,3704,2026-09-17,False
2026-08-03,2,BOM-BLR,BOM,BLR,T+45,45,IndiGo,2980.66,3636,2026-09-17,False
2026-08-03,2,DEL-CCU,DEL,CCU,T+1,1,IndiGo,11150.65,13603,2026-08-04,False
2026-08-03,2,DEL-CCU,DEL,CCU,T+1,1,IndiGo,11522.33,14057,2026-08-04,False
2026-08-03,2,DEL-CCU,DEL,CCU,T+1,1,IndiGo,10271.85,12531,2026-08-04,False
2026-08-03,2,DEL-CCU,DEL,CCU,T+1,1,IndiGo,11013.35,13436,2026-08-04,False
2026-08-03,2,DEL-CCU,DEL,CCU,T+1,1,IndiGo,10554.58,12876,2026-08-04,False
2026-08-03,2,DEL-CCU,DEL,CCU,T+7,7,IndiGo,7513.14,9166,2026-08-10,False
2026-08-03,2,DEL-CCU,DEL,CCU,T+7,7,IndiGo,7484.98,9131,2026-08-10,False
2026-08-03,2,DEL-CCU,DEL,CCU,T+7,7,IndiGo,7412.32,9043,2026-08-10,False
2026-08-03,2,DEL-CCU,DEL,CCU,T+7,7,IndiGo,7656.44,9340,2026-08-10,False
2026-08-03,2,DEL-CCU,DEL,CCU,T+7,7,IndiGo,7421.16,9053,2026-08-10,False
2026-08-03,2,DEL-CCU,DEL,CCU,T+15,15,IndiGo,5870.72,7162,2026-08-18,False
2026-08-03,2,DEL-CCU,DEL,CCU,T+15,15,IndiGo,5805.45,7082,2026-08-18,False
2026-08-03,2,DEL-CCU,DEL,CCU,T+15,15,Air India,6799.03,8294,2026-08-18,False
2026-08-03,2,DEL-CCU,DEL,CCU,T+15,15,IndiGo,5630.94,6869,2026-08-18,False
2026-08-03,2,DEL-CCU,DEL,CCU,T+15,15,Air India,6717.96,8195,2026-08-18,False
2026-08-03,2,DEL-CCU,DEL,CCU,T+30,30,Air India,6032.27,7359,2026-09-02,False
2026-08-03,2,DEL-CCU,DEL,CCU,T+30,30,IndiGo,5072.26,6188,2026-09-02,False
2026-08-03,2,DEL-CCU,DEL,CCU,T+30,30,IndiGo,4814.31,5873,2026-09-02,False
2026-08-03,2,DEL-CCU,DEL,CCU,T+30,30,IndiGo,5002.19,6102,2026-09-02,False
2026-08-03,2,DEL-CCU,DEL,CCU,T+30,30,IndiGo,5115.96,6241,2026-09-02,False
2026-08-03,2,DEL-CCU,DEL,CCU,T+45,45,SpiceJet,3952.51,4822,2026-09-17,False
2026-08-03,2,DEL-CCU,DEL,CCU,T+45,45,IndiGo,4515.26,5508,2026-09-17,False
2026-08-03,2,DEL-CCU,DEL,CCU,T+45,45,IndiGo,4328.23,5280,2026-09-17,False
2026-08-03,2,DEL-CCU,DEL,CCU,T+45,45,Air India,5328.23,6500,2026-09-17,False
2026-08-03,2,DEL-CCU,DEL,CCU,T+45,45,IndiGo,4312.62,5261,2026-09-17,False
2026-08-03,2,BLR-HYD,BLR,HYD,T+1,1,Air India,6581.46,8029,2026-08-04,False
2026-08-03,2,BLR-HYD,BLR,HYD,T+1,1,Akasa Air,5442.02,6639,2026-08-04,False
2026-08-03,2,BLR-HYD,BLR,HYD,T+1,1,IndiGo,5968.95,7282,2026-08-04,False
2026-08-03,2,BLR-HYD,BLR,HYD,T+1,1,IndiGo,6013.08,7335,2026-08-04,False
2026-08-03,2,BLR-HYD,BLR,HYD,T+1,1,IndiGo,5770.31,7039,2026-08-04,False
2026-08-03,2,BLR-HYD,BLR,HYD,T+7,7,IndiGo,4311.33,5259,2026-08-10,False
2026-08-03,2,BLR-HYD,BLR,HYD,T+7,7,Air India,4682.59,5712,2026-08-10,False
2026-08-03,2,BLR-HYD,BLR,HYD,T+7,7,IndiGo,4207.33,5132,2026-08-10,False
2026-08-03,2,BLR-HYD,BLR,HYD,T+7,7,IndiGo,4038.34,4926,2026-08-10,False
2026-08-03,2,BLR-HYD,BLR,HYD,T+7,7,Air India,4858.29,5927,2026-08-10,False
2026-08-03,2,BLR-HYD,BLR,HYD,T+15,15,Air India,3789.1,4622,2026-08-18,False
2026-08-03,2,BLR-HYD,BLR,HYD,T+15,15,IndiGo,3112.02,3796,2026-08-18,False
2026-08-03,2,BLR-HYD,BLR,HYD,T+15,15,IndiGo,3165.46,3861,2026-08-18,False
2026-08-03,2,BLR-HYD,BLR,HYD,T+15,15,Air India,3916.06,4777,2026-08-18,False
2026-08-03,2,BLR-HYD,BLR,HYD,T+15,15,IndiGo,3143.86,3835,2026-08-18,False
2026-08-03,2,BLR-HYD,BLR,HYD,T+30,30,Air India,3337.26,4071,2026-09-02,False
2026-08-03,2,BLR-HYD,BLR,HYD,T+30,30,Akasa Air,2558.11,3120,2026-09-02,False
2026-08-03,2,BLR-HYD,BLR,HYD,T+30,30,IndiGo,2801.27,3417,2026-09-02,False
2026-08-03,2,BLR-HYD,BLR,HYD,T+30,30,IndiGo,2889.03,3524,2026-09-02,False
2026-08-03,2,BLR-HYD,BLR,HYD,T+30,30,IndiGo,2512.35,3065,2026-09-02,False
2026-08-03,2,BLR-HYD,BLR,HYD,T+45,45,Air India,2801.77,3418,2026-09-17,False
2026-08-03,2,BLR-HYD,BLR,HYD,T+45,45,Akasa Air,2415.3,2946,2026-09-17,False
2026-08-03,2,BLR-HYD,BLR,HYD,T+45,45,IndiGo,2427.31,2961,2026-09-17,False
2026-08-03,2,BLR-HYD,BLR,HYD,T+45,45,Air India,2919.59,3561,2026-09-17,False
2026-08-03,2,BLR-HYD,BLR,HYD,T+45,45,IndiGo,2393.0,2919,2026-09-17,False
2026-08-03,2,MAA-DEL,MAA,DEL,T+1,1,Air India,13432.47,16387,2026-08-04,False
2026-08-03,2,MAA-DEL,MAA,DEL,T+1,1,IndiGo,11297.29,13782,2026-08-04,False
2026-08-03,2,MAA-DEL,MAA,DEL,T+1,1,IndiGo,11823.46,14424,2026-08-04,False
2026-08-03,2,MAA-DEL,MAA,DEL,T+1,1,Air India,13511.13,16483,2026-08-04,False
2026-08-03,2,MAA-DEL,MAA,DEL,T+1,1,Air India,13550.12,16531,2026-08-04,False
2026-08-03,2,MAA-DEL,MAA,DEL,T+7,7,IndiGo,7922.92,9665,2026-08-10,False
2026-08-03,2,MAA-DEL,MAA,DEL,T+7,7,IndiGo,7901.62,9639,2026-08-10,False
2026-08-03,2,MAA-DEL,MAA,DEL,T+7,7,Akasa Air,7667.09,9353,2026-08-10,False
2026-08-03,2,MAA-DEL,MAA,DEL,T+7,7,Air India,9608.17,11721,2026-08-10,False
2026-08-03,2,MAA-DEL,MAA,DEL,T+7,7,IndiGo,7920.36,9662,2026-08-10,False
2026-08-03,2,MAA-DEL,MAA,DEL,T+15,15,IndiGo,6178.52,7537,2026-08-18,False
2026-08-03,2,MAA-DEL,MAA,DEL,T+15,15,IndiGo,6560.78,8004,2026-08-18,False
2026-08-03,2,MAA-DEL,MAA,DEL,T+15,15,IndiGo,6302.97,7689,2026-08-18,False
2026-08-03,2,MAA-DEL,MAA,DEL,T+15,15,IndiGo,6046.69,7376,2026-08-18,False
2026-08-03,2,MAA-DEL,MAA,DEL,T+15,15,Air India,7514.18,9167,2026-08-18,False
2026-08-03,2,MAA-DEL,MAA,DEL,T+30,30,Air India,6092.59,7432,2026-09-02,False
2026-08-03,2,MAA-DEL,MAA,DEL,T+30,30,IndiGo,4868.72,5939,2026-09-02,False
2026-08-03,2,MAA-DEL,MAA,DEL,T+30,30,Akasa Air,4898.0,5975,2026-09-02,False
2026-08-03,2,MAA-DEL,MAA,DEL,T+30,30,IndiGo,4899.42,5977,2026-09-02,False
2026-08-03,2,MAA-DEL,MAA,DEL,T+30,30,Air India,6104.83,7447,2026-09-02,False
2026-08-03,2,MAA-DEL,MAA,DEL,T+45,45,Air India,5497.65,6707,2026-09-17,False
2026-08-03,2,MAA-DEL,MAA,DEL,T+45,45,IndiGo,4933.62,6019,2026-09-17,False
2026-08-03,2,MAA-DEL,MAA,DEL,T+45,45,Air India,5556.97,6779,2026-09-17,False
2026-08-03,2,MAA-DEL,MAA,DEL,T+45,45,Akasa Air,4478.41,5463,2026-09-17,False
2026-08-03,2,MAA-DEL,MAA,DEL,T+45,45,IndiGo,4795.46,5850,2026-09-17,False
2026-08-03,2,DEL-PNQ,DEL,PNQ,T+1,1,Air India,9722.35,11861,2026-08-04,False
2026-08-03,2,DEL-PNQ,DEL,PNQ,T+1,1,IndiGo,9012.09,10994,2026-08-04,False
2026-08-03,2,DEL-PNQ,DEL,PNQ,T+1,1,IndiGo,9179.53,11199,2026-08-04,False
2026-08-03,2,DEL-PNQ,DEL,PNQ,T+1,1,IndiGo,8475.81,10340,2026-08-04,False
2026-08-03,2,DEL-PNQ,DEL,PNQ,T+1,1,Air India,10959.72,13370,2026-08-04,False
2026-08-03,2,DEL-PNQ,DEL,PNQ,T+7,7,IndiGo,6400.56,7808,2026-08-10,False
2026-08-03,2,DEL-PNQ,DEL,PNQ,T+7,7,Air India,7349.18,8965,2026-08-10,False
2026-08-03,2,DEL-PNQ,DEL,PNQ,T+7,7,Air India,7622.74,9299,2026-08-10,False
2026-08-03,2,DEL-PNQ,DEL,PNQ,T+7,7,IndiGo,6828.34,8330,2026-08-10,False
2026-08-03,2,DEL-PNQ,DEL,PNQ,T+7,7,Air India,7505.04,9156,2026-08-10,False
2026-08-03,2,DEL-PNQ,DEL,PNQ,T+15,15,IndiGo,4854.78,5922,2026-08-18,False
2026-08-03,2,DEL-PNQ,DEL,PNQ,T+15,15,IndiGo,4735.59,5777,2026-08-18,False
2026-08-03,2,DEL-PNQ,DEL,PNQ,T+15,15,IndiGo,4669.81,5697,2026-08-18,False
2026-08-03,2,DEL-PNQ,DEL,PNQ,T+15,15,IndiGo,4952.84,6042,2026-08-18,False
2026-08-03,2,DEL-PNQ,DEL,PNQ,T+15,15,IndiGo,4668.76,5695,2026-08-18,False
2026-08-03,2,DEL-PNQ,DEL,PNQ,T+30,30,Air India,4875.82,5948,2026-09-02,False
2026-08-03,2,DEL-PNQ,DEL,PNQ,T+30,30,IndiGo,4056.44,4948,2026-09-02,False
2026-08-03,2,DEL-PNQ,DEL,PNQ,T+30,30,IndiGo,4194.56,5117,2026-09-02,False
2026-08-03,2,DEL-PNQ,DEL,PNQ,T+30,30,Air India,4920.43,6002,2026-09-02,False
2026-08-03,2,DEL-PNQ,DEL,PNQ,T+30,30,IndiGo,4275.21,5215,2026-09-02,False
2026-08-03,2,DEL-PNQ,DEL,PNQ,T+45,45,Air India,4246.06,5180,2026-09-17,False
2026-08-03,2,DEL-PNQ,DEL,PNQ,T+45,45,Air India,4282.39,5224,2026-09-17,False
2026-08-03,2,DEL-PNQ,DEL,PNQ,T+45,45,IndiGo,3541.41,4320,2026-09-17,False
2026-08-03,2,DEL-PNQ,DEL,PNQ,T+45,45,IndiGo,3610.0,4404,2026-09-17,False
2026-08-03,2,DEL-PNQ,DEL,PNQ,T+45,45,Akasa Air,3598.12,4389,2026-09-17,False
2026-08-04,3,DEL-BOM,DEL,BOM,T+1,1,IndiGo,9964.04,12156,2026-08-05,False
2026-08-04,3,DEL-BOM,DEL,BOM,T+1,1,Air India,11074.51,13510,2026-08-05,False
2026-08-04,3,DEL-BOM,DEL,BOM,T+1,1,IndiGo,10002.3,12202,2026-08-05,False
2026-08-04,3,DEL-BOM,DEL,BOM,T+1,1,Air India,11986.86,14623,2026-08-05,False
2026-08-04,3,DEL-BOM,DEL,BOM,T+1,1,Air India,11609.47,14163,2026-08-05,False
2026-08-04,3,DEL-BOM,DEL,BOM,T+7,7,IndiGo,7320.71,8931,2026-08-11,False
2026-08-04,3,DEL-BOM,DEL,BOM,T+7,7,IndiGo,6683.43,8153,2026-08-11,False
2026-08-04,3,DEL-BOM,DEL,BOM,T+7,7,Air India,7745.94,9450,2026-08-11,False
2026-08-04,3,DEL-BOM,DEL,BOM,T+7,7,IndiGo,6441.81,7859,2026-08-11,False
2026-08-04,3,DEL-BOM,DEL,BOM,T+7,7,IndiGo,7229.16,8819,2026-08-11,False
2026-08-04,3,DEL-BOM,DEL,BOM,T+15,15,Air India,6303.22,7689,2026-08-19,False
2026-08-04,3,DEL-BOM,DEL,BOM,T+15,15,IndiGo,5216.6,6364,2026-08-19,False
2026-08-04,3,DEL-BOM,DEL,BOM,T+15,15,IndiGo,5277.99,6439,2026-08-19,False
2026-08-04,3,DEL-BOM,DEL,BOM,T+15,15,IndiGo,5020.88,6125,2026-08-19,False
2026-08-04,3,DEL-BOM,DEL,BOM,T+15,15,IndiGo,5674.19,6922,2026-08-19,False
2026-08-04,3,DEL-BOM,DEL,BOM,T+30,30,IndiGo,4500.35,5490,2026-09-03,False
2026-08-04,3,DEL-BOM,DEL,BOM,T+30,30,Air India,5302.01,6468,2026-09-03,False
2026-08-04,3,DEL-BOM,DEL,BOM,T+30,30,IndiGo,4593.89,5604,2026-09-03,False
2026-08-04,3,DEL-BOM,DEL,BOM,T+30,30,Air India,5370.71,6552,2026-09-03,False
2026-08-04,3,DEL-BOM,DEL,BOM,T+30,30,IndiGo,4515.19,5508,2026-09-03,False
2026-08-04,3,DEL-BOM,DEL,BOM,T+45,45,IndiGo,3872.12,4723,2026-09-18,False
2026-08-04,3,DEL-BOM,DEL,BOM,T+45,45,IndiGo,4048.01,4938,2026-09-18,False
2026-08-04,3,DEL-BOM,DEL,BOM,T+45,45,IndiGo,4244.62,5178,2026-09-18,False
2026-08-04,3,DEL-BOM,DEL,BOM,T+45,45,IndiGo,4169.83,5087,2026-09-18,False
2026-08-04,3,DEL-BOM,DEL,BOM,T+45,45,IndiGo,4204.36,5129,2026-09-18,False
2026-08-04,3,BOM-DEL,BOM,DEL,T+1,1,Air India,11239.11,13711,2026-08-05,False
2026-08-04,3,BOM-DEL,BOM,DEL,T+1,1,IndiGo,9370.65,11432,2026-08-05,False
2026-08-04,3,BOM-DEL,BOM,DEL,T+1,1,IndiGo,9664.12,11790,2026-08-05,False
2026-08-04,3,BOM-DEL,BOM,DEL,T+1,1,IndiGo,9725.79,11865,2026-08-05,False
2026-08-04,3,BOM-DEL,BOM,DEL,T+1,1,Air India,11882.14,14496,2026-08-05,False
2026-08-04,3,BOM-DEL,BOM,DEL,T+7,7,Akasa Air,6258.47,7635,2026-08-11,False
2026-08-04,3,BOM-DEL,BOM,DEL,T+7,7,IndiGo,7237.22,8829,2026-08-11,False
2026-08-04,3,BOM-DEL,BOM,DEL,T+7,7,IndiGo,6831.48,8334,2026-08-11,False
2026-08-04,3,BOM-DEL,BOM,DEL,T+7,7,IndiGo,6766.83,8255,2026-08-11,False
2026-08-04,3,BOM-DEL,BOM,DEL,T+7,7,IndiGo,6626.13,8083,2026-08-11,False
2026-08-04,3,BOM-DEL,BOM,DEL,T+15,15,IndiGo,4924.04,6007,2026-08-19,False
2026-08-04,3,BOM-DEL,BOM,DEL,T+15,15,IndiGo,5377.36,6560,2026-08-19,False
2026-08-04,3,BOM-DEL,BOM,DEL,T+15,15,IndiGo,5240.18,6393,2026-08-19,False
2026-08-04,3,BOM-DEL,BOM,DEL,T+15,15,IndiGo,4990.79,6088,2026-08-19,False
2026-08-04,3,BOM-DEL,BOM,DEL,T+15,15,IndiGo,4989.85,6087,2026-08-19,False
2026-08-04,3,BOM-DEL,BOM,DEL,T+30,30,Akasa Air,4287.62,5230,2026-09-03,False
2026-08-04,3,BOM-DEL,BOM,DEL,T+30,30,IndiGo,4741.8,5784,2026-09-03,False
2026-08-04,3,BOM-DEL,BOM,DEL,T+30,30,Air India,5233.8,6385,2026-09-03,False
2026-08-04,3,BOM-DEL,BOM,DEL,T+30,30,IndiGo,4244.39,5178,2026-09-03,False
2026-08-04,3,BOM-DEL,BOM,DEL,T+30,30,Air India,5236.36,6388,2026-09-03,False
2026-08-04,3,BOM-DEL,BOM,DEL,T+45,45,IndiGo,3944.29,4812,2026-09-18,False
2026-08-04,3,BOM-DEL,BOM,DEL,T+45,45,Air India,4251.76,5187,2026-09-18,False
2026-08-04,3,BOM-DEL,BOM,DEL,T+45,45,IndiGo,3974.73,4849,2026-09-18,False
2026-08-04,3,BOM-DEL,BOM,DEL,T+45,45,IndiGo,3950.11,4819,2026-09-18,False
2026-08-04,3,BOM-DEL,BOM,DEL,T+45,45,IndiGo,4079.34,4976,2026-09-18,False
2026-08-04,3,DEL-BLR,DEL,BLR,T+1,1,IndiGo,12720.03,15518,2026-08-05,False
2026-08-04,3,DEL-BLR,DEL,BLR,T+1,1,IndiGo,12417.97,15149,2026-08-05,False
2026-08-04,3,DEL-BLR,DEL,BLR,T+1,1,Akasa Air,11460.75,13982,2026-08-05,False
2026-08-04,3,DEL-BLR,DEL,BLR,T+1,1,IndiGo,11484.22,14010,2026-08-05,False
2026-08-04,3,DEL-BLR,DEL,BLR,T+1,1,Air India,15353.35,18731,2026-08-05,False
2026-08-04,3,DEL-BLR,DEL,BLR,T+7,7,IndiGo,8472.25,10336,2026-08-11,False
2026-08-04,3,DEL-BLR,DEL,BLR,T+7,7,IndiGo,8458.85,10319,2026-08-11,False
2026-08-04,3,DEL-BLR,DEL,BLR,T+7,7,IndiGo,8447.59,10306,2026-08-11,False
2026-08-04,3,DEL-BLR,DEL,BLR,T+7,7,IndiGo,8513.35,10386,2026-08-11,False
2026-08-04,3,DEL-BLR,DEL,BLR,T+7,7,IndiGo,8412.01,10262,2026-08-11,False
2026-08-04,3,DEL-BLR,DEL,BLR,T+15,15,IndiGo,6303.79,7690,2026-08-19,False
2026-08-04,3,DEL-BLR,DEL,BLR,T+15,15,IndiGo,6309.82,7697,2026-08-19,False
2026-08-04,3,DEL-BLR,DEL,BLR,T+15,15,SpiceJet,6087.38,7426,2026-08-19,False
2026-08-04,3,DEL-BLR,DEL,BLR,T+15,15,IndiGo,6310.59,7698,2026-08-19,False
2026-08-04,3,DEL-BLR,DEL,BLR,T+15,15,Air India,7394.89,9021,2026-08-19,False
2026-08-04,3,DEL-BLR,DEL,BLR,T+30,30,IndiGo,5534.49,6752,2026-09-03,False
2026-08-04,3,DEL-BLR,DEL,BLR,T+30,30,Air India,6442.65,7860,2026-09-03,False
2026-08-04,3,DEL-BLR,DEL,BLR,T+30,30,IndiGo,5804.21,7081,2026-09-03,False
2026-08-04,3,DEL-BLR,DEL,BLR,T+30,30,IndiGo,5002.35,6102,2026-09-03,False
2026-08-04,3,DEL-BLR,DEL,BLR,T+30,30,IndiGo,5724.6,6984,2026-09-03,False
2026-08-04,3,DEL-BLR,DEL,BLR,T+45,45,IndiGo,5115.05,6240,2026-09-18,False
2026-08-04,3,DEL-BLR,DEL,BLR,T+45,45,Air India,5359.04,6538,2026-09-18,False
2026-08-04,3,DEL-BLR,DEL,BLR,T+45,45,SpiceJet,4587.64,5596,2026-09-18,False
2026-08-04,3,DEL-BLR,DEL,BLR,T+45,45,IndiGo,4837.57,5901,2026-09-18,False
2026-08-04,3,DEL-BLR,DEL,BLR,T+45,45,IndiGo,4659.84,5685,2026-09-18,False
2026-08-04,3,BOM-BLR,BOM,BLR,T+1,1,IndiGo,7445.13,9083,2026-08-05,False
2026-08-04,3,BOM-BLR,BOM,BLR,T+1,1,Air India,8672.33,10580,2026-08-05,False
2026-08-04,3,BOM-BLR,BOM,BLR,T+1,1,Akasa Air,7866.36,9596,2026-08-05,False
2026-08-04,3,BOM-BLR,BOM,BLR,T+1,1,IndiGo,7904.13,9643,2026-08-05,False
2026-08-04,3,BOM-BLR,BOM,BLR,T+1,1,IndiGo,7994.1,9752,2026-08-05,False
2026-08-04,3,BOM-BLR,BOM,BLR,T+7,7,IndiGo,5553.12,6774,2026-08-11,False
2026-08-04,3,BOM-BLR,BOM,BLR,T+7,7,IndiGo,5202.28,6346,2026-08-11,False
2026-08-04,3,BOM-BLR,BOM,BLR,T+7,7,IndiGo,5316.88,6486,2026-08-11,False
2026-08-04,3,BOM-BLR,BOM,BLR,T+7,7,IndiGo,5509.08,6721,2026-08-11,False
2026-08-04,3,BOM-BLR,BOM,BLR,T+7,7,IndiGo,5184.63,6325,2026-08-11,False
2026-08-04,3,BOM-BLR,BOM,BLR,T+15,15,IndiGo,4223.95,5153,2026-08-19,False
2026-08-04,3,BOM-BLR,BOM,BLR,T+15,15,IndiGo,4086.44,4985,2026-08-19,False
2026-08-04,3,BOM-BLR,BOM,BLR,T+15,15,IndiGo,4067.04,4961,2026-08-19,False
2026-08-04,3,BOM-BLR,BOM,BLR,T+15,15,IndiGo,4223.65,5152,2026-08-19,False
2026-08-04,3,BOM-BLR,BOM,BLR,T+15,15,Air India,4934.11,6019,2026-08-19,False
2026-08-04,3,BOM-BLR,BOM,BLR,T+30,30,Air India,4111.87,5016,2026-09-03,False
2026-08-04,3,BOM-BLR,BOM,BLR,T+30,30,IndiGo,3675.71,4484,2026-09-03,False
2026-08-04,3,BOM-BLR,BOM,BLR,T+30,30,Air India,4006.91,4888,2026-09-03,False
2026-08-04,3,BOM-BLR,BOM,BLR,T+30,30,Air India,4254.26,5190,2026-09-03,False
2026-08-04,3,BOM-BLR,BOM,BLR,T+30,30,Air India,4250.94,5186,2026-09-03,False
2026-08-04,3,BOM-BLR,BOM,BLR,T+45,45,IndiGo,3105.87,3789,2026-09-18,False
2026-08-04,3,BOM-BLR,BOM,BLR,T+45,45,Air India,3744.02,4567,2026-09-18,False
2026-08-04,3,BOM-BLR,BOM,BLR,T+45,45,Akasa Air,2907.59,3547,2026-09-18,False
2026-08-04,3,BOM-BLR,BOM,BLR,T+45,45,IndiGo,3241.44,3954,2026-09-18,False
2026-08-04,3,BOM-BLR,BOM,BLR,T+45,45,IndiGo,3119.57,3805,2026-09-18,False
2026-08-04,3,DEL-CCU,DEL,CCU,T+1,1,IndiGo,10628.8,12967,2026-08-05,False
2026-08-04,3,DEL-CCU,DEL,CCU,T+1,1,Air India,13232.97,16144,2026-08-05,False
2026-08-04,3,DEL-CCU,DEL,CCU,T+1,1,Air India,12449.65,15188,2026-08-05,False
2026-08-04,3,DEL-CCU,DEL,CCU,T+1,1,IndiGo,10293.16,12557,2026-08-05,False
2026-08-04,3,DEL-CCU,DEL,CCU,T+1,1,IndiGo,10237.01,12489,2026-08-05,False
2026-08-04,3,DEL-CCU,DEL,CCU,T+7,7,IndiGo,7824.62,9546,2026-08-11,False
2026-08-04,3,DEL-CCU,DEL,CCU,T+7,7,Air India,8628.39,10526,2026-08-11,False
2026-08-04,3,DEL-CCU,DEL,CCU,T+7,7,IndiGo,8132.69,9921,2026-08-11,False
2026-08-04,3,DEL-CCU,DEL,CCU,T+7,7,IndiGo,7103.78,8666,2026-08-11,False
2026-08-04,3,DEL-CCU,DEL,CCU,T+7,7,IndiGo,8117.04,9902,2026-08-11,False
2026-08-04,3,DEL-CCU,DEL,CCU,T+15,15,Air India,6923.86,8447,2026-08-19,False
2026-08-04,3,DEL-CCU,DEL,CCU,T+15,15,Air India,6849.83,8356,2026-08-19,False
2026-08-04,3,DEL-CCU,DEL,CCU,T+15,15,Akasa Air,5538.08,6756,2026-08-19,False
2026-08-04,3,DEL-CCU,DEL,CCU,T+15,15,IndiGo,5911.3,7211,2026-08-19,False
2026-08-04,3,DEL-CCU,DEL,CCU,T+15,15,IndiGo,5822.18,7103,2026-08-19,False
2026-08-04,3,DEL-CCU,DEL,CCU,T+30,30,IndiGo,5189.98,6331,2026-09-03,False
2026-08-04,3,DEL-CCU,DEL,CCU,T+30,30,IndiGo,5017.0,6120,2026-09-03,False
2026-08-04,3,DEL-CCU,DEL,CCU,T+30,30,IndiGo,5023.31,6128,2026-09-03,False
2026-08-04,3,DEL-CCU,DEL,CCU,T+30,30,IndiGo,4933.43,6018,2026-09-03,False
2026-08-04,3,DEL-CCU,DEL,CCU,T+30,30,IndiGo,4987.06,6084,2026-09-03,False
2026-08-04,3,DEL-CCU,DEL,CCU,T+45,45,IndiGo,4489.65,5477,2026-09-18,False
2026-08-04,3,DEL-CCU,DEL,CCU,T+45,45,Akasa Air,4044.06,4933,2026-09-18,False
2026-08-04,3,DEL-CCU,DEL,CCU,T+45,45,Air India,4989.55,6087,2026-09-18,False
2026-08-04,3,DEL-CCU,DEL,CCU,T+45,45,IndiGo,4557.35,5559,2026-09-18,False
2026-08-04,3,DEL-CCU,DEL,CCU,T+45,45,Akasa Air,4327.25,5279,2026-09-18,False
2026-08-04,3,BLR-HYD,BLR,HYD,T+1,1,SpiceJet,5622.62,6859,2026-08-05,False
2026-08-04,3,BLR-HYD,BLR,HYD,T+1,1,Air India,7046.93,8597,2026-08-05,False
2026-08-04,3,BLR-HYD,BLR,HYD,T+1,1,IndiGo,6046.12,7376,2026-08-05,False
2026-08-04,3,BLR-HYD,BLR,HYD,T+1,1,IndiGo,5860.6,7149,2026-08-05,False
2026-08-04,3,BLR-HYD,BLR,HYD,T+1,1,Air India,6850.54,8357,2026-08-05,False
2026-08-04,3,BLR-HYD,BLR,HYD,T+7,7,IndiGo,4256.34,5192,2026-08-11,False
2026-08-04,3,BLR-HYD,BLR,HYD,T+7,7,IndiGo,4082.61,4980,2026-08-11,False
2026-08-04,3,BLR-HYD,BLR,HYD,T+7,7,Air India,5055.05,6167,2026-08-11,False
2026-08-04,3,BLR-HYD,BLR,HYD,T+7,7,IndiGo,3975.45,4850,2026-08-11,False
2026-08-04,3,BLR-HYD,BLR,HYD,T+7,7,IndiGo,4379.64,5343,2026-08-11,False
2026-08-04,3,BLR-HYD,BLR,HYD,T+15,15,IndiGo,3269.68,3989,2026-08-19,False
2026-08-04,3,BLR-HYD,BLR,HYD,T+15,15,IndiGo,3245.3,3959,2026-08-19,False
2026-08-04,3,BLR-HYD,BLR,HYD,T+15,15,IndiGo,3327.1,4059,2026-08-19,False
2026-08-04,3,BLR-HYD,BLR,HYD,T+15,15,IndiGo,3403.97,4152,2026-08-19,False
2026-08-04,3,BLR-HYD,BLR,HYD,T+15,15,IndiGo,3330.67,4063,2026-08-19,False
2026-08-04,3,BLR-HYD,BLR,HYD,T+30,30,Air India,3040.91,3709,2026-09-03,False
2026-08-04,3,BLR-HYD,BLR,HYD,T+30,30,Air India,3104.76,3787,2026-09-03,False
2026-08-04,3,BLR-HYD,BLR,HYD,T+30,30,IndiGo,2696.69,3289,2026-09-03,False
2026-08-04,3,BLR-HYD,BLR,HYD,T+30,30,Air India,3253.3,3969,2026-09-03,False
2026-08-04,3,BLR-HYD,BLR,HYD,T+30,30,IndiGo,2806.93,3424,2026-09-03,False
2026-08-04,3,BLR-HYD,BLR,HYD,T+45,45,Akasa Air,2312.97,2821,2026-09-18,False
2026-08-04,3,BLR-HYD,BLR,HYD,T+45,45,Air India,2908.07,3547,2026-09-18,False
2026-08-04,3,BLR-HYD,BLR,HYD,T+45,45,IndiGo,2385.86,2910,2026-09-18,False
2026-08-04,3,BLR-HYD,BLR,HYD,T+45,45,IndiGo,2398.19,2925,2026-09-18,False
2026-08-04,3,BLR-HYD,BLR,HYD,T+45,45,IndiGo,2329.99,2842,2026-09-18,False
2026-08-04,3,MAA-DEL,MAA,DEL,T+1,1,IndiGo,11018.94,13443,2026-08-05,False
2026-08-04,3,MAA-DEL,MAA,DEL,T+1,1,Akasa Air,10505.61,12816,2026-08-05,False
2026-08-04,3,MAA-DEL,MAA,DEL,T+1,1,IndiGo,10997.96,13417,2026-08-05,False
2026-08-04,3,MAA-DEL,MAA,DEL,T+1,1,IndiGo,11806.81,14404,2026-08-05,False
2026-08-04,3,MAA-DEL,MAA,DEL,T+1,1,SpiceJet,10429.12,12723,2026-08-05,False
2026-08-04,3,MAA-DEL,MAA,DEL,T+7,7,IndiGo,8800.86,10737,2026-08-11,False
2026-08-04,3,MAA-DEL,MAA,DEL,T+7,7,IndiGo,8197.55,10001,2026-08-11,False
2026-08-04,3,MAA-DEL,MAA,DEL,T+7,7,IndiGo,8110.55,9894,2026-08-11,False
2026-08-04,3,MAA-DEL,MAA,DEL,T+7,7,IndiGo,7816.32,9535,2026-08-11,False
2026-08-04,3,MAA-DEL,MAA,DEL,T+7,7,IndiGo,8255.93,10072,2026-08-11,False
2026-08-04,3,MAA-DEL,MAA,DEL,T+15,15,Air India,7082.96,8641,2026-08-19,False
2026-08-04,3,MAA-DEL,MAA,DEL,T+15,15,IndiGo,6157.59,7512,2026-08-19,False
2026-08-04,3,MAA-DEL,MAA,DEL,T+15,15,Air India,7876.31,9609,2026-08-19,False
2026-08-04,3,MAA-DEL,MAA,DEL,T+15,15,IndiGo,6110.79,7455,2026-08-19,False
2026-08-04,3,MAA-DEL,MAA,DEL,T+15,15,IndiGo,6378.04,7781,2026-08-19,False
2026-08-04,3,MAA-DEL,MAA,DEL,T+30,30,Air India,6043.45,7373,2026-09-03,False
2026-08-04,3,MAA-DEL,MAA,DEL,T+30,30,IndiGo,5249.05,6403,2026-09-03,False
2026-08-04,3,MAA-DEL,MAA,DEL,T+30,30,Air India,6579.96,8027,2026-09-03,False
2026-08-04,3,MAA-DEL,MAA,DEL,T+30,30,IndiGo,5140.16,6270,2026-09-03,False
2026-08-04,3,MAA-DEL,MAA,DEL,T+30,30,Akasa Air,5412.38,6603,2026-09-03,False
2026-08-04,3,MAA-DEL,MAA,DEL,T+45,45,IndiGo,4787.27,5840,2026-09-18,False
2026-08-04,3,MAA-DEL,MAA,DEL,T+45,45,IndiGo,4579.58,5587,2026-09-18,False
2026-08-04,3,MAA-DEL,MAA,DEL,T+45,45,IndiGo,4774.95,5825,2026-09-18,False
2026-08-04,3,MAA-DEL,MAA,DEL,T+45,45,IndiGo,4830.56,5893,2026-09-18,False
2026-08-04,3,MAA-DEL,MAA,DEL,T+45,45,IndiGo,4773.21,5823,2026-09-18,False
2026-08-04,3,DEL-PNQ,DEL,PNQ,T+1,1,IndiGo,8467.74,10330,2026-08-05,False
2026-08-04,3,DEL-PNQ,DEL,PNQ,T+1,1,SpiceJet,8272.56,10092,2026-08-05,False
2026-08-04,3,DEL-PNQ,DEL,PNQ,T+1,1,Air India,10472.06,12775,2026-08-05,False
2026-08-04,3,DEL-PNQ,DEL,PNQ,T+1,1,IndiGo,8936.83,10902,2026-08-05,False
2026-08-04,3,DEL-PNQ,DEL,PNQ,T+1,1,IndiGo,9154.82,11168,2026-08-05,False
2026-08-04,3,DEL-PNQ,DEL,PNQ,T+7,7,Air India,7522.26,9177,2026-08-11,False
2026-08-04,3,DEL-PNQ,DEL,PNQ,T+7,7,IndiGo,6044.69,7374,2026-08-11,False
2026-08-04,3,DEL-PNQ,DEL,PNQ,T+7,7,Air India,7575.24,9241,2026-08-11,False
2026-08-04,3,DEL-PNQ,DEL,PNQ,T+7,7,IndiGo,6476.56,7901,2026-08-11,False
2026-08-04,3,DEL-PNQ,DEL,PNQ,T+7,7,IndiGo,6465.29,7887,2026-08-11,False
2026-08-04,3,DEL-PNQ,DEL,PNQ,T+15,15,Air India,5903.24,7201,2026-08-19,False
2026-08-04,3,DEL-PNQ,DEL,PNQ,T+15,15,Akasa Air,4808.72,5866,2026-08-19,False
2026-08-04,3,DEL-PNQ,DEL,PNQ,T+15,15,IndiGo,4902.25,5980,2026-08-19,False
2026-08-04,3,DEL-PNQ,DEL,PNQ,T+15,15,IndiGo,4812.86,5871,2026-08-19,False
2026-08-04,3,DEL-PNQ,DEL,PNQ,T+15,15,IndiGo,4544.23,5543,2026-08-19,False
2026-08-04,3,DEL-PNQ,DEL,PNQ,T+30,30,Air India,4948.81,6037,2026-09-03,False
2026-08-04,3,DEL-PNQ,DEL,PNQ,T+30,30,IndiGo,4165.53,5081,2026-09-03,False
2026-08-04,3,DEL-PNQ,DEL,PNQ,T+30,30,Air India,4921.84,6004,2026-09-03,False
2026-08-04,3,DEL-PNQ,DEL,PNQ,T+30,30,Air India,4657.63,5682,2026-09-03,False
2026-08-04,3,DEL-PNQ,DEL,PNQ,T+30,30,IndiGo,3978.99,4854,2026-09-03,False
2026-08-04,3,DEL-PNQ,DEL,PNQ,T+45,45,Air India,4493.52,5482,2026-09-18,False
2026-08-04,3,DEL-PNQ,DEL,PNQ,T+45,45,IndiGo,3670.88,4478,2026-09-18,False
2026-08-04,3,DEL-PNQ,DEL,PNQ,T+45,45,Akasa Air,3644.8,4446,2026-09-18,False
2026-08-04,3,DEL-PNQ,DEL,PNQ,T+45,45,IndiGo,3679.61,4489,2026-09-18,False
2026-08-04,3,DEL-PNQ,DEL,PNQ,T+45,45,Air India,4338.29,5292,2026-09-18,False
2026-08-05,4,DEL-BOM,DEL,BOM,T+1,1,IndiGo,10048.23,12258,2026-08-06,False
2026-08-05,4,DEL-BOM,DEL,BOM,T+1,1,IndiGo,9553.02,11654,2026-08-06,False
2026-08-05,4,DEL-BOM,DEL,BOM,T+1,1,IndiGo,9761.47,11908,2026-08-06,False
2026-08-05,4,DEL-BOM,DEL,BOM,T+1,1,SpiceJet,9067.58,11062,2026-08-06,False
2026-08-05,4,DEL-BOM,DEL,BOM,T+1,1,IndiGo,9580.79,11688,2026-08-06,False
2026-08-05,4,DEL-BOM,DEL,BOM,T+7,7,IndiGo,6810.45,8308,2026-08-12,False
2026-08-05,4,DEL-BOM,DEL,BOM,T+7,7,IndiGo,6938.48,8464,2026-08-12,False
2026-08-05,4,DEL-BOM,DEL,BOM,T+7,7,IndiGo,6769.59,8258,2026-08-12,False
2026-08-05,4,DEL-BOM,DEL,BOM,T+7,7,IndiGo,7187.56,8768,2026-08-12,False
2026-08-05,4,DEL-BOM,DEL,BOM,T+7,7,IndiGo,6669.38,8136,2026-08-12,False
2026-08-05,4,DEL-BOM,DEL,BOM,T+15,15,IndiGo,5204.29,6349,2026-08-20,False
2026-08-05,4,DEL-BOM,DEL,BOM,T+15,15,IndiGo,5157.93,6292,2026-08-20,False
2026-08-05,4,DEL-BOM,DEL,BOM,T+15,15,IndiGo,5503.86,6714,2026-08-20,False
2026-08-05,4,DEL-BOM,DEL,BOM,T+15,15,Air India,6218.47,7586,2026-08-20,False
2026-08-05,4,DEL-BOM,DEL,BOM,T+15,15,IndiGo,5427.74,6621,2026-08-20,False
2026-08-05,4,DEL-BOM,DEL,BOM,T+30,30,IndiGo,4256.72,5193,2026-09-04,False
2026-08-05,4,DEL-BOM,DEL,BOM,T+30,30,Air India,5343.17,6518,2026-09-04,False
2026-08-05,4,DEL-BOM,DEL,BOM,T+30,30,IndiGo,4630.0,5648,2026-09-04,False
2026-08-05,4,DEL-BOM,DEL,BOM,T+30,30,Air India,5308.94,6476,2026-09-04,False
2026-08-05,4,DEL-BOM,DEL,BOM,T+30,30,Air India,5491.11,6699,2026-09-04,False
2026-08-05,4,DEL-BOM,DEL,BOM,T+45,45,Air India,4620.31,5636,2026-09-19,False
2026-08-05,4,DEL-BOM,DEL,BOM,T+45,45,IndiGo,4188.16,5109,2026-09-19,False
2026-08-05,4,DEL-BOM,DEL,BOM,T+45,45,Air India,5084.12,6202,2026-09-19,False
2026-08-05,4,DEL-BOM,DEL,BOM,T+45,45,Air India,4645.75,5667,2026-09-19,False
2026-08-05,4,DEL-BOM,DEL,BOM,T+45,45,Akasa Air,3804.97,4642,2026-09-19,False
2026-08-05,4,BOM-DEL,BOM,DEL,T+1,1,IndiGo,10223.63,12472,2026-08-06,False
2026-08-05,4,BOM-DEL,BOM,DEL,T+1,1,IndiGo,10266.59,12525,2026-08-06,False
2026-08-05,4,BOM-DEL,BOM,DEL,T+1,1,IndiGo,9550.7,11651,2026-08-06,False
2026-08-05,4,BOM-DEL,BOM,DEL,T+1,1,IndiGo,9585.66,11694,2026-08-06,False
2026-08-05,4,BOM-DEL,BOM,DEL,T+1,1,Air India,11356.55,13854,2026-08-06,False
2026-08-05,4,BOM-DEL,BOM,DEL,T+7,7,Air India,7735.05,9436,2026-08-12,False
2026-08-05,4,BOM-DEL,BOM,DEL,T+7,7,IndiGo,6663.58,8129,2026-08-12,False
2026-08-05,4,BOM-DEL,BOM,DEL,T+7,7,IndiGo,6642.98,8104,2026-08-12,False
2026-08-05,4,BOM-DEL,BOM,DEL,T+7,7,IndiGo,6699.94,8173,2026-08-12,False
2026-08-05,4,BOM-DEL,BOM,DEL,T+7,7,Air India,8107.15,9890,2026-08-12,False
2026-08-05,4,BOM-DEL,BOM,DEL,T+15,15,IndiGo,5281.5,6443,2026-08-20,False
2026-08-05,4,BOM-DEL,BOM,DEL,T+15,15,IndiGo,5522.84,6737,2026-08-20,False
2026-08-05,4,BOM-DEL,BOM,DEL,T+15,15,IndiGo,5055.51,6167,2026-08-20,False
2026-08-05,4,BOM-DEL,BOM,DEL,T+15,15,IndiGo,5419.03,6611,2026-08-20,False
2026-08-05,4,BOM-DEL,BOM,DEL,T+15,15,Akasa Air,5035.13,6142,2026-08-20,False
2026-08-05,4,BOM-DEL,BOM,DEL,T+30,30,IndiGo,4482.41,5468,2026-09-04,False
2026-08-05,4,BOM-DEL,BOM,DEL,T+30,30,Air India,5418.73,6610,2026-09-04,False
2026-08-05,4,BOM-DEL,BOM,DEL,T+30,30,IndiGo,4313.74,5262,2026-09-04,False
2026-08-05,4,BOM-DEL,BOM,DEL,T+30,30,Air India,5364.55,6544,2026-09-04,False
2026-08-05,4,BOM-DEL,BOM,DEL,T+30,30,Air India,5324.54,6495,2026-09-04,False
2026-08-05,4,BOM-DEL,BOM,DEL,T+45,45,Air India,4786.61,5839,2026-09-19,False
2026-08-05,4,BOM-DEL,BOM,DEL,T+45,45,IndiGo,4031.67,4918,2026-09-19,False
2026-08-05,4,BOM-DEL,BOM,DEL,T+45,45,IndiGo,4334.27,5287,2026-09-19,False
2026-08-05,4,BOM-DEL,BOM,DEL,T+45,45,Air India,4600.48,5612,2026-09-19,False
2026-08-05,4,BOM-DEL,BOM,DEL,T+45,45,Air India,4618.06,5634,2026-09-19,False
2026-08-05,4,DEL-BLR,DEL,BLR,T+1,1,Air India,13808.64,16846,2026-08-06,False
2026-08-05,4,DEL-BLR,DEL,BLR,T+1,1,IndiGo,11741.04,14324,2026-08-06,False
2026-08-05,4,DEL-BLR,DEL,BLR,T+1,1,IndiGo,11706.72,14282,2026-08-06,False
2026-08-05,4,DEL-BLR,DEL,BLR,T+1,1,IndiGo,12472.13,15215,2026-08-06,False
2026-08-05,4,DEL-BLR,DEL,BLR,T+1,1,Air India,14818.36,18078,2026-08-06,False
2026-08-05,4,DEL-BLR,DEL,BLR,T+7,7,SpiceJet,7867.44,9598,2026-08-12,False
2026-08-05,4,DEL-BLR,DEL,BLR,T+7,7,Air India,9699.12,11832,2026-08-12,False
2026-08-05,4,DEL-BLR,DEL,BLR,T+7,7,IndiGo,8613.6,10508,2026-08-12,False
2026-08-05,4,DEL-BLR,DEL,BLR,T+7,7,IndiGo,8310.01,10138,2026-08-12,False
2026-08-05,4,DEL-BLR,DEL,BLR,T+7,7,IndiGo,8661.51,10567,2026-08-12,False
2026-08-05,4,DEL-BLR,DEL,BLR,T+15,15,Air India,7655.19,9339,2026-08-20,False
2026-08-05,4,DEL-BLR,DEL,BLR,T+15,15,IndiGo,6105.41,7448,2026-08-20,False
2026-08-05,4,DEL-BLR,DEL,BLR,T+15,15,Air India,8012.91,9775,2026-08-20,False
2026-08-05,4,DEL-BLR,DEL,BLR,T+15,15,Air India,8078.98,9856,2026-08-20,False
2026-08-05,4,DEL-BLR,DEL,BLR,T+15,15,IndiGo,6309.17,7697,2026-08-20,False
2026-08-05,4,DEL-BLR,DEL,BLR,T+30,30,Air India,6426.91,7840,2026-09-04,False
2026-08-05,4,DEL-BLR,DEL,BLR,T+30,30,IndiGo,5581.68,6809,2026-09-04,False
2026-08-05,4,DEL-BLR,DEL,BLR,T+30,30,IndiGo,5591.08,6821,2026-09-04,False
2026-08-05,4,DEL-BLR,DEL,BLR,T+30,30,IndiGo,5653.76,6897,2026-09-04,False
2026-08-05,4,DEL-BLR,DEL,BLR,T+30,30,IndiGo,5915.21,7216,2026-09-04,False
2026-08-05,4,DEL-BLR,DEL,BLR,T+45,45,IndiGo,4881.92,5955,2026-09-19,False
2026-08-05,4,DEL-BLR,DEL,BLR,T+45,45,Air India,5629.58,6868,2026-09-19,False
2026-08-05,4,DEL-BLR,DEL,BLR,T+45,45,IndiGo,4675.19,5703,2026-09-19,False
2026-08-05,4,DEL-BLR,DEL,BLR,T+45,45,IndiGo,4786.67,5839,2026-09-19,False
2026-08-05,4,DEL-BLR,DEL,BLR,T+45,45,Air India,5784.68,7057,2026-09-19,False
2026-08-05,4,BOM-BLR,BOM,BLR,T+1,1,IndiGo,8152.53,9946,2026-08-06,False
2026-08-05,4,BOM-BLR,BOM,BLR,T+1,1,IndiGo,7531.77,9188,2026-08-06,False
2026-08-05,4,BOM-BLR,BOM,BLR,T+1,1,Air India,9114.23,11119,2026-08-06,False
2026-08-05,4,BOM-BLR,BOM,BLR,T+1,1,IndiGo,7666.33,9352,2026-08-06,False
2026-08-05,4,BOM-BLR,BOM,BLR,T+1,1,IndiGo,7989.79,9747,2026-08-06,False
2026-08-05,4,BOM-BLR,BOM,BLR,T+7,7,IndiGo,5908.64,7208,2026-08-12,False
2026-08-05,4,BOM-BLR,BOM,BLR,T+7,7,IndiGo,5327.66,6499,2026-08-12,False
2026-08-05,4,BOM-BLR,BOM,BLR,T+7,7,IndiGo,5335.53,6509,2026-08-12,False
2026-08-05,4,BOM-BLR,BOM,BLR,T+7,7,Air India,6633.83,8093,2026-08-12,False
2026-08-05,4,BOM-BLR,BOM,BLR,T+7,7,Air India,6552.68,7994,2026-08-12,False
2026-08-05,4,BOM-BLR,BOM,BLR,T+15,15,Air India,5184.26,6324,2026-08-20,False
2026-08-05,4,BOM-BLR,BOM,BLR,T+15,15,IndiGo,4214.81,5142,2026-08-20,False
2026-08-05,4,BOM-BLR,BOM,BLR,T+15,15,IndiGo,4078.46,4975,2026-08-20,False
2026-08-05,4,BOM-BLR,BOM,BLR,T+15,15,IndiGo,4215.78,5143,2026-08-20,False
2026-08-05,4,BOM-BLR,BOM,BLR,T+15,15,IndiGo,4290.68,5234,2026-08-20,False
2026-08-05,4,BOM-BLR,BOM,BLR,T+30,30,IndiGo,3642.01,4443,2026-09-04,False
2026-08-05,4,BOM-BLR,BOM,BLR,T+30,30,IndiGo,3603.2,4395,2026-09-04,False
2026-08-05,4,BOM-BLR,BOM,BLR,T+30,30,IndiGo,3672.51,4480,2026-09-04,False
2026-08-05,4,BOM-BLR,BOM,BLR,T+30,30,Air India,4344.69,5300,2026-09-04,False
2026-08-05,4,BOM-BLR,BOM,BLR,T+30,30,IndiGo,3711.61,4528,2026-09-04,False
2026-08-05,4,BOM-BLR,BOM,BLR,T+45,45,IndiGo,3218.42,3926,2026-09-19,False
2026-08-05,4,BOM-BLR,BOM,BLR,T+45,45,IndiGo,3128.56,3816,2026-09-19,False
2026-08-05,4,BOM-BLR,BOM,BLR,T+45,45,IndiGo,3163.13,3859,2026-09-19,False
2026-08-05,4,BOM-BLR,BOM,BLR,T+45,45,IndiGo,3279.86,4001,2026-09-19,False
2026-08-05,4,BOM-BLR,BOM,BLR,T+45,45,IndiGo,3056.99,3729,2026-09-19,False
2026-08-05,4,DEL-CCU,DEL,CCU,T+1,1,SpiceJet,10412.82,12703,2026-08-06,False
2026-08-05,4,DEL-CCU,DEL,CCU,T+1,1,IndiGo,10701.9,13056,2026-08-06,False
2026-08-05,4,DEL-CCU,DEL,CCU,T+1,1,Akasa Air,10519.19,12833,2026-08-06,False
2026-08-05,4,DEL-CCU,DEL,CCU,T+1,1,IndiGo,11336.84,13830,2026-08-06,False
2026-08-05,4,DEL-CCU,DEL,CCU,T+1,1,IndiGo,10923.87,13327,2026-08-06,False
2026-08-05,4,DEL-CCU,DEL,CCU,T+7,7,IndiGo,7691.85,9384,2026-08-12,False
2026-08-05,4,DEL-CCU,DEL,CCU,T+7,7,Air India,8622.67,10519,2026-08-12,False
2026-08-05,4,DEL-CCU,DEL,CCU,T+7,7,Air India,9290.05,11333,2026-08-12,False
2026-08-05,4,DEL-CCU,DEL,CCU,T+7,7,IndiGo,7852.87,9580,2026-08-12,False
2026-08-05,4,DEL-CCU,DEL,CCU,T+7,7,IndiGo,8260.81,10078,2026-08-12,False
2026-08-05,4,DEL-CCU,DEL,CCU,T+15,15,IndiGo,5780.06,7051,2026-08-20,False
2026-08-05,4,DEL-CCU,DEL,CCU,T+15,15,Air India,6941.43,8468,2026-08-20,False
2026-08-05,4,DEL-CCU,DEL,CCU,T+15,15,IndiGo,5894.0,7190,2026-08-20,False
2026-08-05,4,DEL-CCU,DEL,CCU,T+15,15,Air India,7268.92,8868,2026-08-20,False
2026-08-05,4,DEL-CCU,DEL,CCU,T+15,15,IndiGo,5823.51,7104,2026-08-20,False
2026-08-05,4,DEL-CCU,DEL,CCU,T+30,30,IndiGo,5057.2,6169,2026-09-04,False
2026-08-05,4,DEL-CCU,DEL,CCU,T+30,30,IndiGo,5114.84,6240,2026-09-04,False
2026-08-05,4,DEL-CCU,DEL,CCU,T+30,30,IndiGo,5041.0,6150,2026-09-04,False
2026-08-05,4,DEL-CCU,DEL,CCU,T+30,30,Air India,5812.25,7090,2026-09-04,False
2026-08-05,4,DEL-CCU,DEL,CCU,T+30,30,Air India,5944.62,7252,2026-09-04,False
2026-08-05,4,DEL-CCU,DEL,CCU,T+45,45,IndiGo,4619.1,5635,2026-09-19,False
2026-08-05,4,DEL-CCU,DEL,CCU,T+45,45,Air India,5059.88,6173,2026-09-19,False
2026-08-05,4,DEL-CCU,DEL,CCU,T+45,45,IndiGo,4472.53,5456,2026-09-19,False
2026-08-05,4,DEL-CCU,DEL,CCU,T+45,45,Air India,5119.84,6246,2026-09-19,False
2026-08-05,4,DEL-CCU,DEL,CCU,T+45,45,IndiGo,4638.01,5658,2026-09-19,False
2026-08-05,4,BLR-HYD,BLR,HYD,T+1,1,IndiGo,5667.75,6914,2026-08-06,False
2026-08-05,4,BLR-HYD,BLR,HYD,T+1,1,IndiGo,5869.8,7161,2026-08-06,False
2026-08-05,4,BLR-HYD,BLR,HYD,T+1,1,IndiGo,6065.96,7400,2026-08-06,False
2026-08-05,4,BLR-HYD,BLR,HYD,T+1,1,Air India,7445.01,9082,2026-08-06,False
2026-08-05,4,BLR-HYD,BLR,HYD,T+1,1,IndiGo,5973.14,7287,2026-08-06,False
2026-08-05,4,BLR-HYD,BLR,HYD,T+7,7,IndiGo,4154.56,5068,2026-08-12,False
2026-08-05,4,BLR-HYD,BLR,HYD,T+7,7,Air India,5323.96,6495,2026-08-12,False
2026-08-05,4,BLR-HYD,BLR,HYD,T+7,7,IndiGo,4022.17,4907,2026-08-12,False
2026-08-05,4,BLR-HYD,BLR,HYD,T+7,7,IndiGo,3910.83,4771,2026-08-12,False
2026-08-05,4,BLR-HYD,BLR,HYD,T+7,7,IndiGo,4302.15,5248,2026-08-12,False
2026-08-05,4,BLR-HYD,BLR,HYD,T+15,15,Akasa Air,3067.06,3741,2026-08-20,False
2026-08-05,4,BLR-HYD,BLR,HYD,T+15,15,IndiGo,3108.5,3792,2026-08-20,False
2026-08-05,4,BLR-HYD,BLR,HYD,T+15,15,Air India,3894.83,4751,2026-08-20,False
2026-08-05,4,BLR-HYD,BLR,HYD,T+15,15,Air India,3833.03,4676,2026-08-20,False
2026-08-05,4,BLR-HYD,BLR,HYD,T+15,15,IndiGo,3160.08,3855,2026-08-20,False
2026-08-05,4,BLR-HYD,BLR,HYD,T+30,30,Air India,3111.68,3796,2026-09-04,False
2026-08-05,4,BLR-HYD,BLR,HYD,T+30,30,IndiGo,2847.57,3474,2026-09-04,False
2026-08-05,4,BLR-HYD,BLR,HYD,T+30,30,Air India,3331.79,4064,2026-09-04,False
2026-08-05,4,BLR-HYD,BLR,HYD,T+30,30,Air India,3246.35,3960,2026-09-04,False
2026-08-05,4,BLR-HYD,BLR,HYD,T+30,30,IndiGo,2941.78,3588,2026-09-04,False
2026-08-05,4,BLR-HYD,BLR,HYD,T+45,45,IndiGo,2364.18,2884,2026-09-19,False
2026-08-05,4,BLR-HYD,BLR,HYD,T+45,45,Akasa Air,2251.61,2746,2026-09-19,False
2026-08-05,4,BLR-HYD,BLR,HYD,T+45,45,IndiGo,2396.69,2923,2026-09-19,False
2026-08-05,4,BLR-HYD,BLR,HYD,T+45,45,Akasa Air,2374.81,2897,2026-09-19,False
2026-08-05,4,BLR-HYD,BLR,HYD,T+45,45,Air India,2920.36,3562,2026-09-19,False
2026-08-05,4,MAA-DEL,MAA,DEL,T+1,1,Air India,13341.21,16276,2026-08-06,False
2026-08-05,4,MAA-DEL,MAA,DEL,T+1,1,Akasa Air,11188.35,13649,2026-08-06,False
2026-08-05,4,MAA-DEL,MAA,DEL,T+1,1,Akasa Air,10568.04,12893,2026-08-06,False
2026-08-05,4,MAA-DEL,MAA,DEL,T+1,1,Air India,14134.7,17244,2026-08-06,False
2026-08-05,4,MAA-DEL,MAA,DEL,T+1,1,IndiGo,11379.75,13883,2026-08-06,False
2026-08-05,4,MAA-DEL,MAA,DEL,T+7,7,Air India,9894.22,12070,2026-08-12,False
2026-08-05,4,MAA-DEL,MAA,DEL,T+7,7,IndiGo,8173.46,9971,2026-08-12,False
2026-08-05,4,MAA-DEL,MAA,DEL,T+7,7,IndiGo,8205.7,10010,2026-08-12,False
2026-08-05,4,MAA-DEL,MAA,DEL,T+7,7,IndiGo,8237.64,10049,2026-08-12,False
2026-08-05,4,MAA-DEL,MAA,DEL,T+7,7,Air India,9671.07,11798,2026-08-12,False
2026-08-05,4,MAA-DEL,MAA,DEL,T+15,15,Air India,7407.87,9037,2026-08-20,False
2026-08-05,4,MAA-DEL,MAA,DEL,T+15,15,IndiGo,6431.1,7845,2026-08-20,False
2026-08-05,4,MAA-DEL,MAA,DEL,T+15,15,Air India,7294.73,8899,2026-08-20,False
2026-08-05,4,MAA-DEL,MAA,DEL,T+15,15,Akasa Air,6098.84,7440,2026-08-20,False
2026-08-05,4,MAA-DEL,MAA,DEL,T+15,15,IndiGo,6125.92,7473,2026-08-20,False
2026-08-05,4,MAA-DEL,MAA,DEL,T+30,30,IndiGo,5532.83,6750,2026-09-04,False
2026-08-05,4,MAA-DEL,MAA,DEL,T+30,30,IndiGo,5142.64,6274,2026-09-04,False
2026-08-05,4,MAA-DEL,MAA,DEL,T+30,30,Air India,6601.34,8053,2026-09-04,False
2026-08-05,4,MAA-DEL,MAA,DEL,T+30,30,IndiGo,5259.93,6417,2026-09-04,False
2026-08-05,4,MAA-DEL,MAA,DEL,T+30,30,Air India,5898.94,7196,2026-09-04,False
2026-08-05,4,MAA-DEL,MAA,DEL,T+45,45,IndiGo,4703.07,5737,2026-09-19,False
2026-08-05,4,MAA-DEL,MAA,DEL,T+45,45,IndiGo,4570.47,5575,2026-09-19,False
2026-08-05,4,MAA-DEL,MAA,DEL,T+45,45,Air India,5682.33,6932,2026-09-19,False
2026-08-05,4,MAA-DEL,MAA,DEL,T+45,45,Air India,5393.84,6580,2026-09-19,False
2026-08-05,4,MAA-DEL,MAA,DEL,T+45,45,IndiGo,4608.96,5622,2026-09-19,False
2026-08-05,4,DEL-PNQ,DEL,PNQ,T+1,1,IndiGo,8386.47,10231,2026-08-06,False
2026-08-05,4,DEL-PNQ,DEL,PNQ,T+1,1,IndiGo,8838.21,10782,2026-08-06,False
2026-08-05,4,DEL-PNQ,DEL,PNQ,T+1,1,Akasa Air,7958.99,9709,2026-08-06,False
2026-08-05,4,DEL-PNQ,DEL,PNQ,T+1,1,IndiGo,8482.53,10348,2026-08-06,False
2026-08-05,4,DEL-PNQ,DEL,PNQ,T+1,1,IndiGo,9219.38,11247,2026-08-06,False
2026-08-05,4,DEL-PNQ,DEL,PNQ,T+7,7,IndiGo,6530.13,7966,2026-08-12,False
2026-08-05,4,DEL-PNQ,DEL,PNQ,T+7,7,Air India,7604.19,9277,2026-08-12,False
2026-08-05,4,DEL-PNQ,DEL,PNQ,T+7,7,IndiGo,6140.25,7491,2026-08-12,False
2026-08-05,4,DEL-PNQ,DEL,PNQ,T+7,7,IndiGo,6344.73,7740,2026-08-12,False
2026-08-05,4,DEL-PNQ,DEL,PNQ,T+7,7,Air India,7491.67,9139,2026-08-12,False
2026-08-05,4,DEL-PNQ,DEL,PNQ,T+15,15,Air India,5469.77,6673,2026-08-20,False
2026-08-05,4,DEL-PNQ,DEL,PNQ,T+15,15,Akasa Air,4929.29,6013,2026-08-20,False
2026-08-05,4,DEL-PNQ,DEL,PNQ,T+15,15,IndiGo,4984.08,6080,2026-08-20,False
2026-08-05,4,DEL-PNQ,DEL,PNQ,T+15,15,Air India,5656.81,6901,2026-08-20,False
2026-08-05,4,DEL-PNQ,DEL,PNQ,T+15,15,IndiGo,4840.14,5904,2026-08-20,False
2026-08-05,4,DEL-PNQ,DEL,PNQ,T+30,30,IndiGo,4175.02,5093,2026-09-04,False
2026-08-05,4,DEL-PNQ,DEL,PNQ,T+30,30,IndiGo,3848.6,4695,2026-09-04,False
2026-08-05,4,DEL-PNQ,DEL,PNQ,T+30,30,IndiGo,4108.93,5012,2026-09-04,False
2026-08-05,4,DEL-PNQ,DEL,PNQ,T+30,30,IndiGo,4045.86,4935,2026-09-04,False
2026-08-05,4,DEL-PNQ,DEL,PNQ,T+30,30,Akasa Air,3873.19,4725,2026-09-04,False
2026-08-05,4,DEL-PNQ,DEL,PNQ,T+45,45,IndiGo,3648.01,4450,2026-09-19,False
2026-08-05,4,DEL-PNQ,DEL,PNQ,T+45,45,IndiGo,3916.07,4777,2026-09-19,False
2026-08-05,4,DEL-PNQ,DEL,PNQ,T+45,45,IndiGo,3766.89,4595,2026-09-19,False
2026-08-05,4,DEL-PNQ,DEL,PNQ,T+45,45,Akasa Air,3496.58,4265,2026-09-19,False
2026-08-05,4,DEL-PNQ,DEL,PNQ,T+45,45,Air India,4430.59,5405,2026-09-19,False
2026-08-06,5,DEL-BOM,DEL,BOM,T+1,1,IndiGo,10225.87,12475,2026-08-07,False
2026-08-06,5,DEL-BOM,DEL,BOM,T+1,1,Air India,11864.81,14475,2026-08-07,False
2026-08-06,5,DEL-BOM,DEL,BOM,T+1,1,IndiGo,9768.77,11917,2026-08-07,False
2026-08-06,5,DEL-BOM,DEL,BOM,T+1,1,Akasa Air,9226.81,11256,2026-08-07,False
2026-08-06,5,DEL-BOM,DEL,BOM,T+1,1,IndiGo,9986.65,12183,2026-08-07,False
2026-08-06,5,DEL-BOM,DEL,BOM,T+7,7,IndiGo,6993.89,8532,2026-08-13,False
2026-08-06,5,DEL-BOM,DEL,BOM,T+7,7,IndiGo,7115.04,8680,2026-08-13,False
2026-08-06,5,DEL-BOM,DEL,BOM,T+7,7,IndiGo,7052.25,8603,2026-08-13,False
2026-08-06,5,DEL-BOM,DEL,BOM,T+7,7,Air India,8432.19,10287,2026-08-13,False
2026-08-06,5,DEL-BOM,DEL,BOM,T+7,7,IndiGo,6769.64,8258,2026-08-13,False
2026-08-06,5,DEL-BOM,DEL,BOM,T+15,15,Air India,6473.81,7898,2026-08-21,False
2026-08-06,5,DEL-BOM,DEL,BOM,T+15,15,IndiGo,5285.45,6448,2026-08-21,False
2026-08-06,5,DEL-BOM,DEL,BOM,T+15,15,IndiGo,5630.42,6869,2026-08-21,False
2026-08-06,5,DEL-BOM,DEL,BOM,T+15,15,IndiGo,5122.53,6249,2026-08-21,False
2026-08-06,5,DEL-BOM,DEL,BOM,T+15,15,Air India,6564.47,8008,2026-08-21,False
2026-08-06,5,DEL-BOM,DEL,BOM,T+30,30,IndiGo,4530.44,5527,2026-09-05,False
2026-08-06,5,DEL-BOM,DEL,BOM,T+30,30,IndiGo,4396.69,5363,2026-09-05,False
2026-08-06,5,DEL-BOM,DEL,BOM,T+30,30,IndiGo,4423.07,5396,2026-09-05,False
2026-08-06,5,DEL-BOM,DEL,BOM,T+30,30,IndiGo,4448.82,5427,2026-09-05,False
2026-08-06,5,DEL-BOM,DEL,BOM,T+30,30,Air India,5383.15,6567,2026-09-05,False
2026-08-06,5,DEL-BOM,DEL,BOM,T+45,45,IndiGo,4072.54,4968,2026-09-20,False
2026-08-06,5,DEL-BOM,DEL,BOM,T+45,45,IndiGo,3919.05,4781,2026-09-20,False
2026-08-06,5,DEL-BOM,DEL,BOM,T+45,45,Air India,4711.01,5747,2026-09-20,False
2026-08-06,5,DEL-BOM,DEL,BOM,T+45,45,IndiGo,4299.22,5245,2026-09-20,False
2026-08-06,5,DEL-BOM,DEL,BOM,T+45,45,IndiGo,4241.17,5174,2026-09-20,False
2026-08-06,5,BOM-DEL,BOM,DEL,T+1,1,Air India,11668.39,14235,2026-08-07,False
2026-08-06,5,BOM-DEL,BOM,DEL,T+1,1,IndiGo,9761.39,11908,2026-08-07,False
2026-08-06,5,BOM-DEL,BOM,DEL,T+1,1,Air India,11541.16,14080,2026-08-07,False
2026-08-06,5,BOM-DEL,BOM,DEL,T+1,1,IndiGo,9957.75,12148,2026-08-07,False
2026-08-06,5,BOM-DEL,BOM,DEL,T+1,1,IndiGo,9399.45,11467,2026-08-07,False
2026-08-06,5,BOM-DEL,BOM,DEL,T+7,7,IndiGo,6836.74,8340,2026-08-13,False
2026-08-06,5,BOM-DEL,BOM,DEL,T+7,7,IndiGo,6495.98,7925,2026-08-13,False
2026-08-06,5,BOM-DEL,BOM,DEL,T+7,7,Air India,8247.07,10061,2026-08-13,False
2026-08-06,5,BOM-DEL,BOM,DEL,T+7,7,IndiGo,7055.15,8607,2026-08-13,False
2026-08-06,5,BOM-DEL,BOM,DEL,T+7,7,IndiGo,6782.21,8274,2026-08-13,False
2026-08-06,5,BOM-DEL,BOM,DEL,T+15,15,Air India,6529.39,7965,2026-08-21,False
2026-08-06,5,BOM-DEL,BOM,DEL,T+15,15,IndiGo,5023.95,6129,2026-08-21,False
2026-08-06,5,BOM-DEL,BOM,DEL,T+15,15,IndiGo,4980.11,6075,2026-08-21,False
2026-08-06,5,BOM-DEL,BOM,DEL,T+15,15,IndiGo,5290.39,6454,2026-08-21,False
2026-08-06,5,BOM-DEL,BOM,DEL,T+15,15,IndiGo,5441.52,6638,2026-08-21,False
2026-08-06,5,BOM-DEL,BOM,DEL,T+30,30,Air India,5617.03,6852,2026-09-05,False
2026-08-06,5,BOM-DEL,BOM,DEL,T+30,30,IndiGo,4427.01,5400,2026-09-05,False
2026-08-06,5,BOM-DEL,BOM,DEL,T+30,30,Air India,5504.67,6715,2026-09-05,False
2026-08-06,5,BOM-DEL,BOM,DEL,T+30,30,IndiGo,4493.21,5481,2026-09-05,False
2026-08-06,5,BOM-DEL,BOM,DEL,T+30,30,Air India,5272.35,6432,2026-09-05,False
2026-08-06,5,BOM-DEL,BOM,DEL,T+45,45,IndiGo,4123.04,5030,2026-09-20,False
2026-08-06,5,BOM-DEL,BOM,DEL,T+45,45,IndiGo,4090.66,4990,2026-09-20,False
2026-08-06,5,BOM-DEL,BOM,DEL,T+45,45,IndiGo,3778.69,4610,2026-09-20,False
2026-08-06,5,BOM-DEL,BOM,DEL,T+45,45,Akasa Air,4073.21,4969,2026-09-20,False
2026-08-06,5,BOM-DEL,BOM,DEL,T+45,45,IndiGo,4192.53,5114,2026-09-20,False
2026-08-06,5,DEL-BLR,DEL,BLR,T+1,1,Air India,13835.37,16879,2026-08-07,False
2026-08-06,5,DEL-BLR,DEL,BLR,T+1,1,Air India,14341.03,17496,2026-08-07,False
2026-08-06,5,DEL-BLR,DEL,BLR,T+1,1,IndiGo,12205.51,14890,2026-08-07,False
2026-08-06,5,DEL-BLR,DEL,BLR,T+1,1,IndiGo,12107.52,14771,2026-08-07,False
2026-08-06,5,DEL-BLR,DEL,BLR,T+1,1,Akasa Air,11395.38,13902,2026-08-07,False
2026-08-06,5,DEL-BLR,DEL,BLR,T+7,7,IndiGo,8291.34,10115,2026-08-13,False
2026-08-06,5,DEL-BLR,DEL,BLR,T+7,7,IndiGo,8483.34,10349,2026-08-13,False
2026-08-06,5,DEL-BLR,DEL,BLR,T+7,7,IndiGo,8839.45,10784,2026-08-13,False
2026-08-06,5,DEL-BLR,DEL,BLR,T+7,7,Air India,10200.82,12445,2026-08-13,False
2026-08-06,5,DEL-BLR,DEL,BLR,T+7,7,IndiGo,8380.79,10224,2026-08-13,False
2026-08-06,5,DEL-BLR,DEL,BLR,T+15,15,Air India,7822.3,9543,2026-08-21,False
2026-08-06,5,DEL-BLR,DEL,BLR,T+15,15,IndiGo,5816.39,7095,2026-08-21,False
2026-08-06,5,DEL-BLR,DEL,BLR,T+15,15,IndiGo,6720.25,8198,2026-08-21,False
2026-08-06,5,DEL-BLR,DEL,BLR,T+15,15,IndiGo,6067.11,7401,2026-08-21,False
2026-08-06,5,DEL-BLR,DEL,BLR,T+15,15,IndiGo,6378.54,7781,2026-08-21,False
2026-08-06,5,DEL-BLR,DEL,BLR,T+30,30,IndiGo,5320.56,6491,2026-09-05,False
2026-08-06,5,DEL-BLR,DEL,BLR,T+30,30,IndiGo,5286.64,6449,2026-09-05,False
2026-08-06,5,DEL-BLR,DEL,BLR,T+30,30,IndiGo,5762.55,7030,2026-09-05,False
2026-08-06,5,DEL-BLR,DEL,BLR,T+30,30,IndiGo,5446.92,6645,2026-09-05,False
2026-08-06,5,DEL-BLR,DEL,BLR,T+30,30,SpiceJet,5309.74,6477,2026-09-05,False
2026-08-06,5,DEL-BLR,DEL,BLR,T+45,45,IndiGo,4914.2,5995,2026-09-20,False
2026-08-06,5,DEL-BLR,DEL,BLR,T+45,45,IndiGo,5004.46,6105,2026-09-20,False
2026-08-06,5,DEL-BLR,DEL,BLR,T+45,45,IndiGo,4935.51,6021,2026-09-20,False
2026-08-06,5,DEL-BLR,DEL,BLR,T+45,45,IndiGo,4701.25,5735,2026-09-20,False
2026-08-06,5,DEL-BLR,DEL,BLR,T+45,45,Air India,6005.46,7326,2026-09-20,False
2026-08-06,5,BOM-BLR,BOM,BLR,T+1,1,Air India,8905.09,10864,2026-08-07,False
2026-08-06,5,BOM-BLR,BOM,BLR,T+1,1,IndiGo,7267.5,8866,2026-08-07,False
2026-08-06,5,BOM-BLR,BOM,BLR,T+1,1,Air India,8925.91,10889,2026-08-07,False
2026-08-06,5,BOM-BLR,BOM,BLR,T+1,1,Air India,9537.67,11635,2026-08-07,False
2026-08-06,5,BOM-BLR,BOM,BLR,T+1,1,IndiGo,7914.98,9656,2026-08-07,False
2026-08-06,5,BOM-BLR,BOM,BLR,T+7,7,IndiGo,5373.13,6555,2026-08-13,False
2026-08-06,5,BOM-BLR,BOM,BLR,T+7,7,IndiGo,5373.01,6555,2026-08-13,False
2026-08-06,5,BOM-BLR,BOM,BLR,T+7,7,IndiGo,5378.27,6561,2026-08-13,False
2026-08-06,5,BOM-BLR,BOM,BLR,T+7,7,IndiGo,5834.88,7118,2026-08-13,False
2026-08-06,5,BOM-BLR,BOM,BLR,T+7,7,IndiGo,5512.22,6724,2026-08-13,False
2026-08-06,5,BOM-BLR,BOM,BLR,T+15,15,IndiGo,4201.05,5125,2026-08-21,False
2026-08-06,5,BOM-BLR,BOM,BLR,T+15,15,IndiGo,4288.0,5231,2026-08-21,False
2026-08-06,5,BOM-BLR,BOM,BLR,T+15,15,Air India,4920.15,6002,2026-08-21,False
2026-08-06,5,BOM-BLR,BOM,BLR,T+15,15,IndiGo,4101.23,5003,2026-08-21,False
2026-08-06,5,BOM-BLR,BOM,BLR,T+15,15,IndiGo,4110.31,5014,2026-08-21,False
2026-08-06,5,BOM-BLR,BOM,BLR,T+30,30,Air India,4171.84,5089,2026-09-05,False
2026-08-06,5,BOM-BLR,BOM,BLR,T+30,30,IndiGo,3542.88,4322,2026-09-05,False
2026-08-06,5,BOM-BLR,BOM,BLR,T+30,30,Air India,4288.83,5232,2026-09-05,False
2026-08-06,5,BOM-BLR,BOM,BLR,T+30,30,IndiGo,3553.95,4335,2026-09-05,False
2026-08-06,5,BOM-BLR,BOM,BLR,T+30,30,IndiGo,3638.47,4438,2026-09-05,False
2026-08-06,5,BOM-BLR,BOM,BLR,T+45,45,Air India,3707.11,4522,2026-09-20,False
2026-08-06,5,BOM-BLR,BOM,BLR,T+45,45,Air India,3727.85,4547,2026-09-20,False
2026-08-06,5,BOM-BLR,BOM,BLR,T+45,45,IndiGo,2932.8,3578,2026-09-20,False
2026-08-06,5,BOM-BLR,BOM,BLR,T+45,45,IndiGo,3254.47,3970,2026-09-20,False
2026-08-06,5,BOM-BLR,BOM,BLR,T+45,45,IndiGo,3191.58,3893,2026-09-20,False
2026-08-06,5,DEL-CCU,DEL,CCU,T+1,1,IndiGo,11253.04,13728,2026-08-07,False
2026-08-06,5,DEL-CCU,DEL,CCU,T+1,1,IndiGo,9771.03,11920,2026-08-07,False
2026-08-06,5,DEL-CCU,DEL,CCU,T+1,1,IndiGo,11668.0,14234,2026-08-07,False
2026-08-06,5,DEL-CCU,DEL,CCU,T+1,1,Air India,12756.35,15562,2026-08-07,False
2026-08-06,5,DEL-CCU,DEL,CCU,T+1,1,Air India,13316.18,16245,2026-08-07,False
2026-08-06,5,DEL-CCU,DEL,CCU,T+7,7,Air India,8741.7,10664,2026-08-13,False
2026-08-06,5,DEL-CCU,DEL,CCU,T+7,7,Air India,9266.46,11305,2026-08-13,False
2026-08-06,5,DEL-CCU,DEL,CCU,T+7,7,Akasa Air,7177.16,8756,2026-08-13,False
2026-08-06,5,DEL-CCU,DEL,CCU,T+7,7,IndiGo,7526.91,9182,2026-08-13,False
2026-08-06,5,DEL-CCU,DEL,CCU,T+7,7,IndiGo,8210.4,10016,2026-08-13,False
2026-08-06,5,DEL-CCU,DEL,CCU,T+15,15,IndiGo,5815.75,7095,2026-08-21,False
2026-08-06,5,DEL-CCU,DEL,CCU,T+15,15,IndiGo,5899.38,7197,2026-08-21,False
2026-08-06,5,DEL-CCU,DEL,CCU,T+15,15,IndiGo,6033.11,7360,2026-08-21,False
2026-08-06,5,DEL-CCU,DEL,CCU,T+15,15,IndiGo,5956.4,7266,2026-08-21,False
2026-08-06,5,DEL-CCU,DEL,CCU,T+15,15,IndiGo,5885.64,7180,2026-08-21,False
2026-08-06,5,DEL-CCU,DEL,CCU,T+30,30,Air India,5992.02,7310,2026-09-05,False
2026-08-06,5,DEL-CCU,DEL,CCU,T+30,30,IndiGo,5440.56,6637,2026-09-05,False
2026-08-06,5,DEL-CCU,DEL,CCU,T+30,30,Air India,5904.52,7203,2026-09-05,False
2026-08-06,5,DEL-CCU,DEL,CCU,T+30,30,IndiGo,5053.74,6165,2026-09-05,False
2026-08-06,5,DEL-CCU,DEL,CCU,T+30,30,Air India,6134.02,7483,2026-09-05,False
2026-08-06,5,DEL-CCU,DEL,CCU,T+45,45,Air India,5462.56,6664,2026-09-20,False
2026-08-06,5,DEL-CCU,DEL,CCU,T+45,45,Akasa Air,4499.42,5489,2026-09-20,False
2026-08-06,5,DEL-CCU,DEL,CCU,T+45,45,Air India,5376.64,6559,2026-09-20,False
2026-08-06,5,DEL-CCU,DEL,CCU,T+45,45,IndiGo,4282.36,5224,2026-09-20,False
2026-08-06,5,DEL-CCU,DEL,CCU,T+45,45,IndiGo,4715.84,5753,2026-09-20,False
2026-08-06,5,BLR-HYD,BLR,HYD,T+1,1,IndiGo,5758.33,7025,2026-08-07,False
2026-08-06,5,BLR-HYD,BLR,HYD,T+1,1,Air India,7147.45,8719,2026-08-07,False
2026-08-06,5,BLR-HYD,BLR,HYD,T+1,1,Air India,6885.83,8400,2026-08-07,False
2026-08-06,5,BLR-HYD,BLR,HYD,T+1,1,IndiGo,5985.56,7302,2026-08-07,False
2026-08-06,5,BLR-HYD,BLR,HYD,T+1,1,IndiGo,6068.06,7403,2026-08-07,False
2026-08-06,5,BLR-HYD,BLR,HYD,T+7,7,Air India,5061.48,6175,2026-08-13,False
2026-08-06,5,BLR-HYD,BLR,HYD,T+7,7,IndiGo,4308.16,5255,2026-08-13,False
2026-08-06,5,BLR-HYD,BLR,HYD,T+7,7,IndiGo,4485.25,5472,2026-08-13,False
2026-08-06,5,BLR-HYD,BLR,HYD,T+7,7,IndiGo,4312.86,5261,2026-08-13,False
2026-08-06,5,BLR-HYD,BLR,HYD,T+7,7,Air India,4962.41,6054,2026-08-13,False
2026-08-06,5,BLR-HYD,BLR,HYD,T+15,15,IndiGo,3339.24,4073,2026-08-21,False
2026-08-06,5,BLR-HYD,BLR,HYD,T+15,15,IndiGo,3364.73,4104,2026-08-21,False
2026-08-06,5,BLR-HYD,BLR,HYD,T+15,15,IndiGo,3091.45,3771,2026-08-21,False
2026-08-06,5,BLR-HYD,BLR,HYD,T+15,15,IndiGo,3297.79,4023,2026-08-21,False
2026-08-06,5,BLR-HYD,BLR,HYD,T+15,15,IndiGo,3309.52,4037,2026-08-21,False
2026-08-06,5,BLR-HYD,BLR,HYD,T+30,30,Air India,3230.25,3940,2026-09-05,False
2026-08-06,5,BLR-HYD,BLR,HYD,T+30,30,IndiGo,2902.1,3540,2026-09-05,False
2026-08-06,5,BLR-HYD,BLR,HYD,T+30,30,IndiGo,2754.24,3360,2026-09-05,False
2026-08-06,5,BLR-HYD,BLR,HYD,T+30,30,IndiGo,2780.95,3392,2026-09-05,False
2026-08-06,5,BLR-HYD,BLR,HYD,T+30,30,IndiGo,2752.01,3357,2026-09-05,False
2026-08-06,5,BLR-HYD,BLR,HYD,T+45,45,Air India,2903.14,3541,2026-09-20,False
2026-08-06,5,BLR-HYD,BLR,HYD,T+45,45,Air India,2790.22,3404,2026-09-20,False
2026-08-06,5,BLR-HYD,BLR,HYD,T+45,45,IndiGo,2337.09,2851,2026-09-20,False
2026-08-06,5,BLR-HYD,BLR,HYD,T+45,45,IndiGo,2598.49,3170,2026-09-20,False
2026-08-06,5,BLR-HYD,BLR,HYD,T+45,45,IndiGo,2388.18,2913,2026-09-20,False
2026-08-06,5,MAA-DEL,MAA,DEL,T+1,1,IndiGo,11038.84,13467,2026-08-07,False
2026-08-06,5,MAA-DEL,MAA,DEL,T+1,1,IndiGo,10573.76,12899,2026-08-07,False
2026-08-06,5,MAA-DEL,MAA,DEL,T+1,1,Air India,13180.52,16080,2026-08-07,False
2026-08-06,5,MAA-DEL,MAA,DEL,T+1,1,IndiGo,10906.08,13305,2026-08-07,False
2026-08-06,5,MAA-DEL,MAA,DEL,T+1,1,Air India,14256.85,17393,2026-08-07,False
2026-08-06,5,MAA-DEL,MAA,DEL,T+7,7,IndiGo,8378.95,10222,2026-08-13,False
2026-08-06,5,MAA-DEL,MAA,DEL,T+7,7,IndiGo,7898.0,9635,2026-08-13,False
2026-08-06,5,MAA-DEL,MAA,DEL,T+7,7,IndiGo,8730.93,10651,2026-08-13,False
2026-08-06,5,MAA-DEL,MAA,DEL,T+7,7,Air India,9868.98,12040,2026-08-13,False
2026-08-06,5,MAA-DEL,MAA,DEL,T+7,7,IndiGo,8000.91,9761,2026-08-13,False
2026-08-06,5,MAA-DEL,MAA,DEL,T+15,15,IndiGo,5618.99,6855,2026-08-21,False
2026-08-06,5,MAA-DEL,MAA,DEL,T+15,15,IndiGo,6651.4,8114,2026-08-21,False
2026-08-06,5,MAA-DEL,MAA,DEL,T+15,15,Air India,6906.48,8425,2026-08-21,False
2026-08-06,5,MAA-DEL,MAA,DEL,T+15,15,IndiGo,5803.04,7079,2026-08-21,False
2026-08-06,5,MAA-DEL,MAA,DEL,T+15,15,Air India,7519.37,9173,2026-08-21,False
2026-08-06,5,MAA-DEL,MAA,DEL,T+30,30,IndiGo,5728.69,6989,2026-09-05,False
2026-08-06,5,MAA-DEL,MAA,DEL,T+30,30,IndiGo,5533.71,6751,2026-09-05,False
2026-08-06,5,MAA-DEL,MAA,DEL,T+30,30,IndiGo,5382.16,6566,2026-09-05,False
2026-08-06,5,MAA-DEL,MAA,DEL,T+30,30,IndiGo,5387.86,6573,2026-09-05,False
2026-08-06,5,MAA-DEL,MAA,DEL,T+30,30,IndiGo,5435.64,6631,2026-09-05,False
2026-08-06,5,MAA-DEL,MAA,DEL,T+45,45,IndiGo,4816.17,5875,2026-09-20,False
2026-08-06,5,MAA-DEL,MAA,DEL,T+45,45,IndiGo,4737.72,5780,2026-09-20,False
2026-08-06,5,MAA-DEL,MAA,DEL,T+45,45,IndiGo,4708.66,5744,2026-09-20,False
2026-08-06,5,MAA-DEL,MAA,DEL,T+45,45,IndiGo,4681.27,5711,2026-09-20,False
2026-08-06,5,MAA-DEL,MAA,DEL,T+45,45,IndiGo,4567.74,5572,2026-09-20,False
2026-08-06,5,DEL-PNQ,DEL,PNQ,T+1,1,Air India,10504.59,12815,2026-08-07,False
2026-08-06,5,DEL-PNQ,DEL,PNQ,T+1,1,IndiGo,8465.35,10327,2026-08-07,False
2026-08-06,5,DEL-PNQ,DEL,PNQ,T+1,1,IndiGo,8967.57,10940,2026-08-07,False
2026-08-06,5,DEL-PNQ,DEL,PNQ,T+1,1,Air India,10241.74,12494,2026-08-07,False
2026-08-06,5,DEL-PNQ,DEL,PNQ,T+1,1,IndiGo,8650.97,10554,2026-08-07,False
2026-08-06,5,DEL-PNQ,DEL,PNQ,T+7,7,Air India,7555.04,9217,2026-08-13,False
2026-08-06,5,DEL-PNQ,DEL,PNQ,T+7,7,Air India,7873.55,9605,2026-08-13,False
2026-08-06,5,DEL-PNQ,DEL,PNQ,T+7,7,IndiGo,6572.88,8018,2026-08-13,False
2026-08-06,5,DEL-PNQ,DEL,PNQ,T+7,7,Air India,7095.09,8656,2026-08-13,False
2026-08-06,5,DEL-PNQ,DEL,PNQ,T+7,7,IndiGo,6147.62,7500,2026-08-13,False
2026-08-06,5,DEL-PNQ,DEL,PNQ,T+15,15,IndiGo,5004.91,6105,2026-08-21,False
2026-08-06,5,DEL-PNQ,DEL,PNQ,T+15,15,Air India,5516.0,6729,2026-08-21,False
2026-08-06,5,DEL-PNQ,DEL,PNQ,T+15,15,Air India,5667.52,6914,2026-08-21,False
2026-08-06,5,DEL-PNQ,DEL,PNQ,T+15,15,IndiGo,4938.65,6025,2026-08-21,False
2026-08-06,5,DEL-PNQ,DEL,PNQ,T+15,15,IndiGo,4681.15,5711,2026-08-21,False
2026-08-06,5,DEL-PNQ,DEL,PNQ,T+30,30,Air India,4914.43,5995,2026-09-05,False
2026-08-06,5,DEL-PNQ,DEL,PNQ,T+30,30,IndiGo,3959.26,4830,2026-09-05,False
2026-08-06,5,DEL-PNQ,DEL,PNQ,T+30,30,IndiGo,4065.76,4960,2026-09-05,False
2026-08-06,5,DEL-PNQ,DEL,PNQ,T+30,30,IndiGo,4199.66,5123,2026-09-05,False
2026-08-06,5,DEL-PNQ,DEL,PNQ,T+30,30,IndiGo,3921.61,4784,2026-09-05,False
2026-08-06,5,DEL-PNQ,DEL,PNQ,T+45,45,Air India,4419.43,5391,2026-09-20,False
2026-08-06,5,DEL-PNQ,DEL,PNQ,T+45,45,IndiGo,3689.17,4500,2026-09-20,False
2026-08-06,5,DEL-PNQ,DEL,PNQ,T+45,45,Air India,4436.49,5412,2026-09-20,False
2026-08-06,5,DEL-PNQ,DEL,PNQ,T+45,45,Air India,4386.44,5351,2026-09-20,False
2026-08-06,5,DEL-PNQ,DEL,PNQ,T+45,45,IndiGo,3867.97,4718,2026-09-20,False
2026-08-07,6,DEL-BOM,DEL,BOM,T+1,1,Air India,11563.49,14107,2026-08-08,False
2026-08-07,6,DEL-BOM,DEL,BOM,T+1,1,IndiGo,9618.75,11734,2026-08-08,False
2026-08-07,6,DEL-BOM,DEL,BOM,T+1,1,IndiGo,9807.31,11964,2026-08-08,False
2026-08-07,6,DEL-BOM,DEL,BOM,T+1,1,IndiGo,9951.21,12140,2026-08-08,False
2026-08-07,6,DEL-BOM,DEL,BOM,T+1,1,IndiGo,9782.21,11934,2026-08-08,False
2026-08-07,6,DEL-BOM,DEL,BOM,T+7,7,IndiGo,6920.8,8443,2026-08-14,False
2026-08-07,6,DEL-BOM,DEL,BOM,T+7,7,IndiGo,6741.18,8224,2026-08-14,False
2026-08-07,6,DEL-BOM,DEL,BOM,T+7,7,IndiGo,6750.63,8235,2026-08-14,False
2026-08-07,6,DEL-BOM,DEL,BOM,T+7,7,IndiGo,6571.71,8017,2026-08-14,False
2026-08-07,6,DEL-BOM,DEL,BOM,T+7,7,IndiGo,7334.17,8947,2026-08-14,False
2026-08-07,6,DEL-BOM,DEL,BOM,T+15,15,IndiGo,5029.43,6135,2026-08-22,False
2026-08-07,6,DEL-BOM,DEL,BOM,T+15,15,IndiGo,5130.83,6259,2026-08-22,False
2026-08-07,6,DEL-BOM,DEL,BOM,T+15,15,Air India,6043.45,7373,2026-08-22,False
2026-08-07,6,DEL-BOM,DEL,BOM,T+15,15,IndiGo,5423.06,6616,2026-08-22,False
2026-08-07,6,DEL-BOM,DEL,BOM,T+15,15,Air India,6135.33,7485,2026-08-22,False
2026-08-07,6,DEL-BOM,DEL,BOM,T+30,30,Air India,5545.76,6765,2026-09-06,False
2026-08-07,6,DEL-BOM,DEL,BOM,T+30,30,Air India,5188.45,6329,2026-09-06,False
2026-08-07,6,DEL-BOM,DEL,BOM,T+30,30,IndiGo,4551.17,5552,2026-09-06,False
2026-08-07,6,DEL-BOM,DEL,BOM,T+30,30,IndiGo,4375.38,5337,2026-09-06,False
2026-08-07,6,DEL-BOM,DEL,BOM,T+30,30,IndiGo,4845.56,5911,2026-09-06,False
2026-08-07,6,DEL-BOM,DEL,BOM,T+45,45,IndiGo,3839.84,4684,2026-09-21,False
2026-08-07,6,DEL-BOM,DEL,BOM,T+45,45,Air India,4774.51,5824,2026-09-21,False
2026-08-07,6,DEL-BOM,DEL,BOM,T+45,45,IndiGo,4095.23,4996,2026-09-21,False
2026-08-07,6,DEL-BOM,DEL,BOM,T+45,45,IndiGo,4064.39,4958,2026-09-21,False
2026-08-07,6,DEL-BOM,DEL,BOM,T+45,45,Air India,4692.66,5725,2026-09-21,False
2026-08-07,6,BOM-DEL,BOM,DEL,T+1,1,IndiGo,9721.14,11859,2026-08-08,False
2026-08-07,6,BOM-DEL,BOM,DEL,T+1,1,Air India,11530.68,14067,2026-08-08,False
2026-08-07,6,BOM-DEL,BOM,DEL,T+1,1,Air India,11453.79,13973,2026-08-08,False
2026-08-07,6,BOM-DEL,BOM,DEL,T+1,1,IndiGo,10094.96,12315,2026-08-08,False
2026-08-07,6,BOM-DEL,BOM,DEL,T+1,1,Air India,12403.77,15132,2026-08-08,False
2026-08-07,6,BOM-DEL,BOM,DEL,T+7,7,IndiGo,6776.13,8266,2026-08-14,False
2026-08-07,6,BOM-DEL,BOM,DEL,T+7,7,IndiGo,6579.65,8027,2026-08-14,False
2026-08-07,6,BOM-DEL,BOM,DEL,T+7,7,IndiGo,6889.63,8405,2026-08-14,False
2026-08-07,6,BOM-DEL,BOM,DEL,T+7,7,Air India,8883.33,10837,2026-08-14,False
2026-08-07,6,BOM-DEL,BOM,DEL,T+7,7,IndiGo,6716.58,8194,2026-08-14,False
2026-08-07,6,BOM-DEL,BOM,DEL,T+15,15,IndiGo,5560.02,6783,2026-08-22,False
2026-08-07,6,BOM-DEL,BOM,DEL,T+15,15,IndiGo,5567.12,6791,2026-08-22,False
2026-08-07,6,BOM-DEL,BOM,DEL,T+15,15,IndiGo,5156.47,6290,2026-08-22,False
2026-08-07,6,BOM-DEL,BOM,DEL,T+15,15,IndiGo,5363.07,6542,2026-08-22,False
2026-08-07,6,BOM-DEL,BOM,DEL,T+15,15,IndiGo,5558.05,6780,2026-08-22,False
2026-08-07,6,BOM-DEL,BOM,DEL,T+30,30,IndiGo,4447.35,5425,2026-09-06,False
2026-08-07,6,BOM-DEL,BOM,DEL,T+30,30,IndiGo,4475.05,5459,2026-09-06,False
2026-08-07,6,BOM-DEL,BOM,DEL,T+30,30,IndiGo,4415.4,5386,2026-09-06,False
2026-08-07,6,BOM-DEL,BOM,DEL,T+30,30,IndiGo,4347.08,5303,2026-09-06,False
2026-08-07,6,BOM-DEL,BOM,DEL,T+30,30,IndiGo,4404.74,5373,2026-09-06,False
2026-08-07,6,BOM-DEL,BOM,DEL,T+45,45,Air India,4520.96,5515,2026-09-21,False
2026-08-07,6,BOM-DEL,BOM,DEL,T+45,45,IndiGo,4011.14,4893,2026-09-21,False
2026-08-07,6,BOM-DEL,BOM,DEL,T+45,45,Air India,4596.01,5607,2026-09-21,False
2026-08-07,6,BOM-DEL,BOM,DEL,T+45,45,Air India,4761.94,5809,2026-09-21,False
2026-08-07,6,BOM-DEL,BOM,DEL,T+45,45,IndiGo,3788.19,4621,2026-09-21,False
2026-08-07,6,DEL-BLR,DEL,BLR,T+1,1,IndiGo,12158.29,14833,2026-08-08,False
2026-08-07,6,DEL-BLR,DEL,BLR,T+1,1,IndiGo,12369.73,15091,2026-08-08,False
2026-08-07,6,DEL-BLR,DEL,BLR,T+1,1,IndiGo,11180.39,13640,2026-08-08,False
2026-08-07,6,DEL-BLR,DEL,BLR,T+1,1,Air India,14355.39,17513,2026-08-08,False
2026-08-07,6,DEL-BLR,DEL,BLR,T+1,1,Air India,14778.74,18030,2026-08-08,False
2026-08-07,6,DEL-BLR,DEL,BLR,T+7,7,IndiGo,8145.71,9937,2026-08-14,False
2026-08-07,6,DEL-BLR,DEL,BLR,T+7,7,Air India,10614.95,12950,2026-08-14,False
2026-08-07,6,DEL-BLR,DEL,BLR,T+7,7,IndiGo,8630.56,10529,2026-08-14,False
2026-08-07,6,DEL-BLR,DEL,BLR,T+7,7,IndiGo,8295.94,10121,2026-08-14,False
2026-08-07,6,DEL-BLR,DEL,BLR,T+7,7,IndiGo,8489.22,10356,2026-08-14,False
2026-08-07,6,DEL-BLR,DEL,BLR,T+15,15,IndiGo,6598.29,8049,2026-08-22,False
2026-08-07,6,DEL-BLR,DEL,BLR,T+15,15,IndiGo,6489.04,7916,2026-08-22,False
2026-08-07,6,DEL-BLR,DEL,BLR,T+15,15,IndiGo,6593.86,8044,2026-08-22,False
2026-08-07,6,DEL-BLR,DEL,BLR,T+15,15,Air India,7384.07,9008,2026-08-22,False
2026-08-07,6,DEL-BLR,DEL,BLR,T+15,15,IndiGo,6510.18,7942,2026-08-22,False
2026-08-07,6,DEL-BLR,DEL,BLR,T+30,30,Air India,6216.35,7583,2026-09-06,False
2026-08-07,6,DEL-BLR,DEL,BLR,T+30,30,IndiGo,5525.68,6741,2026-09-06,False
2026-08-07,6,DEL-BLR,DEL,BLR,T+30,30,IndiGo,5371.78,6553,2026-09-06,False
2026-08-07,6,DEL-BLR,DEL,BLR,T+30,30,IndiGo,5404.47,6593,2026-09-06,False
2026-08-07,6,DEL-BLR,DEL,BLR,T+30,30,IndiGo,5787.27,7060,2026-09-06,False
2026-08-07,6,DEL-BLR,DEL,BLR,T+45,45,IndiGo,5119.25,6245,2026-09-21,False
2026-08-07,6,DEL-BLR,DEL,BLR,T+45,45,IndiGo,5036.04,6143,2026-09-21,False
2026-08-07,6,DEL-BLR,DEL,BLR,T+45,45,IndiGo,4742.4,5785,2026-09-21,False
2026-08-07,6,DEL-BLR,DEL,BLR,T+45,45,IndiGo,4876.3,5949,2026-09-21,False
2026-08-07,6,DEL-BLR,DEL,BLR,T+45,45,IndiGo,5140.27,6271,2026-09-21,False
2026-08-07,6,BOM-BLR,BOM,BLR,T+1,1,IndiGo,7737.92,9440,2026-08-08,False
2026-08-07,6,BOM-BLR,BOM,BLR,T+1,1,IndiGo,8324.77,10156,2026-08-08,False
2026-08-07,6,BOM-BLR,BOM,BLR,T+1,1,IndiGo,7805.73,9522,2026-08-08,False
2026-08-07,6,BOM-BLR,BOM,BLR,T+1,1,Air India,9138.6,11149,2026-08-08,False
2026-08-07,6,BOM-BLR,BOM,BLR,T+1,1,IndiGo,7616.43,9292,2026-08-08,False
2026-08-07,6,BOM-BLR,BOM,BLR,T+7,7,IndiGo,5474.51,6678,2026-08-14,False
2026-08-07,6,BOM-BLR,BOM,BLR,T+7,7,IndiGo,5419.96,6612,2026-08-14,False
2026-08-07,6,BOM-BLR,BOM,BLR,T+7,7,Air India,6583.35,8031,2026-08-14,False
2026-08-07,6,BOM-BLR,BOM,BLR,T+7,7,IndiGo,5631.5,6870,2026-08-14,False
2026-08-07,6,BOM-BLR,BOM,BLR,T+7,7,Air India,6247.41,7621,2026-08-14,False
2026-08-07,6,BOM-BLR,BOM,BLR,T+15,15,IndiGo,3952.83,4822,2026-08-22,False
2026-08-07,6,BOM-BLR,BOM,BLR,T+15,15,Air India,4573.79,5580,2026-08-22,False
2026-08-07,6,BOM-BLR,BOM,BLR,T+15,15,Air India,4974.83,6069,2026-08-22,False
2026-08-07,6,BOM-BLR,BOM,BLR,T+15,15,IndiGo,3985.9,4862,2026-08-22,False
2026-08-07,6,BOM-BLR,BOM,BLR,T+15,15,IndiGo,3833.6,4676,2026-08-22,False
2026-08-07,6,BOM-BLR,BOM,BLR,T+30,30,IndiGo,3602.05,4394,2026-09-06,False
2026-08-07,6,BOM-BLR,BOM,BLR,T+30,30,IndiGo,3863.8,4713,2026-09-06,False
2026-08-07,6,BOM-BLR,BOM,BLR,T+30,30,Akasa Air,3440.77,4197,2026-09-06,False
2026-08-07,6,BOM-BLR,BOM,BLR,T+30,30,Air India,4312.61,5261,2026-09-06,False
2026-08-07,6,BOM-BLR,BOM,BLR,T+30,30,IndiGo,3563.9,4347,2026-09-06,False
2026-08-07,6,BOM-BLR,BOM,BLR,T+45,45,IndiGo,3147.93,3840,2026-09-21,False
2026-08-07,6,BOM-BLR,BOM,BLR,T+45,45,Akasa Air,3157.52,3852,2026-09-21,False
2026-08-07,6,BOM-BLR,BOM,BLR,T+45,45,IndiGo,3126.77,3814,2026-09-21,False
2026-08-07,6,BOM-BLR,BOM,BLR,T+45,45,IndiGo,3188.43,3889,2026-09-21,False
2026-08-07,6,BOM-BLR,BOM,BLR,T+45,45,Air India,3766.07,4594,2026-09-21,False
2026-08-07,6,DEL-CCU,DEL,CCU,T+1,1,Air India,12541.18,15300,2026-08-08,False
2026-08-07,6,DEL-CCU,DEL,CCU,T+1,1,Air India,13287.33,16210,2026-08-08,False
2026-08-07,6,DEL-CCU,DEL,CCU,T+1,1,Air India,12762.82,15570,2026-08-08,False
2026-08-07,6,DEL-CCU,DEL,CCU,T+1,1,Air India,12501.78,15252,2026-08-08,False
2026-08-07,6,DEL-CCU,DEL,CCU,T+1,1,Air India,13082.59,15960,2026-08-08,False
2026-08-07,6,DEL-CCU,DEL,CCU,T+7,7,IndiGo,7466.0,9108,2026-08-14,False
2026-08-07,6,DEL-CCU,DEL,CCU,T+7,7,IndiGo,7716.0,9413,2026-08-14,False
2026-08-07,6,DEL-CCU,DEL,CCU,T+7,7,IndiGo,7705.94,9401,2026-08-14,False
2026-08-07,6,DEL-CCU,DEL,CCU,T+7,7,IndiGo,8001.37,9761,2026-08-14,False
2026-08-07,6,DEL-CCU,DEL,CCU,T+7,7,IndiGo,7836.47,9560,2026-08-14,False
2026-08-07,6,DEL-CCU,DEL,CCU,T+15,15,IndiGo,5859.95,7149,2026-08-22,False
2026-08-07,6,DEL-CCU,DEL,CCU,T+15,15,IndiGo,6032.96,7360,2026-08-22,False
2026-08-07,6,DEL-CCU,DEL,CCU,T+15,15,Akasa Air,5956.24,7266,2026-08-22,False
2026-08-07,6,DEL-CCU,DEL,CCU,T+15,15,IndiGo,5979.59,7295,2026-08-22,False
2026-08-07,6,DEL-CCU,DEL,CCU,T+15,15,IndiGo,5867.21,7157,2026-08-22,False
2026-08-07,6,DEL-CCU,DEL,CCU,T+30,30,IndiGo,4796.4,5851,2026-09-06,False
2026-08-07,6,DEL-CCU,DEL,CCU,T+30,30,IndiGo,4839.81,5904,2026-09-06,False
2026-08-07,6,DEL-CCU,DEL,CCU,T+30,30,Air India,5863.51,7153,2026-09-06,False
2026-08-07,6,DEL-CCU,DEL,CCU,T+30,30,IndiGo,4919.97,6002,2026-09-06,False
2026-08-07,6,DEL-CCU,DEL,CCU,T+30,30,Air India,5888.04,7183,2026-09-06,False
2026-08-07,6,DEL-CCU,DEL,CCU,T+45,45,Air India,5278.73,6440,2026-09-21,False
2026-08-07,6,DEL-CCU,DEL,CCU,T+45,45,Air India,5365.96,6546,2026-09-21,False
2026-08-07,6,DEL-CCU,DEL,CCU,T+45,45,IndiGo,4457.61,5438,2026-09-21,False
2026-08-07,6,DEL-CCU,DEL,CCU,T+45,45,IndiGo,4544.73,5544,2026-09-21,False
2026-08-07,6,DEL-CCU,DEL,CCU,T+45,45,Air India,5280.18,6441,2026-09-21,False
2026-08-07,6,BLR-HYD,BLR,HYD,T+1,1,IndiGo,5594.04,6824,2026-08-08,False
2026-08-07,6,BLR-HYD,BLR,HYD,T+1,1,IndiGo,5811.97,7090,2026-08-08,False
2026-08-07,6,BLR-HYD,BLR,HYD,T+1,1,IndiGo,5979.24,7294,2026-08-08,False
2026-08-07,6,BLR-HYD,BLR,HYD,T+1,1,Air India,6784.97,8277,2026-08-08,False
2026-08-07,6,BLR-HYD,BLR,HYD,T+1,1,Air India,7233.71,8825,2026-08-08,False
2026-08-07,6,BLR-HYD,BLR,HYD,T+7,7,Air India,5282.59,6444,2026-08-14,False
2026-08-07,6,BLR-HYD,BLR,HYD,T+7,7,IndiGo,4434.33,5409,2026-08-14,False
2026-08-07,6,BLR-HYD,BLR,HYD,T+7,7,IndiGo,4221.14,5149,2026-08-14,False
2026-08-07,6,BLR-HYD,BLR,HYD,T+7,7,IndiGo,4474.81,5459,2026-08-14,False
2026-08-07,6,BLR-HYD,BLR,HYD,T+7,7,Air India,5040.05,6148,2026-08-14,False
2026-08-07,6,BLR-HYD,BLR,HYD,T+15,15,IndiGo,3197.73,3901,2026-08-22,False
2026-08-07,6,BLR-HYD,BLR,HYD,T+15,15,IndiGo,3166.44,3863,2026-08-22,False
2026-08-07,6,BLR-HYD,BLR,HYD,T+15,15,IndiGo,3201.65,3906,2026-08-22,False
2026-08-07,6,BLR-HYD,BLR,HYD,T+15,15,Air India,3763.14,4591,2026-08-22,False
2026-08-07,6,BLR-HYD,BLR,HYD,T+15,15,IndiGo,3255.21,3971,2026-08-22,False
2026-08-07,6,BLR-HYD,BLR,HYD,T+30,30,IndiGo,2789.23,3402,2026-09-06,False
2026-08-07,6,BLR-HYD,BLR,HYD,T+30,30,IndiGo,2773.93,3384,2026-09-06,False
2026-08-07,6,BLR-HYD,BLR,HYD,T+30,30,Air India,3319.98,4050,2026-09-06,False
2026-08-07,6,BLR-HYD,BLR,HYD,T+30,30,IndiGo,2889.22,3524,2026-09-06,False
2026-08-07,6,BLR-HYD,BLR,HYD,T+30,30,Air India,3378.65,4121,2026-09-06,False
2026-08-07,6,BLR-HYD,BLR,HYD,T+45,45,IndiGo,2337.32,2851,2026-09-21,False
2026-08-07,6,BLR-HYD,BLR,HYD,T+45,45,Akasa Air,2174.18,2652,2026-09-21,False
2026-08-07,6,BLR-HYD,BLR,HYD,T+45,45,Akasa Air,2465.68,3008,2026-09-21,False
2026-08-07,6,BLR-HYD,BLR,HYD,T+45,45,IndiGo,2347.51,2863,2026-09-21,False
2026-08-07,6,BLR-HYD,BLR,HYD,T+45,45,IndiGo,2446.06,2984,2026-09-21,False
2026-08-07,6,MAA-DEL,MAA,DEL,T+1,1,IndiGo,10986.54,13403,2026-08-08,False
2026-08-07,6,MAA-DEL,MAA,DEL,T+1,1,IndiGo,10733.2,13094,2026-08-08,False
2026-08-07,6,MAA-DEL,MAA,DEL,T+1,1,Akasa Air,11304.18,13791,2026-08-08,False
2026-08-07,6,MAA-DEL,MAA,DEL,T+1,1,Air India,13864.52,16914,2026-08-08,False
2026-08-07,6,MAA-DEL,MAA,DEL,T+1,1,Air India,13233.15,16144,2026-08-08,False
2026-08-07,6,MAA-DEL,MAA,DEL,T+7,7,IndiGo,7371.91,8993,2026-08-14,False
2026-08-07,6,MAA-DEL,MAA,DEL,T+7,7,IndiGo,7952.11,9701,2026-08-14,False
2026-08-07,6,MAA-DEL,MAA,DEL,T+7,7,IndiGo,8218.28,10026,2026-08-14,False
2026-08-07,6,MAA-DEL,MAA,DEL,T+7,7,Air India,9063.12,11057,2026-08-14,False
2026-08-07,6,MAA-DEL,MAA,DEL,T+7,7,IndiGo,8159.14,9954,2026-08-14,False
2026-08-07,6,MAA-DEL,MAA,DEL,T+15,15,IndiGo,6165.15,7521,2026-08-22,False
2026-08-07,6,MAA-DEL,MAA,DEL,T+15,15,Air India,7419.73,9052,2026-08-22,False
2026-08-07,6,MAA-DEL,MAA,DEL,T+15,15,Air India,7302.72,8909,2026-08-22,False
2026-08-07,6,MAA-DEL,MAA,DEL,T+15,15,IndiGo,5958.37,7269,2026-08-22,False
2026-08-07,6,MAA-DEL,MAA,DEL,T+15,15,Air India,7576.85,9243,2026-08-22,False
2026-08-07,6,MAA-DEL,MAA,DEL,T+30,30,IndiGo,5257.91,6414,2026-09-06,False
2026-08-07,6,MAA-DEL,MAA,DEL,T+30,30,Air India,6227.43,7597,2026-09-06,False
2026-08-07,6,MAA-DEL,MAA,DEL,T+30,30,IndiGo,5114.54,6239,2026-09-06,False
2026-08-07,6,MAA-DEL,MAA,DEL,T+30,30,IndiGo,5205.22,6350,2026-09-06,False
2026-08-07,6,MAA-DEL,MAA,DEL,T+30,30,Akasa Air,4961.72,6053,2026-09-06,False
2026-08-07,6,MAA-DEL,MAA,DEL,T+45,45,IndiGo,4671.33,5699,2026-09-21,False
2026-08-07,6,MAA-DEL,MAA,DEL,T+45,45,IndiGo,4981.34,6077,2026-09-21,False
2026-08-07,6,MAA-DEL,MAA,DEL,T+45,45,IndiGo,4474.11,5458,2026-09-21,False
2026-08-07,6,MAA-DEL,MAA,DEL,T+45,45,IndiGo,4434.36,5409,2026-09-21,False
2026-08-07,6,MAA-DEL,MAA,DEL,T+45,45,IndiGo,4941.77,6028,2026-09-21,False
2026-08-07,6,DEL-PNQ,DEL,PNQ,T+1,1,IndiGo,8948.28,10916,2026-08-08,False
2026-08-07,6,DEL-PNQ,DEL,PNQ,T+1,1,IndiGo,8803.23,10739,2026-08-08,False
2026-08-07,6,DEL-PNQ,DEL,PNQ,T+1,1,SpiceJet,8850.71,10797,2026-08-08,False
2026-08-07,6,DEL-PNQ,DEL,PNQ,T+1,1,IndiGo,8823.25,10764,2026-08-08,False
2026-08-07,6,DEL-PNQ,DEL,PNQ,T+1,1,IndiGo,9590.43,11700,2026-08-08,False
2026-08-07,6,DEL-PNQ,DEL,PNQ,T+7,7,Air India,7699.39,9393,2026-08-14,False
2026-08-07,6,DEL-PNQ,DEL,PNQ,T+7,7,Air India,7392.5,9018,2026-08-14,False
2026-08-07,6,DEL-PNQ,DEL,PNQ,T+7,7,IndiGo,6861.04,8370,2026-08-14,False
2026-08-07,6,DEL-PNQ,DEL,PNQ,T+7,7,Air India,7361.49,8981,2026-08-14,False
2026-08-07,6,DEL-PNQ,DEL,PNQ,T+7,7,IndiGo,6545.06,7984,2026-08-14,False
2026-08-07,6,DEL-PNQ,DEL,PNQ,T+15,15,IndiGo,4904.71,5983,2026-08-22,False
2026-08-07,6,DEL-PNQ,DEL,PNQ,T+15,15,Air India,5983.17,7299,2026-08-22,False
2026-08-07,6,DEL-PNQ,DEL,PNQ,T+15,15,Air India,6035.2,7362,2026-08-22,False
2026-08-07,6,DEL-PNQ,DEL,PNQ,T+15,15,IndiGo,4859.3,5928,2026-08-22,False
2026-08-07,6,DEL-PNQ,DEL,PNQ,T+15,15,Air India,5571.55,6797,2026-08-22,False
2026-08-07,6,DEL-PNQ,DEL,PNQ,T+30,30,IndiGo,4227.44,5157,2026-09-06,False
2026-08-07,6,DEL-PNQ,DEL,PNQ,T+30,30,IndiGo,4061.77,4955,2026-09-06,False
2026-08-07,6,DEL-PNQ,DEL,PNQ,T+30,30,IndiGo,4453.64,5433,2026-09-06,False
2026-08-07,6,DEL-PNQ,DEL,PNQ,T+30,30,IndiGo,4180.34,5100,2026-09-06,False
2026-08-07,6,DEL-PNQ,DEL,PNQ,T+30,30,Air India,4842.24,5907,2026-09-06,False
2026-08-07,6,DEL-PNQ,DEL,PNQ,T+45,45,IndiGo,3722.09,4540,2026-09-21,False
2026-08-07,6,DEL-PNQ,DEL,PNQ,T+45,45,Air India,4154.39,5068,2026-09-21,False
2026-08-07,6,DEL-PNQ,DEL,PNQ,T+45,45,IndiGo,3572.42,4358,2026-09-21,False
2026-08-07,6,DEL-PNQ,DEL,PNQ,T+45,45,IndiGo,3853.56,4701,2026-09-21,False
2026-08-07,6,DEL-PNQ,DEL,PNQ,T+45,45,IndiGo,3613.16,4408,2026-09-21,False
2026-08-08,7,DEL-BOM,DEL,BOM,T+1,1,IndiGo,9421.4,11494,2026-08-09,False
2026-08-08,7,DEL-BOM,DEL,BOM,T+1,1,IndiGo,9963.44,12155,2026-08-09,False
2026-08-08,7,DEL-BOM,DEL,BOM,T+1,1,IndiGo,10185.6,12426,2026-08-09,False
2026-08-08,7,DEL-BOM,DEL,BOM,T+1,1,Air India,11819.93,14420,2026-08-09,False
2026-08-08,7,DEL-BOM,DEL,BOM,T+1,1,IndiGo,10120.68,12347,2026-08-09,False
2026-08-08,7,DEL-BOM,DEL,BOM,T+7,7,IndiGo,6737.73,8220,2026-08-15,False
2026-08-08,7,DEL-BOM,DEL,BOM,T+7,7,Air India,7753.51,9459,2026-08-15,False
2026-08-08,7,DEL-BOM,DEL,BOM,T+7,7,IndiGo,7284.73,8887,2026-08-15,False
2026-08-08,7,DEL-BOM,DEL,BOM,T+7,7,IndiGo,6842.89,8348,2026-08-15,False
2026-08-08,7,DEL-BOM,DEL,BOM,T+7,7,IndiGo,6860.29,8369,2026-08-15,False
2026-08-08,7,DEL-BOM,DEL,BOM,T+15,15,IndiGo,5510.82,6723,2026-08-23,False
2026-08-08,7,DEL-BOM,DEL,BOM,T+15,15,IndiGo,5368.54,6549,2026-08-23,False
2026-08-08,7,DEL-BOM,DEL,BOM,T+15,15,IndiGo,5350.04,6527,2026-08-23,False
2026-08-08,7,DEL-BOM,DEL,BOM,T+15,15,IndiGo,5665.05,6911,2026-08-23,False
2026-08-08,7,DEL-BOM,DEL,BOM,T+15,15,IndiGo,5147.41,6279,2026-08-23,False
2026-08-08,7,DEL-BOM,DEL,BOM,T+30,30,IndiGo,4660.31,5685,2026-09-07,False
2026-08-08,7,DEL-BOM,DEL,BOM,T+30,30,Air India,5332.07,6505,2026-09-07,False
2026-08-08,7,DEL-BOM,DEL,BOM,T+30,30,IndiGo,4556.16,5558,2026-09-07,False
2026-08-08,7,DEL-BOM,DEL,BOM,T+30,30,Akasa Air,4605.03,5618,2026-09-07,False
2026-08-08,7,DEL-BOM,DEL,BOM,T+30,30,IndiGo,4593.96,5604,2026-09-07,False
2026-08-08,7,DEL-BOM,DEL,BOM,T+45,45,IndiGo,4087.79,4987,2026-09-22,False
2026-08-08,7,DEL-BOM,DEL,BOM,T+45,45,IndiGo,4162.81,5078,2026-09-22,False
2026-08-08,7,DEL-BOM,DEL,BOM,T+45,45,SpiceJet,3752.48,4578,2026-09-22,False
2026-08-08,7,DEL-BOM,DEL,BOM,T+45,45,IndiGo,3894.36,4751,2026-09-22,False
2026-08-08,7,DEL-BOM,DEL,BOM,T+45,45,IndiGo,3865.48,4715,2026-09-22,False
2026-08-08,7,BOM-DEL,BOM,DEL,T+1,1,IndiGo,9106.68,11110,2026-08-09,False
2026-08-08,7,BOM-DEL,BOM,DEL,T+1,1,IndiGo,10483.57,12789,2026-08-09,False
2026-08-08,7,BOM-DEL,BOM,DEL,T+1,1,Akasa Air,9105.22,11108,2026-08-09,False
2026-08-08,7,BOM-DEL,BOM,DEL,T+1,1,IndiGo,9704.01,11838,2026-08-09,False
2026-08-08,7,BOM-DEL,BOM,DEL,T+1,1,IndiGo,9684.99,11815,2026-08-09,False
2026-08-08,7,BOM-DEL,BOM,DEL,T+7,7,Air India,8247.34,10061,2026-08-15,False
2026-08-08,7,BOM-DEL,BOM,DEL,T+7,7,IndiGo,7118.65,8684,2026-08-15,False
2026-08-08,7,BOM-DEL,BOM,DEL,T+7,7,Air India,8405.29,10254,2026-08-15,False
2026-08-08,7,BOM-DEL,BOM,DEL,T+7,7,IndiGo,6779.81,8271,2026-08-15,False
2026-08-08,7,BOM-DEL,BOM,DEL,T+7,7,Air India,8111.83,9896,2026-08-15,False
2026-08-08,7,BOM-DEL,BOM,DEL,T+15,15,Air India,6269.76,7649,2026-08-23,False
2026-08-08,7,BOM-DEL,BOM,DEL,T+15,15,IndiGo,5220.18,6368,2026-08-23,False
2026-08-08,7,BOM-DEL,BOM,DEL,T+15,15,IndiGo,5562.27,6785,2026-08-23,False
2026-08-08,7,BOM-DEL,BOM,DEL,T+15,15,IndiGo,5356.51,6534,2026-08-23,False
2026-08-08,7,BOM-DEL,BOM,DEL,T+15,15,Air India,6368.04,7769,2026-08-23,False
2026-08-08,7,BOM-DEL,BOM,DEL,T+30,30,IndiGo,4618.45,5634,2026-09-07,False
2026-08-08,7,BOM-DEL,BOM,DEL,T+30,30,Air India,5540.01,6758,2026-09-07,False
2026-08-08,7,BOM-DEL,BOM,DEL,T+30,30,IndiGo,4542.33,5541,2026-09-07,False
2026-08-08,7,BOM-DEL,BOM,DEL,T+30,30,Air India,5079.91,6197,2026-09-07,False
2026-08-08,7,BOM-DEL,BOM,DEL,T+30,30,IndiGo,4576.87,5583,2026-09-07,False
2026-08-08,7,BOM-DEL,BOM,DEL,T+45,45,Air India,4622.34,5639,2026-09-22,False
2026-08-08,7,BOM-DEL,BOM,DEL,T+45,45,IndiGo,3937.97,4804,2026-09-22,False
2026-08-08,7,BOM-DEL,BOM,DEL,T+45,45,Air India,4827.25,5889,2026-09-22,False
2026-08-08,7,BOM-DEL,BOM,DEL,T+45,45,IndiGo,4186.09,5107,2026-09-22,False
2026-08-08,7,BOM-DEL,BOM,DEL,T+45,45,IndiGo,4015.19,4898,2026-09-22,False
2026-08-08,7,DEL-BLR,DEL,BLR,T+1,1,IndiGo,12166.72,14843,2026-08-09,False
2026-08-08,7,DEL-BLR,DEL,BLR,T+1,1,IndiGo,12753.72,15559,2026-08-09,False
2026-08-08,7,DEL-BLR,DEL,BLR,T+1,1,IndiGo,12138.03,14808,2026-08-09,False
2026-08-08,7,DEL-BLR,DEL,BLR,T+1,1,Akasa Air,12717.93,15515,2026-08-09,False
2026-08-08,7,DEL-BLR,DEL,BLR,T+1,1,IndiGo,12274.85,14975,2026-08-09,False
2026-08-08,7,DEL-BLR,DEL,BLR,T+7,7,SpiceJet,7572.57,9238,2026-08-15,False
2026-08-08,7,DEL-BLR,DEL,BLR,T+7,7,IndiGo,8742.82,10666,2026-08-15,False
2026-08-08,7,DEL-BLR,DEL,BLR,T+7,7,IndiGo,8631.85,10530,2026-08-15,False
2026-08-08,7,DEL-BLR,DEL,BLR,T+7,7,Air India,10495.86,12804,2026-08-15,False
2026-08-08,7,DEL-BLR,DEL,BLR,T+7,7,IndiGo,8718.92,10637,2026-08-15,False
2026-08-08,7,DEL-BLR,DEL,BLR,T+15,15,IndiGo,6449.84,7868,2026-08-23,False
2026-08-08,7,DEL-BLR,DEL,BLR,T+15,15,Air India,7313.63,8922,2026-08-23,False
2026-08-08,7,DEL-BLR,DEL,BLR,T+15,15,Air India,7585.15,9253,2026-08-23,False
2026-08-08,7,DEL-BLR,DEL,BLR,T+15,15,IndiGo,6288.32,7671,2026-08-23,False
2026-08-08,7,DEL-BLR,DEL,BLR,T+15,15,IndiGo,6349.56,7746,2026-08-23,False
2026-08-08,7,DEL-BLR,DEL,BLR,T+30,30,IndiGo,5669.8,6917,2026-09-07,False
2026-08-08,7,DEL-BLR,DEL,BLR,T+30,30,Air India,6932.27,8457,2026-09-07,False
2026-08-08,7,DEL-BLR,DEL,BLR,T+30,30,Air India,6639.95,8100,2026-09-07,False
2026-08-08,7,DEL-BLR,DEL,BLR,T+30,30,Air India,6275.34,7655,2026-09-07,False
2026-08-08,7,DEL-BLR,DEL,BLR,T+30,30,IndiGo,5641.81,6883,2026-09-07,False
2026-08-08,7,DEL-BLR,DEL,BLR,T+45,45,Akasa Air,4982.44,6078,2026-09-22,False
2026-08-08,7,DEL-BLR,DEL,BLR,T+45,45,IndiGo,4832.71,5895,2026-09-22,False
2026-08-08,7,DEL-BLR,DEL,BLR,T+45,45,IndiGo,4914.93,5996,2026-09-22,False
2026-08-08,7,DEL-BLR,DEL,BLR,T+45,45,Air India,5824.75,7106,2026-09-22,False
2026-08-08,7,DEL-BLR,DEL,BLR,T+45,45,IndiGo,4802.44,5858,2026-09-22,False
2026-08-08,7,BOM-BLR,BOM,BLR,T+1,1,Air India,9297.08,11342,2026-08-09,False
2026-08-08,7,BOM-BLR,BOM,BLR,T+1,1,Air India,9052.32,11043,2026-08-09,False
2026-08-08,7,BOM-BLR,BOM,BLR,T+1,1,IndiGo,7824.18,9545,2026-08-09,False
2026-08-08,7,BOM-BLR,BOM,BLR,T+1,1,IndiGo,7471.43,9115,2026-08-09,False
2026-08-08,7,BOM-BLR,BOM,BLR,T+1,1,Air India,8951.62,10920,2026-08-09,False
2026-08-08,7,BOM-BLR,BOM,BLR,T+7,7,IndiGo,5594.95,6825,2026-08-15,False
2026-08-08,7,BOM-BLR,BOM,BLR,T+7,7,IndiGo,5385.77,6570,2026-08-15,False
2026-08-08,7,BOM-BLR,BOM,BLR,T+7,7,IndiGo,5786.82,7059,2026-08-15,False
2026-08-08,7,BOM-BLR,BOM,BLR,T+7,7,Air India,6343.51,7739,2026-08-15,False
2026-08-08,7,BOM-BLR,BOM,BLR,T+7,7,IndiGo,5499.9,6709,2026-08-15,False
2026-08-08,7,BOM-BLR,BOM,BLR,T+15,15,IndiGo,4287.58,5230,2026-08-23,False
2026-08-08,7,BOM-BLR,BOM,BLR,T+15,15,IndiGo,3945.93,4814,2026-08-23,False
2026-08-08,7,BOM-BLR,BOM,BLR,T+15,15,Air India,4593.38,5603,2026-08-23,False
2026-08-08,7,BOM-BLR,BOM,BLR,T+15,15,IndiGo,3930.34,4795,2026-08-23,False
2026-08-08,7,BOM-BLR,BOM,BLR,T+15,15,IndiGo,4335.53,5289,2026-08-23,False
2026-08-08,7,BOM-BLR,BOM,BLR,T+30,30,Air India,4114.72,5019,2026-09-07,False
2026-08-08,7,BOM-BLR,BOM,BLR,T+30,30,IndiGo,3877.55,4730,2026-09-07,False
2026-08-08,7,BOM-BLR,BOM,BLR,T+30,30,SpiceJet,3305.01,4032,2026-09-07,False
2026-08-08,7,BOM-BLR,BOM,BLR,T+30,30,IndiGo,3581.89,4369,2026-09-07,False
2026-08-08,7,BOM-BLR,BOM,BLR,T+30,30,Akasa Air,3632.54,4431,2026-09-07,False
2026-08-08,7,BOM-BLR,BOM,BLR,T+45,45,Akasa Air,3278.67,3999,2026-09-22,False
2026-08-08,7,BOM-BLR,BOM,BLR,T+45,45,IndiGo,3391.72,4137,2026-09-22,False
2026-08-08,7,BOM-BLR,BOM,BLR,T+45,45,IndiGo,3297.26,4022,2026-09-22,False
2026-08-08,7,BOM-BLR,BOM,BLR,T+45,45,IndiGo,3276.85,3997,2026-09-22,False
2026-08-08,7,BOM-BLR,BOM,BLR,T+45,45,Air India,3806.91,4644,2026-09-22,False
2026-08-08,7,DEL-CCU,DEL,CCU,T+1,1,Air India,13210.51,16116,2026-08-09,False
2026-08-08,7,DEL-CCU,DEL,CCU,T+1,1,Akasa Air,10359.92,12639,2026-08-09,False
2026-08-08,7,DEL-CCU,DEL,CCU,T+1,1,IndiGo,10595.8,12926,2026-08-09,False
2026-08-08,7,DEL-CCU,DEL,CCU,T+1,1,IndiGo,10906.89,13306,2026-08-09,False
2026-08-08,7,DEL-CCU,DEL,CCU,T+1,1,Air India,12783.57,15595,2026-08-09,False
2026-08-08,7,DEL-CCU,DEL,CCU,T+7,7,IndiGo,7597.18,9268,2026-08-15,False
2026-08-08,7,DEL-CCU,DEL,CCU,T+7,7,IndiGo,7907.79,9647,2026-08-15,False
2026-08-08,7,DEL-CCU,DEL,CCU,T+7,7,Air India,9405.34,11474,2026-08-15,False
2026-08-08,7,DEL-CCU,DEL,CCU,T+7,7,IndiGo,7743.52,9447,2026-08-15,False
2026-08-08,7,DEL-CCU,DEL,CCU,T+7,7,IndiGo,8118.84,9904,2026-08-15,False
2026-08-08,7,DEL-CCU,DEL,CCU,T+15,15,IndiGo,5638.93,6879,2026-08-23,False
2026-08-08,7,DEL-CCU,DEL,CCU,T+15,15,IndiGo,5833.82,7117,2026-08-23,False
2026-08-08,7,DEL-CCU,DEL,CCU,T+15,15,Air India,6750.97,8236,2026-08-23,False
2026-08-08,7,DEL-CCU,DEL,CCU,T+15,15,Akasa Air,5316.55,6486,2026-08-23,False
2026-08-08,7,DEL-CCU,DEL,CCU,T+15,15,IndiGo,5856.64,7145,2026-08-23,False
2026-08-08,7,DEL-CCU,DEL,CCU,T+30,30,Air India,5910.17,7210,2026-09-07,False
2026-08-08,7,DEL-CCU,DEL,CCU,T+30,30,IndiGo,5301.23,6467,2026-09-07,False
2026-08-08,7,DEL-CCU,DEL,CCU,T+30,30,IndiGo,5145.7,6277,2026-09-07,False
2026-08-08,7,DEL-CCU,DEL,CCU,T+30,30,IndiGo,4854.07,5921,2026-09-07,False
2026-08-08,7,DEL-CCU,DEL,CCU,T+30,30,IndiGo,5361.25,6540,2026-09-07,False
2026-08-08,7,DEL-CCU,DEL,CCU,T+45,45,IndiGo,4666.4,5693,2026-09-22,False
2026-08-08,7,DEL-CCU,DEL,CCU,T+45,45,IndiGo,4566.32,5570,2026-09-22,False
2026-08-08,7,DEL-CCU,DEL,CCU,T+45,45,Air India,5234.14,6385,2026-09-22,False
2026-08-08,7,DEL-CCU,DEL,CCU,T+45,45,IndiGo,4324.87,5276,2026-09-22,False
2026-08-08,7,DEL-CCU,DEL,CCU,T+45,45,IndiGo,4416.85,5388,2026-09-22,False
2026-08-08,7,BLR-HYD,BLR,HYD,T+1,1,IndiGo,6247.64,7622,2026-08-09,False
2026-08-08,7,BLR-HYD,BLR,HYD,T+1,1,IndiGo,6415.28,7826,2026-08-09,False
2026-08-08,7,BLR-HYD,BLR,HYD,T+1,1,IndiGo,6343.37,7738,2026-08-09,False
2026-08-08,7,BLR-HYD,BLR,HYD,T+1,1,IndiGo,5915.33,7216,2026-08-09,False
2026-08-08,7,BLR-HYD,BLR,HYD,T+1,1,SpiceJet,5478.13,6683,2026-08-09,False
2026-08-08,7,BLR-HYD,BLR,HYD,T+7,7,IndiGo,4280.11,5221,2026-08-15,False
2026-08-08,7,BLR-HYD,BLR,HYD,T+7,7,Air India,4710.47,5746,2026-08-15,False
2026-08-08,7,BLR-HYD,BLR,HYD,T+7,7,IndiGo,4307.28,5254,2026-08-15,False
2026-08-08,7,BLR-HYD,BLR,HYD,T+7,7,IndiGo,4237.11,5169,2026-08-15,False
2026-08-08,7,BLR-HYD,BLR,HYD,T+7,7,Air India,4939.36,6026,2026-08-15,False
2026-08-08,7,BLR-HYD,BLR,HYD,T+15,15,IndiGo,3059.75,3732,2026-08-23,False
2026-08-08,7,BLR-HYD,BLR,HYD,T+15,15,Air India,3889.2,4744,2026-08-23,False
2026-08-08,7,BLR-HYD,BLR,HYD,T+15,15,IndiGo,3180.21,3879,2026-08-23,False
2026-08-08,7,BLR-HYD,BLR,HYD,T+15,15,IndiGo,3107.93,3791,2026-08-23,False
2026-08-08,7,BLR-HYD,BLR,HYD,T+15,15,Air India,3436.45,4192,2026-08-23,False
2026-08-08,7,BLR-HYD,BLR,HYD,T+30,30,Air India,3271.58,3991,2026-09-07,False
2026-08-08,7,BLR-HYD,BLR,HYD,T+30,30,IndiGo,2949.98,3598,2026-09-07,False
2026-08-08,7,BLR-HYD,BLR,HYD,T+30,30,IndiGo,2939.18,3585,2026-09-07,False
2026-08-08,7,BLR-HYD,BLR,HYD,T+30,30,IndiGo,2733.24,3334,2026-09-07,False
2026-08-08,7,BLR-HYD,BLR,HYD,T+30,30,IndiGo,2719.13,3317,2026-09-07,False
2026-08-08,7,BLR-HYD,BLR,HYD,T+45,45,Air India,2958.64,3609,2026-09-22,False
2026-08-08,7,BLR-HYD,BLR,HYD,T+45,45,Air India,2809.16,3427,2026-09-22,False
2026-08-08,7,BLR-HYD,BLR,HYD,T+45,45,Air India,2941.62,3588,2026-09-22,False
2026-08-08,7,BLR-HYD,BLR,HYD,T+45,45,Air India,2988.93,3646,2026-09-22,False
2026-08-08,7,BLR-HYD,BLR,HYD,T+45,45,IndiGo,2575.08,3141,2026-09-22,False
2026-08-08,7,MAA-DEL,MAA,DEL,T+1,1,Air India,13477.94,16443,2026-08-09,False
2026-08-08,7,MAA-DEL,MAA,DEL,T+1,1,IndiGo,11390.61,13896,2026-08-09,False
2026-08-08,7,MAA-DEL,MAA,DEL,T+1,1,IndiGo,11119.85,13566,2026-08-09,False
2026-08-08,7,MAA-DEL,MAA,DEL,T+1,1,IndiGo,11140.37,13591,2026-08-09,False
2026-08-08,7,MAA-DEL,MAA,DEL,T+1,1,IndiGo,11381.45,13885,2026-08-09,False
2026-08-08,7,MAA-DEL,MAA,DEL,T+7,7,Air India,9694.86,11827,2026-08-15,False
2026-08-08,7,MAA-DEL,MAA,DEL,T+7,7,IndiGo,8378.53,10221,2026-08-15,False
2026-08-08,7,MAA-DEL,MAA,DEL,T+7,7,IndiGo,7890.69,9626,2026-08-15,False
2026-08-08,7,MAA-DEL,MAA,DEL,T+7,7,IndiGo,8543.09,10422,2026-08-15,False
2026-08-08,7,MAA-DEL,MAA,DEL,T+7,7,Air India,9480.96,11566,2026-08-15,False
2026-08-08,7,MAA-DEL,MAA,DEL,T+15,15,IndiGo,6172.82,7530,2026-08-23,False
2026-08-08,7,MAA-DEL,MAA,DEL,T+15,15,IndiGo,6015.89,7339,2026-08-23,False
2026-08-08,7,MAA-DEL,MAA,DEL,T+15,15,IndiGo,5653.3,6897,2026-08-23,False
2026-08-08,7,MAA-DEL,MAA,DEL,T+15,15,IndiGo,6368.58,7769,2026-08-23,False
2026-08-08,7,MAA-DEL,MAA,DEL,T+15,15,SpiceJet,6003.24,7323,2026-08-23,False
2026-08-08,7,MAA-DEL,MAA,DEL,T+30,30,Air India,6181.0,7540,2026-09-07,False
2026-08-08,7,MAA-DEL,MAA,DEL,T+30,30,IndiGo,5307.37,6474,2026-09-07,False
2026-08-08,7,MAA-DEL,MAA,DEL,T+30,30,Air India,6355.19,7753,2026-09-07,False
2026-08-08,7,MAA-DEL,MAA,DEL,T+30,30,Air India,5901.07,7199,2026-09-07,False
2026-08-08,7,MAA-DEL,MAA,DEL,T+30,30,IndiGo,5196.91,6340,2026-09-07,False
2026-08-08,7,MAA-DEL,MAA,DEL,T+45,45,Akasa Air,4684.7,5715,2026-09-22,False
2026-08-08,7,MAA-DEL,MAA,DEL,T+45,45,IndiGo,4500.0,5490,2026-09-22,False
2026-08-08,7,MAA-DEL,MAA,DEL,T+45,45,IndiGo,4754.98,5801,2026-09-22,False
2026-08-08,7,MAA-DEL,MAA,DEL,T+45,45,Air India,5285.4,6448,2026-09-22,False
2026-08-08,7,MAA-DEL,MAA,DEL,T+45,45,IndiGo,4783.46,5835,2026-09-22,False
2026-08-08,7,DEL-PNQ,DEL,PNQ,T+1,1,Air India,10629.62,12968,2026-08-09,False
2026-08-08,7,DEL-PNQ,DEL,PNQ,T+1,1,Air India,10041.26,12250,2026-08-09,False
2026-08-08,7,DEL-PNQ,DEL,PNQ,T+1,1,IndiGo,9395.47,11462,2026-08-09,False
2026-08-08,7,DEL-PNQ,DEL,PNQ,T+1,1,IndiGo,8795.35,10730,2026-08-09,False
2026-08-08,7,DEL-PNQ,DEL,PNQ,T+1,1,Akasa Air,8494.46,10363,2026-08-09,False
2026-08-08,7,DEL-PNQ,DEL,PNQ,T+7,7,IndiGo,6433.51,7848,2026-08-15,False
2026-08-08,7,DEL-PNQ,DEL,PNQ,T+7,7,Air India,7834.7,9558,2026-08-15,False
2026-08-08,7,DEL-PNQ,DEL,PNQ,T+7,7,IndiGo,6161.52,7517,2026-08-15,False
2026-08-08,7,DEL-PNQ,DEL,PNQ,T+7,7,IndiGo,6402.45,7810,2026-08-15,False
2026-08-08,7,DEL-PNQ,DEL,PNQ,T+7,7,IndiGo,6484.55,7911,2026-08-15,False
2026-08-08,7,DEL-PNQ,DEL,PNQ,T+15,15,IndiGo,4978.86,6074,2026-08-23,False
2026-08-08,7,DEL-PNQ,DEL,PNQ,T+15,15,IndiGo,4890.96,5966,2026-08-23,False
2026-08-08,7,DEL-PNQ,DEL,PNQ,T+15,15,Air India,5657.17,6901,2026-08-23,False
2026-08-08,7,DEL-PNQ,DEL,PNQ,T+15,15,IndiGo,4720.14,5758,2026-08-23,False
2026-08-08,7,DEL-PNQ,DEL,PNQ,T+15,15,Akasa Air,4721.63,5760,2026-08-23,False
2026-08-08,7,DEL-PNQ,DEL,PNQ,T+30,30,Air India,4727.78,5767,2026-09-07,False
2026-08-08,7,DEL-PNQ,DEL,PNQ,T+30,30,Air India,4409.86,5380,2026-09-07,False
2026-08-08,7,DEL-PNQ,DEL,PNQ,T+30,30,IndiGo,4230.18,5160,2026-09-07,False
2026-08-08,7,DEL-PNQ,DEL,PNQ,T+30,30,IndiGo,4298.34,5243,2026-09-07,False
2026-08-08,7,DEL-PNQ,DEL,PNQ,T+30,30,IndiGo,3821.94,4662,2026-09-07,False
2026-08-08,7,DEL-PNQ,DEL,PNQ,T+45,45,IndiGo,3572.69,4358,2026-09-22,False
2026-08-08,7,DEL-PNQ,DEL,PNQ,T+45,45,IndiGo,3783.83,4616,2026-09-22,False
2026-08-08,7,DEL-PNQ,DEL,PNQ,T+45,45,IndiGo,3970.28,4843,2026-09-22,False
2026-08-08,7,DEL-PNQ,DEL,PNQ,T+45,45,IndiGo,3706.27,4521,2026-09-22,False
2026-08-08,7,DEL-PNQ,DEL,PNQ,T+45,45,IndiGo,3609.2,4403,2026-09-22,False
2026-08-09,8,DEL-BOM,DEL,BOM,T+1,1,Akasa Air,9421.06,11493,2026-08-10,False
2026-08-09,8,DEL-BOM,DEL,BOM,T+1,1,IndiGo,10262.1,12519,2026-08-10,False
2026-08-09,8,DEL-BOM,DEL,BOM,T+1,1,IndiGo,9569.59,11674,2026-08-10,False
2026-08-09,8,DEL-BOM,DEL,BOM,T+1,1,Air India,11220.13,13688,2026-08-10,False
2026-08-09,8,DEL-BOM,DEL,BOM,T+1,1,IndiGo,9625.52,11743,2026-08-10,False
2026-08-09,8,DEL-BOM,DEL,BOM,T+7,7,Air India,7896.33,9633,2026-08-16,False
2026-08-09,8,DEL-BOM,DEL,BOM,T+7,7,IndiGo,6958.73,8489,2026-08-16,False
2026-08-09,8,DEL-BOM,DEL,BOM,T+7,7,Air India,8633.42,10532,2026-08-16,False
2026-08-09,8,DEL-BOM,DEL,BOM,T+7,7,IndiGo,7007.33,8548,2026-08-16,False
2026-08-09,8,DEL-BOM,DEL,BOM,T+7,7,IndiGo,6867.78,8378,2026-08-16,False
2026-08-09,8,DEL-BOM,DEL,BOM,T+15,15,IndiGo,5218.2,6366,2026-08-24,False
2026-08-09,8,DEL-BOM,DEL,BOM,T+15,15,IndiGo,4983.61,6080,2026-08-24,False
2026-08-09,8,DEL-BOM,DEL,BOM,T+15,15,IndiGo,5435.0,6630,2026-08-24,False
2026-08-09,8,DEL-BOM,DEL,BOM,T+15,15,Air India,6198.54,7562,2026-08-24,False
2026-08-09,8,DEL-BOM,DEL,BOM,T+15,15,IndiGo,5238.75,6391,2026-08-24,False
2026-08-09,8,DEL-BOM,DEL,BOM,T+30,30,IndiGo,5023.93,6129,2026-09-08,False
2026-08-09,8,DEL-BOM,DEL,BOM,T+30,30,IndiGo,4566.15,5570,2026-09-08,False
2026-08-09,8,DEL-BOM,DEL,BOM,T+30,30,IndiGo,4399.99,5367,2026-09-08,False
2026-08-09,8,DEL-BOM,DEL,BOM,T+30,30,IndiGo,4451.47,5430,2026-09-08,False
2026-08-09,8,DEL-BOM,DEL,BOM,T+30,30,Akasa Air,4552.1,5553,2026-09-08,False
2026-08-09,8,DEL-BOM,DEL,BOM,T+45,45,IndiGo,4032.72,4919,2026-09-23,False
2026-08-09,8,DEL-BOM,DEL,BOM,T+45,45,Air India,4497.21,5486,2026-09-23,False
2026-08-09,8,DEL-BOM,DEL,BOM,T+45,45,Air India,4887.95,5963,2026-09-23,False
2026-08-09,8,DEL-BOM,DEL,BOM,T+45,45,IndiGo,3922.87,4785,2026-09-23,False
2026-08-09,8,DEL-BOM,DEL,BOM,T+45,45,IndiGo,4280.16,5221,2026-09-23,False
2026-08-09,8,BOM-DEL,BOM,DEL,T+1,1,IndiGo,10161.06,12396,2026-08-10,False
2026-08-09,8,BOM-DEL,BOM,DEL,T+1,1,IndiGo,9637.66,11757,2026-08-10,False
2026-08-09,8,BOM-DEL,BOM,DEL,T+1,1,IndiGo,10229.93,12480,2026-08-10,False
2026-08-09,8,BOM-DEL,BOM,DEL,T+1,1,IndiGo,9814.2,11973,2026-08-10,False
2026-08-09,8,BOM-DEL,BOM,DEL,T+1,1,IndiGo,10083.18,12301,2026-08-10,False
2026-08-09,8,BOM-DEL,BOM,DEL,T+7,7,IndiGo,7046.53,8596,2026-08-16,False
2026-08-09,8,BOM-DEL,BOM,DEL,T+7,7,Air India,7926.92,9670,2026-08-16,False
2026-08-09,8,BOM-DEL,BOM,DEL,T+7,7,Air India,7984.9,9741,2026-08-16,False
2026-08-09,8,BOM-DEL,BOM,DEL,T+7,7,Air India,8463.38,10325,2026-08-16,False
2026-08-09,8,BOM-DEL,BOM,DEL,T+7,7,Akasa Air,6631.55,8090,2026-08-16,False
2026-08-09,8,BOM-DEL,BOM,DEL,T+15,15,IndiGo,5197.57,6341,2026-08-24,False
2026-08-09,8,BOM-DEL,BOM,DEL,T+15,15,IndiGo,5095.81,6216,2026-08-24,False
2026-08-09,8,BOM-DEL,BOM,DEL,T+15,15,IndiGo,5350.21,6527,2026-08-24,False
2026-08-09,8,BOM-DEL,BOM,DEL,T+15,15,IndiGo,5652.63,6896,2026-08-24,False
2026-08-09,8,BOM-DEL,BOM,DEL,T+15,15,IndiGo,5075.07,6191,2026-08-24,False
2026-08-09,8,BOM-DEL,BOM,DEL,T+30,30,IndiGo,4522.73,5517,2026-09-08,False
2026-08-09,8,BOM-DEL,BOM,DEL,T+30,30,IndiGo,4742.26,5785,2026-09-08,False
2026-08-09,8,BOM-DEL,BOM,DEL,T+30,30,IndiGo,4506.3,5497,2026-09-08,False
2026-08-09,8,BOM-DEL,BOM,DEL,T+30,30,IndiGo,4590.45,5600,2026-09-08,False
2026-08-09,8,BOM-DEL,BOM,DEL,T+30,30,IndiGo,4350.87,5308,2026-09-08,False
2026-08-09,8,BOM-DEL,BOM,DEL,T+45,45,IndiGo,4077.01,4973,2026-09-23,False
2026-08-09,8,BOM-DEL,BOM,DEL,T+45,45,IndiGo,3990.49,4868,2026-09-23,False
2026-08-09,8,BOM-DEL,BOM,DEL,T+45,45,Air India,4898.98,5976,2026-09-23,False
2026-08-09,8,BOM-DEL,BOM,DEL,T+45,45,IndiGo,4183.73,5104,2026-09-23,False
2026-08-09,8,BOM-DEL,BOM,DEL,T+45,45,IndiGo,4380.86,5344,2026-09-23,False
2026-08-09,8,DEL-BLR,DEL,BLR,T+1,1,IndiGo,12294.87,14999,2026-08-10,False
2026-08-09,8,DEL-BLR,DEL,BLR,T+1,1,IndiGo,12187.81,14869,2026-08-10,False
2026-08-09,8,DEL-BLR,DEL,BLR,T+1,1,Air India,14303.44,17450,2026-08-10,False
2026-08-09,8,DEL-BLR,DEL,BLR,T+1,1,IndiGo,11901.45,14519,2026-08-10,False
2026-08-09,8,DEL-BLR,DEL,BLR,T+1,1,IndiGo,12193.16,14875,2026-08-10,False
2026-08-09,8,DEL-BLR,DEL,BLR,T+7,7,IndiGo,8439.8,10296,2026-08-16,False
2026-08-09,8,DEL-BLR,DEL,BLR,T+7,7,IndiGo,8578.26,10465,2026-08-16,False
2026-08-09,8,DEL-BLR,DEL,BLR,T+7,7,IndiGo,8921.25,10883,2026-08-16,False
2026-08-09,8,DEL-BLR,DEL,BLR,T+7,7,Akasa Air,7967.72,9720,2026-08-16,False
2026-08-09,8,DEL-BLR,DEL,BLR,T+7,7,IndiGo,8868.2,10819,2026-08-16,False
2026-08-09,8,DEL-BLR,DEL,BLR,T+15,15,Akasa Air,6573.45,8019,2026-08-24,False
2026-08-09,8,DEL-BLR,DEL,BLR,T+15,15,IndiGo,6461.86,7883,2026-08-24,False
2026-08-09,8,DEL-BLR,DEL,BLR,T+15,15,IndiGo,6006.79,7328,2026-08-24,False
2026-08-09,8,DEL-BLR,DEL,BLR,T+15,15,IndiGo,6350.64,7747,2026-08-24,False
2026-08-09,8,DEL-BLR,DEL,BLR,T+15,15,IndiGo,6783.23,8275,2026-08-24,False
2026-08-09,8,DEL-BLR,DEL,BLR,T+30,30,Air India,6551.73,7993,2026-09-08,False
2026-08-09,8,DEL-BLR,DEL,BLR,T+30,30,IndiGo,5367.2,6547,2026-09-08,False
2026-08-09,8,DEL-BLR,DEL,BLR,T+30,30,IndiGo,5463.46,6665,2026-09-08,False
2026-08-09,8,DEL-BLR,DEL,BLR,T+30,30,IndiGo,5725.36,6984,2026-09-08,False
2026-08-09,8,DEL-BLR,DEL,BLR,T+30,30,Air India,6682.45,8152,2026-09-08,False
2026-08-09,8,DEL-BLR,DEL,BLR,T+45,45,IndiGo,4902.41,5980,2026-09-23,False
2026-08-09,8,DEL-BLR,DEL,BLR,T+45,45,Air India,5753.59,7019,2026-09-23,False
2026-08-09,8,DEL-BLR,DEL,BLR,T+45,45,Air India,5748.51,7013,2026-09-23,False
2026-08-09,8,DEL-BLR,DEL,BLR,T+45,45,Air India,5640.26,6881,2026-09-23,False
2026-08-09,8,DEL-BLR,DEL,BLR,T+45,45,IndiGo,5223.26,6372,2026-09-23,False
2026-08-09,8,BOM-BLR,BOM,BLR,T+1,1,IndiGo,7632.7,9311,2026-08-10,False
2026-08-09,8,BOM-BLR,BOM,BLR,T+1,1,IndiGo,8048.65,9819,2026-08-10,False
2026-08-09,8,BOM-BLR,BOM,BLR,T+1,1,IndiGo,8130.83,9919,2026-08-10,False
2026-08-09,8,BOM-BLR,BOM,BLR,T+1,1,IndiGo,7989.52,9747,2026-08-10,False
2026-08-09,8,BOM-BLR,BOM,BLR,T+1,1,IndiGo,7603.17,9275,2026-08-10,False
2026-08-09,8,BOM-BLR,BOM,BLR,T+7,7,IndiGo,5540.43,6759,2026-08-16,False
2026-08-09,8,BOM-BLR,BOM,BLR,T+7,7,Air India,6435.41,7851,2026-08-16,False
2026-08-09,8,BOM-BLR,BOM,BLR,T+7,7,IndiGo,5290.43,6454,2026-08-16,False
2026-08-09,8,BOM-BLR,BOM,BLR,T+7,7,SpiceJet,5234.45,6386,2026-08-16,False
2026-08-09,8,BOM-BLR,BOM,BLR,T+7,7,Air India,6175.07,7533,2026-08-16,False
2026-08-09,8,BOM-BLR,BOM,BLR,T+15,15,IndiGo,4329.6,5282,2026-08-24,False
2026-08-09,8,BOM-BLR,BOM,BLR,T+15,15,Akasa Air,3960.08,4831,2026-08-24,False
2026-08-09,8,BOM-BLR,BOM,BLR,T+15,15,IndiGo,4186.07,5107,2026-08-24,False
2026-08-09,8,BOM-BLR,BOM,BLR,T+15,15,Air India,4949.25,6038,2026-08-24,False
2026-08-09,8,BOM-BLR,BOM,BLR,T+15,15,IndiGo,4119.14,5025,2026-08-24,False
2026-08-09,8,BOM-BLR,BOM,BLR,T+30,30,Akasa Air,3521.32,4296,2026-09-08,False
2026-08-09,8,BOM-BLR,BOM,BLR,T+30,30,Air India,4130.74,5039,2026-09-08,False
2026-08-09,8,BOM-BLR,BOM,BLR,T+30,30,IndiGo,3671.63,4479,2026-09-08,False
2026-08-09,8,BOM-BLR,BOM,BLR,T+30,30,IndiGo,3395.13,4142,2026-09-08,False
2026-08-09,8,BOM-BLR,BOM,BLR,T+30,30,IndiGo,3578.74,4366,2026-09-08,False
2026-08-09,8,BOM-BLR,BOM,BLR,T+45,45,IndiGo,3382.02,4126,2026-09-23,False
2026-08-09,8,BOM-BLR,BOM,BLR,T+45,45,IndiGo,3056.21,3728,2026-09-23,False
2026-08-09,8,BOM-BLR,BOM,BLR,T+45,45,IndiGo,3091.96,3772,2026-09-23,False
2026-08-09,8,BOM-BLR,BOM,BLR,T+45,45,IndiGo,3224.06,3933,2026-09-23,False
2026-08-09,8,BOM-BLR,BOM,BLR,T+45,45,IndiGo,3187.0,3888,2026-09-23,False
2026-08-09,8,DEL-CCU,DEL,CCU,T+1,1,IndiGo,11054.69,13486,2026-08-10,False
2026-08-09,8,DEL-CCU,DEL,CCU,T+1,1,IndiGo,11107.65,13551,2026-08-10,False
2026-08-09,8,DEL-CCU,DEL,CCU,T+1,1,IndiGo,11163.28,13619,2026-08-10,False
2026-08-09,8,DEL-CCU,DEL,CCU,T+1,1,IndiGo,11344.83,13840,2026-08-10,False
2026-08-09,8,DEL-CCU,DEL,CCU,T+1,1,IndiGo,11077.32,13514,2026-08-10,False
2026-08-09,8,DEL-CCU,DEL,CCU,T+7,7,SpiceJet,7259.89,8857,2026-08-16,False
2026-08-09,8,DEL-CCU,DEL,CCU,T+7,7,Air India,9325.95,11377,2026-08-16,False
2026-08-09,8,DEL-CCU,DEL,CCU,T+7,7,IndiGo,8242.39,10055,2026-08-16,False
2026-08-09,8,DEL-CCU,DEL,CCU,T+7,7,IndiGo,7692.6,9384,2026-08-16,False
2026-08-09,8,DEL-CCU,DEL,CCU,T+7,7,Air India,8800.69,10736,2026-08-16,False
2026-08-09,8,DEL-CCU,DEL,CCU,T+15,15,IndiGo,6108.21,7452,2026-08-24,False
2026-08-09,8,DEL-CCU,DEL,CCU,T+15,15,Air India,6903.43,8422,2026-08-24,False
2026-08-09,8,DEL-CCU,DEL,CCU,T+15,15,IndiGo,5433.2,6628,2026-08-24,False
2026-08-09,8,DEL-CCU,DEL,CCU,T+15,15,Air India,7138.26,8708,2026-08-24,False
2026-08-09,8,DEL-CCU,DEL,CCU,T+15,15,IndiGo,5770.19,7039,2026-08-24,False
2026-08-09,8,DEL-CCU,DEL,CCU,T+30,30,Air India,5923.43,7226,2026-09-08,False
2026-08-09,8,DEL-CCU,DEL,CCU,T+30,30,Akasa Air,4937.86,6024,2026-09-08,False
2026-08-09,8,DEL-CCU,DEL,CCU,T+30,30,IndiGo,5073.92,6190,2026-09-08,False
2026-08-09,8,DEL-CCU,DEL,CCU,T+30,30,Air India,6089.81,7429,2026-09-08,False
2026-08-09,8,DEL-CCU,DEL,CCU,T+30,30,Air India,5851.69,7139,2026-09-08,False
2026-08-09,8,DEL-CCU,DEL,CCU,T+45,45,Air India,5376.87,6559,2026-09-23,False
2026-08-09,8,DEL-CCU,DEL,CCU,T+45,45,IndiGo,4439.58,5416,2026-09-23,False
2026-08-09,8,DEL-CCU,DEL,CCU,T+45,45,IndiGo,4596.13,5607,2026-09-23,False
2026-08-09,8,DEL-CCU,DEL,CCU,T+45,45,Akasa Air,4432.24,5407,2026-09-23,False
2026-08-09,8,DEL-CCU,DEL,CCU,T+45,45,Air India,5109.07,6233,2026-09-23,False
2026-08-09,8,BLR-HYD,BLR,HYD,T+1,1,Air India,7373.39,8995,2026-08-10,False
2026-08-09,8,BLR-HYD,BLR,HYD,T+1,1,IndiGo,5912.17,7212,2026-08-10,False
2026-08-09,8,BLR-HYD,BLR,HYD,T+1,1,Air India,7304.29,8911,2026-08-10,False
2026-08-09,8,BLR-HYD,BLR,HYD,T+1,1,IndiGo,6102.65,7445,2026-08-10,False
2026-08-09,8,BLR-HYD,BLR,HYD,T+1,1,IndiGo,6412.84,7823,2026-08-10,False
2026-08-09,8,BLR-HYD,BLR,HYD,T+7,7,IndiGo,4230.64,5161,2026-08-16,False
2026-08-09,8,BLR-HYD,BLR,HYD,T+7,7,IndiGo,4211.86,5138,2026-08-16,False
2026-08-09,8,BLR-HYD,BLR,HYD,T+7,7,Air India,5023.6,6128,2026-08-16,False
2026-08-09,8,BLR-HYD,BLR,HYD,T+7,7,IndiGo,4218.74,5146,2026-08-16,False
2026-08-09,8,BLR-HYD,BLR,HYD,T+7,7,Air India,5167.76,6304,2026-08-16,False
2026-08-09,8,BLR-HYD,BLR,HYD,T+15,15,IndiGo,3060.8,3734,2026-08-24,False
2026-08-09,8,BLR-HYD,BLR,HYD,T+15,15,Akasa Air,3026.02,3691,2026-08-24,False
2026-08-09,8,BLR-HYD,BLR,HYD,T+15,15,IndiGo,3123.09,3810,2026-08-24,False
2026-08-09,8,BLR-HYD,BLR,HYD,T+15,15,IndiGo,3352.25,4089,2026-08-24,False
2026-08-09,8,BLR-HYD,BLR,HYD,T+15,15,IndiGo,3438.58,4195,2026-08-24,False
2026-08-09,8,BLR-HYD,BLR,HYD,T+30,30,IndiGo,2770.7,3380,2026-09-08,False
2026-08-09,8,BLR-HYD,BLR,HYD,T+30,30,Air India,3259.12,3976,2026-09-08,False
2026-08-09,8,BLR-HYD,BLR,HYD,T+30,30,IndiGo,2787.68,3400,2026-09-08,False
2026-08-09,8,BLR-HYD,BLR,HYD,T+30,30,Air India,3411.81,4162,2026-09-08,False
2026-08-09,8,BLR-HYD,BLR,HYD,T+30,30,Air India,3172.08,3869,2026-09-08,False
2026-08-09,8,BLR-HYD,BLR,HYD,T+45,45,Air India,2938.53,3585,2026-09-23,False
2026-08-09,8,BLR-HYD,BLR,HYD,T+45,45,Air India,3013.68,3676,2026-09-23,False
2026-08-09,8,BLR-HYD,BLR,HYD,T+45,45,IndiGo,2515.23,3068,2026-09-23,False
2026-08-09,8,BLR-HYD,BLR,HYD,T+45,45,IndiGo,2488.28,3035,2026-09-23,False
2026-08-09,8,BLR-HYD,BLR,HYD,T+45,45,IndiGo,2558.48,3121,2026-09-23,False
2026-08-09,8,MAA-DEL,MAA,DEL,T+1,1,IndiGo,10398.85,12686,2026-08-10,False
2026-08-09,8,MAA-DEL,MAA,DEL,T+1,1,Air India,13862.11,16911,2026-08-10,False
2026-08-09,8,MAA-DEL,MAA,DEL,T+1,1,IndiGo,11222.6,13691,2026-08-10,False
2026-08-09,8,MAA-DEL,MAA,DEL,T+1,1,IndiGo,10749.63,13114,2026-08-10,False
2026-08-09,8,MAA-DEL,MAA,DEL,T+1,1,IndiGo,11691.04,14263,2026-08-10,False
2026-08-09,8,MAA-DEL,MAA,DEL,T+7,7,Air India,10043.47,12253,2026-08-16,False
2026-08-09,8,MAA-DEL,MAA,DEL,T+7,7,IndiGo,8089.12,9868,2026-08-16,False
2026-08-09,8,MAA-DEL,MAA,DEL,T+7,7,IndiGo,8399.31,10247,2026-08-16,False
2026-08-09,8,MAA-DEL,MAA,DEL,T+7,7,Air India,10123.5,12350,2026-08-16,False
2026-08-09,8,MAA-DEL,MAA,DEL,T+7,7,Air India,10023.77,12228,2026-08-16,False
2026-08-09,8,MAA-DEL,MAA,DEL,T+15,15,IndiGo,6539.5,7978,2026-08-24,False
2026-08-09,8,MAA-DEL,MAA,DEL,T+15,15,Air India,7480.61,9126,2026-08-24,False
2026-08-09,8,MAA-DEL,MAA,DEL,T+15,15,IndiGo,6200.85,7565,2026-08-24,False
2026-08-09,8,MAA-DEL,MAA,DEL,T+15,15,IndiGo,5837.76,7122,2026-08-24,False
2026-08-09,8,MAA-DEL,MAA,DEL,T+15,15,IndiGo,6131.26,7480,2026-08-24,False
2026-08-09,8,MAA-DEL,MAA,DEL,T+30,30,IndiGo,5144.56,6276,2026-09-08,False
2026-08-09,8,MAA-DEL,MAA,DEL,T+30,30,IndiGo,5703.8,6958,2026-09-08,False
2026-08-09,8,MAA-DEL,MAA,DEL,T+30,30,Akasa Air,5102.01,6224,2026-09-08,False
2026-08-09,8,MAA-DEL,MAA,DEL,T+30,30,IndiGo,5323.88,6495,2026-09-08,False
2026-08-09,8,MAA-DEL,MAA,DEL,T+30,30,IndiGo,5403.34,6592,2026-09-08,False
2026-08-09,8,MAA-DEL,MAA,DEL,T+45,45,IndiGo,4719.21,5757,2026-09-23,False
2026-08-09,8,MAA-DEL,MAA,DEL,T+45,45,Air India,5884.79,7179,2026-09-23,False
2026-08-09,8,MAA-DEL,MAA,DEL,T+45,45,IndiGo,4609.33,5623,2026-09-23,False
2026-08-09,8,MAA-DEL,MAA,DEL,T+45,45,IndiGo,4744.11,5787,2026-09-23,False
2026-08-09,8,MAA-DEL,MAA,DEL,T+45,45,Akasa Air,4444.63,5422,2026-09-23,False
2026-08-09,8,DEL-PNQ,DEL,PNQ,T+1,1,Air India,10162.82,12398,2026-08-10,False
2026-08-09,8,DEL-PNQ,DEL,PNQ,T+1,1,IndiGo,8844.28,10790,2026-08-10,False
2026-08-09,8,DEL-PNQ,DEL,PNQ,T+1,1,IndiGo,9026.08,11011,2026-08-10,False
2026-08-09,8,DEL-PNQ,DEL,PNQ,T+1,1,Air India,10494.99,12803,2026-08-10,False
2026-08-09,8,DEL-PNQ,DEL,PNQ,T+1,1,IndiGo,8818.77,10758,2026-08-10,False
2026-08-09,8,DEL-PNQ,DEL,PNQ,T+7,7,Akasa Air,5889.13,7184,2026-08-16,False
2026-08-09,8,DEL-PNQ,DEL,PNQ,T+7,7,Air India,7518.59,9172,2026-08-16,False
2026-08-09,8,DEL-PNQ,DEL,PNQ,T+7,7,Akasa Air,5867.79,7158,2026-08-16,False
2026-08-09,8,DEL-PNQ,DEL,PNQ,T+7,7,Air India,7741.12,9444,2026-08-16,False
2026-08-09,8,DEL-PNQ,DEL,PNQ,T+7,7,IndiGo,6414.44,7825,2026-08-16,False
2026-08-09,8,DEL-PNQ,DEL,PNQ,T+15,15,IndiGo,4618.25,5634,2026-08-24,False
2026-08-09,8,DEL-PNQ,DEL,PNQ,T+15,15,Air India,5675.26,6923,2026-08-24,False
2026-08-09,8,DEL-PNQ,DEL,PNQ,T+15,15,IndiGo,4738.39,5780,2026-08-24,False
2026-08-09,8,DEL-PNQ,DEL,PNQ,T+15,15,IndiGo,4920.87,6003,2026-08-24,False
2026-08-09,8,DEL-PNQ,DEL,PNQ,T+15,15,IndiGo,5094.82,6215,2026-08-24,False
2026-08-09,8,DEL-PNQ,DEL,PNQ,T+30,30,IndiGo,3897.53,4754,2026-09-08,False
2026-08-09,8,DEL-PNQ,DEL,PNQ,T+30,30,IndiGo,4188.08,5109,2026-09-08,False
2026-08-09,8,DEL-PNQ,DEL,PNQ,T+30,30,IndiGo,4147.91,5060,2026-09-08,False
2026-08-09,8,DEL-PNQ,DEL,PNQ,T+30,30,Akasa Air,4134.48,5044,2026-09-08,False
2026-08-09,8,DEL-PNQ,DEL,PNQ,T+30,30,Air India,4954.43,6044,2026-09-08,False
2026-08-09,8,DEL-PNQ,DEL,PNQ,T+45,45,IndiGo,3610.23,4404,2026-09-23,False
2026-08-09,8,DEL-PNQ,DEL,PNQ,T+45,45,IndiGo,3666.41,4473,2026-09-23,False
2026-08-09,8,DEL-PNQ,DEL,PNQ,T+45,45,IndiGo,3604.51,4397,2026-09-23,False
2026-08-09,8,DEL-PNQ,DEL,PNQ,T+45,45,IndiGo,3847.45,4693,2026-09-23,False
2026-08-09,8,DEL-PNQ,DEL,PNQ,T+45,45,Air India,4374.58,5336,2026-09-23,False
2026-08-10,9,DEL-BOM,DEL,BOM,T+1,1,IndiGo,10451.13,12750,2026-08-11,False
2026-08-10,9,DEL-BOM,DEL,BOM,T+1,1,IndiGo,9778.28,11929,2026-08-11,False
2026-08-10,9,DEL-BOM,DEL,BOM,T+1,1,IndiGo,9556.12,11658,2026-08-11,False
2026-08-10,9,DEL-BOM,DEL,BOM,T+1,1,IndiGo,9279.93,11321,2026-08-11,False
2026-08-10,9,DEL-BOM,DEL,BOM,T+1,1,Air India,10823.52,13204,2026-08-11,False
2026-08-10,9,DEL-BOM,DEL,BOM,T+7,7,IndiGo,6550.24,7991,2026-08-17,False
2026-08-10,9,DEL-BOM,DEL,BOM,T+7,7,Air India,8252.12,10067,2026-08-17,False
2026-08-10,9,DEL-BOM,DEL,BOM,T+7,7,IndiGo,7058.21,8611,2026-08-17,False
2026-08-10,9,DEL-BOM,DEL,BOM,T+7,7,IndiGo,6550.95,7992,2026-08-17,False
2026-08-10,9,DEL-BOM,DEL,BOM,T+7,7,Air India,8431.8,10286,2026-08-17,False
2026-08-10,9,DEL-BOM,DEL,BOM,T+15,15,IndiGo,5187.22,6328,2026-08-25,False
2026-08-10,9,DEL-BOM,DEL,BOM,T+15,15,Akasa Air,5136.06,6265,2026-08-25,False
2026-08-10,9,DEL-BOM,DEL,BOM,T+15,15,Air India,6571.65,8017,2026-08-25,False
2026-08-10,9,DEL-BOM,DEL,BOM,T+15,15,IndiGo,5442.05,6639,2026-08-25,False
2026-08-10,9,DEL-BOM,DEL,BOM,T+15,15,IndiGo,5226.84,6376,2026-08-25,False
2026-08-10,9,DEL-BOM,DEL,BOM,T+30,30,Akasa Air,4243.22,5176,2026-09-09,False
2026-08-10,9,DEL-BOM,DEL,BOM,T+30,30,IndiGo,4182.04,5102,2026-09-09,False
2026-08-10,9,DEL-BOM,DEL,BOM,T+30,30,IndiGo,4408.82,5378,2026-09-09,False
2026-08-10,9,DEL-BOM,DEL,BOM,T+30,30,Air India,5292.57,6456,2026-09-09,False
2026-08-10,9,DEL-BOM,DEL,BOM,T+30,30,IndiGo,4366.39,5326,2026-09-09,False
2026-08-10,9,DEL-BOM,DEL,BOM,T+45,45,IndiGo,4001.67,4882,2026-09-24,False
2026-08-10,9,DEL-BOM,DEL,BOM,T+45,45,IndiGo,4030.95,4917,2026-09-24,False
2026-08-10,9,DEL-BOM,DEL,BOM,T+45,45,Air India,4702.23,5736,2026-09-24,False
2026-08-10,9,DEL-BOM,DEL,BOM,T+45,45,Akasa Air,3804.61,4641,2026-09-24,False
2026-08-10,9,DEL-BOM,DEL,BOM,T+45,45,Air India,4767.51,5816,2026-09-24,False
2026-08-10,9,BOM-DEL,BOM,DEL,T+1,1,IndiGo,9950.65,12139,2026-08-11,False
2026-08-10,9,BOM-DEL,BOM,DEL,T+1,1,Air India,11111.71,13556,2026-08-11,False
2026-08-10,9,BOM-DEL,BOM,DEL,T+1,1,IndiGo,10282.98,12545,2026-08-11,False
2026-08-10,9,BOM-DEL,BOM,DEL,T+1,1,Air India,11512.74,14045,2026-08-11,False
2026-08-10,9,BOM-DEL,BOM,DEL,T+1,1,SpiceJet,9289.46,11333,2026-08-11,False
2026-08-10,9,BOM-DEL,BOM,DEL,T+7,7,IndiGo,7106.63,8670,2026-08-17,False
2026-08-10,9,BOM-DEL,BOM,DEL,T+7,7,IndiGo,6991.34,8529,2026-08-17,False
2026-08-10,9,BOM-DEL,BOM,DEL,T+7,7,Akasa Air,6939.78,8466,2026-08-17,False
2026-08-10,9,BOM-DEL,BOM,DEL,T+7,7,Akasa Air,6783.23,8275,2026-08-17,False
2026-08-10,9,BOM-DEL,BOM,DEL,T+7,7,Air India,8000.44,9760,2026-08-17,False
2026-08-10,9,BOM-DEL,BOM,DEL,T+15,15,Air India,6299.34,7685,2026-08-25,False
2026-08-10,9,BOM-DEL,BOM,DEL,T+15,15,IndiGo,5065.21,6179,2026-08-25,False
2026-08-10,9,BOM-DEL,BOM,DEL,T+15,15,IndiGo,5296.48,6461,2026-08-25,False
2026-08-10,9,BOM-DEL,BOM,DEL,T+15,15,IndiGo,5270.29,6429,2026-08-25,False
2026-08-10,9,BOM-DEL,BOM,DEL,T+15,15,Akasa Air,5072.58,6188,2026-08-25,False
2026-08-10,9,BOM-DEL,BOM,DEL,T+30,30,IndiGo,4502.31,5492,2026-09-09,False
2026-08-10,9,BOM-DEL,BOM,DEL,T+30,30,SpiceJet,4002.41,4882,2026-09-09,False
2026-08-10,9,BOM-DEL,BOM,DEL,T+30,30,IndiGo,4435.79,5411,2026-09-09,False
2026-08-10,9,BOM-DEL,BOM,DEL,T+30,30,IndiGo,4537.35,5535,2026-09-09,False
2026-08-10,9,BOM-DEL,BOM,DEL,T+30,30,Akasa Air,4404.34,5373,2026-09-09,False
2026-08-10,9,BOM-DEL,BOM,DEL,T+45,45,Air India,4569.05,5574,2026-09-24,False
2026-08-10,9,BOM-DEL,BOM,DEL,T+45,45,IndiGo,4198.23,5121,2026-09-24,False
2026-08-10,9,BOM-DEL,BOM,DEL,T+45,45,IndiGo,3898.26,4755,2026-09-24,False
2026-08-10,9,BOM-DEL,BOM,DEL,T+45,45,IndiGo,4156.54,5070,2026-09-24,False
2026-08-10,9,BOM-DEL,BOM,DEL,T+45,45,IndiGo,4080.24,4977,2026-09-24,False
2026-08-10,9,DEL-BLR,DEL,BLR,T+1,1,IndiGo,11787.62,14380,2026-08-11,False
2026-08-10,9,DEL-BLR,DEL,BLR,T+1,1,IndiGo,12809.79,15627,2026-08-11,False
2026-08-10,9,DEL-BLR,DEL,BLR,T+1,1,IndiGo,11556.56,14099,2026-08-11,False
2026-08-10,9,DEL-BLR,DEL,BLR,T+1,1,Air India,14676.0,17904,2026-08-11,False
2026-08-10,9,DEL-BLR,DEL,BLR,T+1,1,Air India,14716.52,17954,2026-08-11,False
2026-08-10,9,DEL-BLR,DEL,BLR,T+7,7,IndiGo,8334.72,10168,2026-08-17,False
2026-08-10,9,DEL-BLR,DEL,BLR,T+7,7,Air India,10552.79,12874,2026-08-17,False
2026-08-10,9,DEL-BLR,DEL,BLR,T+7,7,IndiGo,8460.36,10321,2026-08-17,False
2026-08-10,9,DEL-BLR,DEL,BLR,T+7,7,Air India,10164.06,12400,2026-08-17,False
2026-08-10,9,DEL-BLR,DEL,BLR,T+7,7,Air India,10154.06,12387,2026-08-17,False
2026-08-10,9,DEL-BLR,DEL,BLR,T+15,15,Air India,7620.17,9296,2026-08-25,False
2026-08-10,9,DEL-BLR,DEL,BLR,T+15,15,IndiGo,6678.36,8147,2026-08-25,False
2026-08-10,9,DEL-BLR,DEL,BLR,T+15,15,IndiGo,6674.42,8142,2026-08-25,False
2026-08-10,9,DEL-BLR,DEL,BLR,T+15,15,Air India,7187.61,8768,2026-08-25,False
2026-08-10,9,DEL-BLR,DEL,BLR,T+15,15,IndiGo,6790.53,8284,2026-08-25,False
2026-08-10,9,DEL-BLR,DEL,BLR,T+30,30,IndiGo,5242.45,6395,2026-09-09,False
2026-08-10,9,DEL-BLR,DEL,BLR,T+30,30,IndiGo,5767.5,7036,2026-09-09,False
2026-08-10,9,DEL-BLR,DEL,BLR,T+30,30,IndiGo,5785.85,7058,2026-09-09,False
2026-08-10,9,DEL-BLR,DEL,BLR,T+30,30,IndiGo,5353.8,6531,2026-09-09,False
2026-08-10,9,DEL-BLR,DEL,BLR,T+30,30,IndiGo,5486.31,6693,2026-09-09,False
2026-08-10,9,DEL-BLR,DEL,BLR,T+45,45,Air India,5607.52,6841,2026-09-24,False
2026-08-10,9,DEL-BLR,DEL,BLR,T+45,45,Akasa Air,4755.57,5801,2026-09-24,False
2026-08-10,9,DEL-BLR,DEL,BLR,T+45,45,IndiGo,4894.52,5971,2026-09-24,False
2026-08-10,9,DEL-BLR,DEL,BLR,T+45,45,Air India,5992.44,7310,2026-09-24,False
2026-08-10,9,DEL-BLR,DEL,BLR,T+45,45,IndiGo,5174.77,6313,2026-09-24,False
2026-08-10,9,BOM-BLR,BOM,BLR,T+1,1,IndiGo,8103.61,9886,2026-08-11,False
2026-08-10,9,BOM-BLR,BOM,BLR,T+1,1,Air India,8929.56,10894,2026-08-11,False
2026-08-10,9,BOM-BLR,BOM,BLR,T+1,1,IndiGo,7669.62,9356,2026-08-11,False
2026-08-10,9,BOM-BLR,BOM,BLR,T+1,1,IndiGo,7270.97,8870,2026-08-11,False
2026-08-10,9,BOM-BLR,BOM,BLR,T+1,1,IndiGo,7508.28,9160,2026-08-11,False
2026-08-10,9,BOM-BLR,BOM,BLR,T+7,7,IndiGo,5652.42,6895,2026-08-17,False
2026-08-10,9,BOM-BLR,BOM,BLR,T+7,7,IndiGo,5776.95,7047,2026-08-17,False
2026-08-10,9,BOM-BLR,BOM,BLR,T+7,7,Air India,6167.72,7524,2026-08-17,False
2026-08-10,9,BOM-BLR,BOM,BLR,T+7,7,Air India,6312.54,7701,2026-08-17,False
2026-08-10,9,BOM-BLR,BOM,BLR,T+7,7,IndiGo,5462.72,6664,2026-08-17,False
2026-08-10,9,BOM-BLR,BOM,BLR,T+15,15,IndiGo,4201.05,5125,2026-08-25,False
2026-08-10,9,BOM-BLR,BOM,BLR,T+15,15,Air India,4765.75,5814,2026-08-25,False
2026-08-10,9,BOM-BLR,BOM,BLR,T+15,15,IndiGo,4222.01,5150,2026-08-25,False
2026-08-10,9,BOM-BLR,BOM,BLR,T+15,15,IndiGo,4091.27,4991,2026-08-25,False
2026-08-10,9,BOM-BLR,BOM,BLR,T+15,15,IndiGo,4158.16,5072,2026-08-25,False
2026-08-10,9,BOM-BLR,BOM,BLR,T+30,30,IndiGo,3634.12,4433,2026-09-09,False
2026-08-10,9,BOM-BLR,BOM,BLR,T+30,30,IndiGo,3566.74,4351,2026-09-09,False
2026-08-10,9,BOM-BLR,BOM,BLR,T+30,30,Air India,4139.84,5050,2026-09-09,False
2026-08-10,9,BOM-BLR,BOM,BLR,T+30,30,IndiGo,3552.26,4333,2026-09-09,False
2026-08-10,9,BOM-BLR,BOM,BLR,T+30,30,IndiGo,3554.91,4336,2026-09-09,False
2026-08-10,9,BOM-BLR,BOM,BLR,T+45,45,IndiGo,3128.67,3816,2026-09-24,False
2026-08-10,9,BOM-BLR,BOM,BLR,T+45,45,IndiGo,3141.01,3832,2026-09-24,False
2026-08-10,9,BOM-BLR,BOM,BLR,T+45,45,IndiGo,3347.08,4083,2026-09-24,False
2026-08-10,9,BOM-BLR,BOM,BLR,T+45,45,Air India,3810.3,4648,2026-09-24,False
2026-08-10,9,BOM-BLR,BOM,BLR,T+45,45,IndiGo,3136.94,3827,2026-09-24,False
2026-08-10,9,DEL-CCU,DEL,CCU,T+1,1,IndiGo,11196.36,13659,2026-08-11,False
2026-08-10,9,DEL-CCU,DEL,CCU,T+1,1,Air India,12735.04,15536,2026-08-11,False
2026-08-10,9,DEL-CCU,DEL,CCU,T+1,1,Air India,13414.67,16365,2026-08-11,False
2026-08-10,9,DEL-CCU,DEL,CCU,T+1,1,IndiGo,11071.15,13506,2026-08-11,False
2026-08-10,9,DEL-CCU,DEL,CCU,T+1,1,IndiGo,10888.7,13284,2026-08-11,False
2026-08-10,9,DEL-CCU,DEL,CCU,T+7,7,Air India,9261.93,11299,2026-08-17,False
2026-08-10,9,DEL-CCU,DEL,CCU,T+7,7,IndiGo,7309.63,8917,2026-08-17,False
2026-08-10,9,DEL-CCU,DEL,CCU,T+7,7,IndiGo,7429.86,9064,2026-08-17,False
2026-08-10,9,DEL-CCU,DEL,CCU,T+7,7,IndiGo,7411.67,9042,2026-08-17,False
2026-08-10,9,DEL-CCU,DEL,CCU,T+7,7,IndiGo,7773.59,9483,2026-08-17,False
2026-08-10,9,DEL-CCU,DEL,CCU,T+15,15,IndiGo,6242.12,7615,2026-08-25,False
2026-08-10,9,DEL-CCU,DEL,CCU,T+15,15,IndiGo,6344.86,7740,2026-08-25,False
2026-08-10,9,DEL-CCU,DEL,CCU,T+15,15,IndiGo,6016.67,7340,2026-08-25,False
2026-08-10,9,DEL-CCU,DEL,CCU,T+15,15,IndiGo,5988.41,7305,2026-08-25,False
2026-08-10,9,DEL-CCU,DEL,CCU,T+15,15,IndiGo,5514.26,6727,2026-08-25,False
2026-08-10,9,DEL-CCU,DEL,CCU,T+30,30,IndiGo,4948.68,6037,2026-09-09,False
2026-08-10,9,DEL-CCU,DEL,CCU,T+30,30,IndiGo,4905.41,5984,2026-09-09,False
2026-08-10,9,DEL-CCU,DEL,CCU,T+30,30,IndiGo,4934.88,6020,2026-09-09,False
2026-08-10,9,DEL-CCU,DEL,CCU,T+30,30,IndiGo,5014.81,6118,2026-09-09,False
2026-08-10,9,DEL-CCU,DEL,CCU,T+30,30,IndiGo,4961.15,6052,2026-09-09,False
2026-08-10,9,DEL-CCU,DEL,CCU,T+45,45,Air India,4920.18,6002,2026-09-24,False
2026-08-10,9,DEL-CCU,DEL,CCU,T+45,45,IndiGo,4601.37,5613,2026-09-24,False
2026-08-10,9,DEL-CCU,DEL,CCU,T+45,45,IndiGo,4315.64,5265,2026-09-24,False
2026-08-10,9,DEL-CCU,DEL,CCU,T+45,45,IndiGo,4521.54,5516,2026-09-24,False
2026-08-10,9,DEL-CCU,DEL,CCU,T+45,45,IndiGo,4809.5,5867,2026-09-24,False
2026-08-10,9,BLR-HYD,BLR,HYD,T+1,1,IndiGo,5836.16,7120,2026-08-11,False
2026-08-10,9,BLR-HYD,BLR,HYD,T+1,1,Air India,6479.69,7905,2026-08-11,False
2026-08-10,9,BLR-HYD,BLR,HYD,T+1,1,Air India,7038.13,8586,2026-08-11,False
2026-08-10,9,BLR-HYD,BLR,HYD,T+1,1,IndiGo,6262.57,7640,2026-08-11,False
2026-08-10,9,BLR-HYD,BLR,HYD,T+1,1,Air India,7596.58,9267,2026-08-11,False
2026-08-10,9,BLR-HYD,BLR,HYD,T+7,7,Air India,4814.68,5873,2026-08-17,False
2026-08-10,9,BLR-HYD,BLR,HYD,T+7,7,IndiGo,4341.72,5296,2026-08-17,False
2026-08-10,9,BLR-HYD,BLR,HYD,T+7,7,IndiGo,4198.03,5121,2026-08-17,False
2026-08-10,9,BLR-HYD,BLR,HYD,T+7,7,IndiGo,4251.7,5187,2026-08-17,False
2026-08-10,9,BLR-HYD,BLR,HYD,T+7,7,IndiGo,4662.5,5688,2026-08-17,False
2026-08-10,9,BLR-HYD,BLR,HYD,T+15,15,SpiceJet,2914.32,3555,2026-08-25,False
2026-08-10,9,BLR-HYD,BLR,HYD,T+15,15,Akasa Air,3172.42,3870,2026-08-25,False
2026-08-10,9,BLR-HYD,BLR,HYD,T+15,15,IndiGo,3300.18,4026,2026-08-25,False
2026-08-10,9,BLR-HYD,BLR,HYD,T+15,15,Akasa Air,3263.99,3982,2026-08-25,False
2026-08-10,9,BLR-HYD,BLR,HYD,T+15,15,IndiGo,3258.17,3974,2026-08-25,False
2026-08-10,9,BLR-HYD,BLR,HYD,T+30,30,IndiGo,2813.18,3432,2026-09-09,False
2026-08-10,9,BLR-HYD,BLR,HYD,T+30,30,Air India,3236.23,3948,2026-09-09,False
2026-08-10,9,BLR-HYD,BLR,HYD,T+30,30,Air India,3312.12,4040,2026-09-09,False
2026-08-10,9,BLR-HYD,BLR,HYD,T+30,30,Akasa Air,2662.91,3248,2026-09-09,False
2026-08-10,9,BLR-HYD,BLR,HYD,T+30,30,IndiGo,2843.72,3469,2026-09-09,False
2026-08-10,9,BLR-HYD,BLR,HYD,T+45,45,IndiGo,2441.93,2979,2026-09-24,False
2026-08-10,9,BLR-HYD,BLR,HYD,T+45,45,SpiceJet,2374.66,2897,2026-09-24,False
2026-08-10,9,BLR-HYD,BLR,HYD,T+45,45,IndiGo,2471.4,3015,2026-09-24,False
2026-08-10,9,BLR-HYD,BLR,HYD,T+45,45,Air India,3031.58,3698,2026-09-24,False
2026-08-10,9,BLR-HYD,BLR,HYD,T+45,45,Air India,2911.39,3551,2026-09-24,False
2026-08-10,9,MAA-DEL,MAA,DEL,T+1,1,IndiGo,10781.74,13153,2026-08-11,False
2026-08-10,9,MAA-DEL,MAA,DEL,T+1,1,Air India,14150.65,17263,2026-08-11,False
2026-08-10,9,MAA-DEL,MAA,DEL,T+1,1,Air India,13122.48,16009,2026-08-11,False
2026-08-10,9,MAA-DEL,MAA,DEL,T+1,1,IndiGo,11232.05,13703,2026-08-11,False
2026-08-10,9,MAA-DEL,MAA,DEL,T+1,1,IndiGo,11255.42,13731,2026-08-11,False
2026-08-10,9,MAA-DEL,MAA,DEL,T+7,7,IndiGo,8526.31,10402,2026-08-17,False
2026-08-10,9,MAA-DEL,MAA,DEL,T+7,7,IndiGo,7526.9,9182,2026-08-17,False
2026-08-10,9,MAA-DEL,MAA,DEL,T+7,7,IndiGo,9028.37,11014,2026-08-17,False
2026-08-10,9,MAA-DEL,MAA,DEL,T+7,7,IndiGo,8435.66,10291,2026-08-17,False
2026-08-10,9,MAA-DEL,MAA,DEL,T+7,7,Air India,9665.64,11792,2026-08-17,False
2026-08-10,9,MAA-DEL,MAA,DEL,T+15,15,IndiGo,6177.76,7536,2026-08-25,False
2026-08-10,9,MAA-DEL,MAA,DEL,T+15,15,IndiGo,6251.52,7626,2026-08-25,False
2026-08-10,9,MAA-DEL,MAA,DEL,T+15,15,IndiGo,6302.55,7689,2026-08-25,False
2026-08-10,9,MAA-DEL,MAA,DEL,T+15,15,IndiGo,6329.43,7721,2026-08-25,False
2026-08-10,9,MAA-DEL,MAA,DEL,T+15,15,Air India,7439.18,9075,2026-08-25,False
2026-08-10,9,MAA-DEL,MAA,DEL,T+30,30,IndiGo,5322.05,6492,2026-09-09,False
2026-08-10,9,MAA-DEL,MAA,DEL,T+30,30,IndiGo,5268.78,6427,2026-09-09,False
2026-08-10,9,MAA-DEL,MAA,DEL,T+30,30,Air India,6221.69,7590,2026-09-09,False
2026-08-10,9,MAA-DEL,MAA,DEL,T+30,30,IndiGo,5269.23,6428,2026-09-09,False
2026-08-10,9,MAA-DEL,MAA,DEL,T+30,30,IndiGo,5515.95,6729,2026-09-09,False
2026-08-10,9,MAA-DEL,MAA,DEL,T+45,45,IndiGo,4813.9,5872,2026-09-24,False
2026-08-10,9,MAA-DEL,MAA,DEL,T+45,45,Akasa Air,4097.0,4998,2026-09-24,False
2026-08-10,9,MAA-DEL,MAA,DEL,T+45,45,Air India,5687.47,6938,2026-09-24,False
2026-08-10,9,MAA-DEL,MAA,DEL,T+45,45,IndiGo,4748.07,5792,2026-09-24,False
2026-08-10,9,MAA-DEL,MAA,DEL,T+45,45,Air India,5556.19,6778,2026-09-24,False
2026-08-10,9,DEL-PNQ,DEL,PNQ,T+1,1,IndiGo,8922.31,10885,2026-08-11,False
2026-08-10,9,DEL-PNQ,DEL,PNQ,T+1,1,Air India,11083.5,13521,2026-08-11,False
2026-08-10,9,DEL-PNQ,DEL,PNQ,T+1,1,Air India,11017.59,13441,2026-08-11,False
2026-08-10,9,DEL-PNQ,DEL,PNQ,T+1,1,IndiGo,8800.62,10736,2026-08-11,False
2026-08-10,9,DEL-PNQ,DEL,PNQ,T+1,1,IndiGo,9174.17,11192,2026-08-11,False
2026-08-10,9,DEL-PNQ,DEL,PNQ,T+7,7,IndiGo,6183.6,7543,2026-08-17,False
2026-08-10,9,DEL-PNQ,DEL,PNQ,T+7,7,IndiGo,6092.2,7432,2026-08-17,False
2026-08-10,9,DEL-PNQ,DEL,PNQ,T+7,7,IndiGo,6260.88,7638,2026-08-17,False
2026-08-10,9,DEL-PNQ,DEL,PNQ,T+7,7,Air India,7774.58,9484,2026-08-17,False
2026-08-10,9,DEL-PNQ,DEL,PNQ,T+7,7,IndiGo,6614.84,8070,2026-08-17,False
2026-08-10,9,DEL-PNQ,DEL,PNQ,T+15,15,Air India,5845.24,7131,2026-08-25,False
2026-08-10,9,DEL-PNQ,DEL,PNQ,T+15,15,IndiGo,4994.16,6092,2026-08-25,False
2026-08-10,9,DEL-PNQ,DEL,PNQ,T+15,15,IndiGo,4958.54,6049,2026-08-25,False
2026-08-10,9,DEL-PNQ,DEL,PNQ,T+15,15,IndiGo,4761.2,5808,2026-08-25,False
2026-08-10,9,DEL-PNQ,DEL,PNQ,T+15,15,Air India,5828.93,7111,2026-08-25,False
2026-08-10,9,DEL-PNQ,DEL,PNQ,T+30,30,IndiGo,4291.71,5235,2026-09-09,False
2026-08-10,9,DEL-PNQ,DEL,PNQ,T+30,30,IndiGo,4284.97,5227,2026-09-09,False
2026-08-10,9,DEL-PNQ,DEL,PNQ,T+30,30,IndiGo,4348.48,5305,2026-09-09,False
2026-08-10,9,DEL-PNQ,DEL,PNQ,T+30,30,Air India,5043.83,6153,2026-09-09,False
2026-08-10,9,DEL-PNQ,DEL,PNQ,T+30,30,Air India,4982.36,6078,2026-09-09,False
2026-08-10,9,DEL-PNQ,DEL,PNQ,T+45,45,IndiGo,3849.89,4696,2026-09-24,False
2026-08-10,9,DEL-PNQ,DEL,PNQ,T+45,45,IndiGo,3707.45,4523,2026-09-24,False
2026-08-10,9,DEL-PNQ,DEL,PNQ,T+45,45,Air India,4239.91,5172,2026-09-24,False
2026-08-10,9,DEL-PNQ,DEL,PNQ,T+45,45,IndiGo,3689.72,4501,2026-09-24,False
2026-08-10,9,DEL-PNQ,DEL,PNQ,T+45,45,IndiGo,3614.15,4409,2026-09-24,False
2026-08-11,10,DEL-BOM,DEL,BOM,T+1,1,IndiGo,9572.53,11678,2026-08-12,False
2026-08-11,10,DEL-BOM,DEL,BOM,T+1,1,IndiGo,9754.63,11900,2026-08-12,False
2026-08-11,10,DEL-BOM,DEL,BOM,T+1,1,IndiGo,9532.3,11629,2026-08-12,False
2026-08-11,10,DEL-BOM,DEL,BOM,T+1,1,IndiGo,9698.54,11832,2026-08-12,False
2026-08-11,10,DEL-BOM,DEL,BOM,T+1,1,IndiGo,9154.43,11168,2026-08-12,False
2026-08-11,10,DEL-BOM,DEL,BOM,T+7,7,Akasa Air,6769.43,8258,2026-08-18,False
2026-08-11,10,DEL-BOM,DEL,BOM,T+7,7,Air India,8180.32,9979,2026-08-18,False
2026-08-11,10,DEL-BOM,DEL,BOM,T+7,7,Air India,7946.04,9694,2026-08-18,False
2026-08-11,10,DEL-BOM,DEL,BOM,T+7,7,IndiGo,7098.46,8660,2026-08-18,False
2026-08-11,10,DEL-BOM,DEL,BOM,T+7,7,IndiGo,7166.05,8742,2026-08-18,False
2026-08-11,10,DEL-BOM,DEL,BOM,T+15,15,IndiGo,4982.16,6078,2026-08-26,False
2026-08-11,10,DEL-BOM,DEL,BOM,T+15,15,Akasa Air,4976.0,6070,2026-08-26,False
2026-08-11,10,DEL-BOM,DEL,BOM,T+15,15,Akasa Air,4974.86,6069,2026-08-26,False
2026-08-11,10,DEL-BOM,DEL,BOM,T+15,15,Air India,6019.15,7343,2026-08-26,False
2026-08-11,10,DEL-BOM,DEL,BOM,T+15,15,Air India,6404.58,7813,2026-08-26,False
2026-08-11,10,DEL-BOM,DEL,BOM,T+30,30,IndiGo,4494.33,5483,2026-09-10,False
2026-08-11,10,DEL-BOM,DEL,BOM,T+30,30,IndiGo,4483.13,5469,2026-09-10,False
2026-08-11,10,DEL-BOM,DEL,BOM,T+30,30,IndiGo,4207.66,5133,2026-09-10,False
2026-08-11,10,DEL-BOM,DEL,BOM,T+30,30,IndiGo,4625.66,5643,2026-09-10,False
2026-08-11,10,DEL-BOM,DEL,BOM,T+30,30,Air India,5103.38,6226,2026-09-10,False
2026-08-11,10,DEL-BOM,DEL,BOM,T+45,45,IndiGo,4030.68,4917,2026-09-25,False
2026-08-11,10,DEL-BOM,DEL,BOM,T+45,45,Air India,4788.05,5841,2026-09-25,False
2026-08-11,10,DEL-BOM,DEL,BOM,T+45,45,IndiGo,4213.8,5140,2026-09-25,False
2026-08-11,10,DEL-BOM,DEL,BOM,T+45,45,Air India,4524.79,5520,2026-09-25,False
2026-08-11,10,DEL-BOM,DEL,BOM,T+45,45,Air India,4240.86,5173,2026-09-25,False
2026-08-11,10,BOM-DEL,BOM,DEL,T+1,1,Air India,11633.04,14192,2026-08-12,False
2026-08-11,10,BOM-DEL,BOM,DEL,T+1,1,IndiGo,10422.06,12714,2026-08-12,False
2026-08-11,10,BOM-DEL,BOM,DEL,T+1,1,Akasa Air,9906.33,12085,2026-08-12,False
2026-08-11,10,BOM-DEL,BOM,DEL,T+1,1,IndiGo,9876.16,12048,2026-08-12,False
2026-08-11,10,BOM-DEL,BOM,DEL,T+1,1,IndiGo,9635.52,11755,2026-08-12,False
2026-08-11,10,BOM-DEL,BOM,DEL,T+7,7,IndiGo,7134.38,8703,2026-08-18,False
2026-08-11,10,BOM-DEL,BOM,DEL,T+7,7,IndiGo,6701.95,8176,2026-08-18,False
2026-08-11,10,BOM-DEL,BOM,DEL,T+7,7,IndiGo,7054.05,8605,2026-08-18,False
2026-08-11,10,BOM-DEL,BOM,DEL,T+7,7,Air India,8324.69,10156,2026-08-18,False
2026-08-11,10,BOM-DEL,BOM,DEL,T+7,7,Air India,8483.51,10349,2026-08-18,False
2026-08-11,10,BOM-DEL,BOM,DEL,T+15,15,IndiGo,5789.1,7062,2026-08-26,False
2026-08-11,10,BOM-DEL,BOM,DEL,T+15,15,Air India,6309.38,7697,2026-08-26,False
2026-08-11,10,BOM-DEL,BOM,DEL,T+15,15,IndiGo,5185.15,6325,2026-08-26,False
2026-08-11,10,BOM-DEL,BOM,DEL,T+15,15,IndiGo,5274.47,6434,2026-08-26,False
2026-08-11,10,BOM-DEL,BOM,DEL,T+15,15,Air India,5838.52,7122,2026-08-26,False
2026-08-11,10,BOM-DEL,BOM,DEL,T+30,30,IndiGo,4415.0,5386,2026-09-10,False
2026-08-11,10,BOM-DEL,BOM,DEL,T+30,30,Air India,5258.35,6415,2026-09-10,False
2026-08-11,10,BOM-DEL,BOM,DEL,T+30,30,IndiGo,4442.02,5419,2026-09-10,False
2026-08-11,10,BOM-DEL,BOM,DEL,T+30,30,Air India,5363.21,6543,2026-09-10,False
2026-08-11,10,BOM-DEL,BOM,DEL,T+30,30,Air India,5181.21,6321,2026-09-10,False
2026-08-11,10,BOM-DEL,BOM,DEL,T+45,45,IndiGo,4180.06,5099,2026-09-25,False
2026-08-11,10,BOM-DEL,BOM,DEL,T+45,45,IndiGo,4022.27,4907,2026-09-25,False
2026-08-11,10,BOM-DEL,BOM,DEL,T+45,45,Air India,4740.47,5783,2026-09-25,False
2026-08-11,10,BOM-DEL,BOM,DEL,T+45,45,IndiGo,3976.08,4850,2026-09-25,False
2026-08-11,10,BOM-DEL,BOM,DEL,T+45,45,Akasa Air,3916.38,4777,2026-09-25,False
2026-08-11,10,DEL-BLR,DEL,BLR,T+1,1,IndiGo,12415.2,15146,2026-08-12,False
2026-08-11,10,DEL-BLR,DEL,BLR,T+1,1,Akasa Air,11331.02,13823,2026-08-12,False
2026-08-11,10,DEL-BLR,DEL,BLR,T+1,1,Akasa Air,11416.51,13928,2026-08-12,False
2026-08-11,10,DEL-BLR,DEL,BLR,T+1,1,IndiGo,11938.46,14564,2026-08-12,False
2026-08-11,10,DEL-BLR,DEL,BLR,T+1,1,SpiceJet,10893.15,13289,2026-08-12,False
2026-08-11,10,DEL-BLR,DEL,BLR,T+7,7,IndiGo,8294.67,10119,2026-08-18,False
2026-08-11,10,DEL-BLR,DEL,BLR,T+7,7,IndiGo,8397.2,10244,2026-08-18,False
2026-08-11,10,DEL-BLR,DEL,BLR,T+7,7,IndiGo,8800.87,10737,2026-08-18,False
2026-08-11,10,DEL-BLR,DEL,BLR,T+7,7,IndiGo,8618.01,10513,2026-08-18,False
2026-08-11,10,DEL-BLR,DEL,BLR,T+7,7,Air India,10135.88,12365,2026-08-18,False
2026-08-11,10,DEL-BLR,DEL,BLR,T+15,15,IndiGo,6690.98,8162,2026-08-26,False
2026-08-11,10,DEL-BLR,DEL,BLR,T+15,15,Air India,7623.35,9300,2026-08-26,False
2026-08-11,10,DEL-BLR,DEL,BLR,T+15,15,IndiGo,6586.27,8035,2026-08-26,False
2026-08-11,10,DEL-BLR,DEL,BLR,T+15,15,IndiGo,6474.0,7898,2026-08-26,False
2026-08-11,10,DEL-BLR,DEL,BLR,T+15,15,IndiGo,6557.82,8000,2026-08-26,False
2026-08-11,10,DEL-BLR,DEL,BLR,T+30,30,IndiGo,5455.67,6655,2026-09-10,False
2026-08-11,10,DEL-BLR,DEL,BLR,T+30,30,IndiGo,5093.88,6214,2026-09-10,False
2026-08-11,10,DEL-BLR,DEL,BLR,T+30,30,IndiGo,5543.09,6762,2026-09-10,False
2026-08-11,10,DEL-BLR,DEL,BLR,T+30,30,IndiGo,5846.59,7132,2026-09-10,False
2026-08-11,10,DEL-BLR,DEL,BLR,T+30,30,Akasa Air,5568.23,6793,2026-09-10,False
2026-08-11,10,DEL-BLR,DEL,BLR,T+45,45,IndiGo,5117.73,6243,2026-09-25,False
2026-08-11,10,DEL-BLR,DEL,BLR,T+45,45,Air India,6088.83,7428,2026-09-25,False
2026-08-11,10,DEL-BLR,DEL,BLR,T+45,45,Air India,5854.44,7142,2026-09-25,False
2026-08-11,10,DEL-BLR,DEL,BLR,T+45,45,IndiGo,4984.64,6081,2026-09-25,False
2026-08-11,10,DEL-BLR,DEL,BLR,T+45,45,IndiGo,4843.44,5908,2026-09-25,False
2026-08-11,10,BOM-BLR,BOM,BLR,T+1,1,IndiGo,7644.73,9326,2026-08-12,False
2026-08-11,10,BOM-BLR,BOM,BLR,T+1,1,IndiGo,7896.85,9634,2026-08-12,False
2026-08-11,10,BOM-BLR,BOM,BLR,T+1,1,IndiGo,8055.97,9828,2026-08-12,False
2026-08-11,10,BOM-BLR,BOM,BLR,T+1,1,IndiGo,7692.52,9384,2026-08-12,False
2026-08-11,10,BOM-BLR,BOM,BLR,T+1,1,Akasa Air,7368.18,8989,2026-08-12,False
2026-08-11,10,BOM-BLR,BOM,BLR,T+7,7,IndiGo,5470.74,6674,2026-08-18,False
2026-08-11,10,BOM-BLR,BOM,BLR,T+7,7,IndiGo,5585.75,6814,2026-08-18,False
2026-08-11,10,BOM-BLR,BOM,BLR,T+7,7,IndiGo,5194.18,6336,2026-08-18,False
2026-08-11,10,BOM-BLR,BOM,BLR,T+7,7,IndiGo,5030.98,6137,2026-08-18,False
2026-08-11,10,BOM-BLR,BOM,BLR,T+7,7,IndiGo,5365.23,6545,2026-08-18,False
2026-08-11,10,BOM-BLR,BOM,BLR,T+15,15,Air India,4697.64,5731,2026-08-26,False
2026-08-11,10,BOM-BLR,BOM,BLR,T+15,15,IndiGo,4088.41,4987,2026-08-26,False
2026-08-11,10,BOM-BLR,BOM,BLR,T+15,15,IndiGo,4140.91,5051,2026-08-26,False
2026-08-11,10,BOM-BLR,BOM,BLR,T+15,15,Air India,4829.45,5891,2026-08-26,False
2026-08-11,10,BOM-BLR,BOM,BLR,T+15,15,IndiGo,4374.05,5336,2026-08-26,False
2026-08-11,10,BOM-BLR,BOM,BLR,T+30,30,Air India,4254.36,5190,2026-09-10,False
2026-08-11,10,BOM-BLR,BOM,BLR,T+30,30,Akasa Air,3491.48,4259,2026-09-10,False
2026-08-11,10,BOM-BLR,BOM,BLR,T+30,30,IndiGo,3645.51,4447,2026-09-10,False
2026-08-11,10,BOM-BLR,BOM,BLR,T+30,30,IndiGo,3425.6,4179,2026-09-10,False
2026-08-11,10,BOM-BLR,BOM,BLR,T+30,30,IndiGo,3697.57,4511,2026-09-10,False
2026-08-11,10,BOM-BLR,BOM,BLR,T+45,45,Air India,3728.98,4549,2026-09-25,False
2026-08-11,10,BOM-BLR,BOM,BLR,T+45,45,IndiGo,3245.81,3959,2026-09-25,False
2026-08-11,10,BOM-BLR,BOM,BLR,T+45,45,Air India,3598.63,4390,2026-09-25,False
2026-08-11,10,BOM-BLR,BOM,BLR,T+45,45,IndiGo,2998.92,3658,2026-09-25,False
2026-08-11,10,BOM-BLR,BOM,BLR,T+45,45,Air India,3845.93,4692,2026-09-25,False
2026-08-11,10,DEL-CCU,DEL,CCU,T+1,1,IndiGo,11079.54,13517,2026-08-12,False
2026-08-11,10,DEL-CCU,DEL,CCU,T+1,1,IndiGo,10590.22,12920,2026-08-12,False
2026-08-11,10,DEL-CCU,DEL,CCU,T+1,1,IndiGo,10602.62,12935,2026-08-12,False
2026-08-11,10,DEL-CCU,DEL,CCU,T+1,1,IndiGo,11366.23,13866,2026-08-12,False
2026-08-11,10,DEL-CCU,DEL,CCU,T+1,1,Air India,12355.65,15073,2026-08-12,False
2026-08-11,10,DEL-CCU,DEL,CCU,T+7,7,Akasa Air,7925.45,9669,2026-08-18,False
2026-08-11,10,DEL-CCU,DEL,CCU,T+7,7,Air India,8836.22,10780,2026-08-18,False
2026-08-11,10,DEL-CCU,DEL,CCU,T+7,7,Air India,9327.68,11379,2026-08-18,False
2026-08-11,10,DEL-CCU,DEL,CCU,T+7,7,IndiGo,7649.94,9332,2026-08-18,False
2026-08-11,10,DEL-CCU,DEL,CCU,T+7,7,Air India,9316.44,11366,2026-08-18,False
2026-08-11,10,DEL-CCU,DEL,CCU,T+15,15,IndiGo,5776.2,7046,2026-08-26,False
2026-08-11,10,DEL-CCU,DEL,CCU,T+15,15,Air India,6902.48,8421,2026-08-26,False
2026-08-11,10,DEL-CCU,DEL,CCU,T+15,15,IndiGo,5896.77,7194,2026-08-26,False
2026-08-11,10,DEL-CCU,DEL,CCU,T+15,15,IndiGo,5681.79,6931,2026-08-26,False
2026-08-11,10,DEL-CCU,DEL,CCU,T+15,15,IndiGo,6041.01,7370,2026-08-26,False
2026-08-11,10,DEL-CCU,DEL,CCU,T+30,30,IndiGo,4956.48,6046,2026-09-10,False
2026-08-11,10,DEL-CCU,DEL,CCU,T+30,30,Air India,5902.71,7201,2026-09-10,False
2026-08-11,10,DEL-CCU,DEL,CCU,T+30,30,IndiGo,4871.49,5943,2026-09-10,False
2026-08-11,10,DEL-CCU,DEL,CCU,T+30,30,IndiGo,4594.51,5605,2026-09-10,False
2026-08-11,10,DEL-CCU,DEL,CCU,T+30,30,IndiGo,5013.4,6116,2026-09-10,False
2026-08-11,10,DEL-CCU,DEL,CCU,T+45,45,IndiGo,4865.18,5935,2026-09-25,False
2026-08-11,10,DEL-CCU,DEL,CCU,T+45,45,IndiGo,4609.55,5623,2026-09-25,False
2026-08-11,10,DEL-CCU,DEL,CCU,T+45,45,IndiGo,4483.33,5469,2026-09-25,False
2026-08-11,10,DEL-CCU,DEL,CCU,T+45,45,IndiGo,4445.07,5422,2026-09-25,False
2026-08-11,10,DEL-CCU,DEL,CCU,T+45,45,IndiGo,4489.88,5477,2026-09-25,False
2026-08-11,10,BLR-HYD,BLR,HYD,T+1,1,Akasa Air,5954.72,7264,2026-08-12,False
2026-08-11,10,BLR-HYD,BLR,HYD,T+1,1,IndiGo,5784.02,7056,2026-08-12,False
2026-08-11,10,BLR-HYD,BLR,HYD,T+1,1,Air India,7390.44,9016,2026-08-12,False
2026-08-11,10,BLR-HYD,BLR,HYD,T+1,1,Air India,7291.12,8895,2026-08-12,False
2026-08-11,10,BLR-HYD,BLR,HYD,T+1,1,Air India,7291.82,8896,2026-08-12,False
2026-08-11,10,BLR-HYD,BLR,HYD,T+7,7,Air India,5111.08,6235,2026-08-18,False
2026-08-11,10,BLR-HYD,BLR,HYD,T+7,7,IndiGo,4272.7,5212,2026-08-18,False
2026-08-11,10,BLR-HYD,BLR,HYD,T+7,7,IndiGo,4370.32,5331,2026-08-18,False
2026-08-11,10,BLR-HYD,BLR,HYD,T+7,7,IndiGo,4358.21,5317,2026-08-18,False
2026-08-11,10,BLR-HYD,BLR,HYD,T+7,7,IndiGo,4216.86,5144,2026-08-18,False
2026-08-11,10,BLR-HYD,BLR,HYD,T+15,15,IndiGo,3183.51,3883,2026-08-26,False
2026-08-11,10,BLR-HYD,BLR,HYD,T+15,15,Air India,3843.74,4689,2026-08-26,False
2026-08-11,10,BLR-HYD,BLR,HYD,T+15,15,IndiGo,3424.87,4178,2026-08-26,False
2026-08-11,10,BLR-HYD,BLR,HYD,T+15,15,IndiGo,3107.84,3791,2026-08-26,False
2026-08-11,10,BLR-HYD,BLR,HYD,T+15,15,IndiGo,3081.87,3759,2026-08-26,False
2026-08-11,10,BLR-HYD,BLR,HYD,T+30,30,IndiGo,2800.69,3416,2026-09-10,False
2026-08-11,10,BLR-HYD,BLR,HYD,T+30,30,IndiGo,2789.59,3403,2026-09-10,False
2026-08-11,10,BLR-HYD,BLR,HYD,T+30,30,SpiceJet,2654.08,3237,2026-09-10,False
2026-08-11,10,BLR-HYD,BLR,HYD,T+30,30,IndiGo,2808.41,3426,2026-09-10,False
2026-08-11,10,BLR-HYD,BLR,HYD,T+30,30,Air India,3257.29,3973,2026-09-10,False
2026-08-11,10,BLR-HYD,BLR,HYD,T+45,45,Air India,3070.33,3745,2026-09-25,False
2026-08-11,10,BLR-HYD,BLR,HYD,T+45,45,IndiGo,2336.54,2850,2026-09-25,False
2026-08-11,10,BLR-HYD,BLR,HYD,T+45,45,Air India,2833.54,3456,2026-09-25,False
2026-08-11,10,BLR-HYD,BLR,HYD,T+45,45,Air India,2907.62,3547,2026-09-25,False
2026-08-11,10,BLR-HYD,BLR,HYD,T+45,45,IndiGo,2332.87,2846,2026-09-25,False
2026-08-11,10,MAA-DEL,MAA,DEL,T+1,1,IndiGo,11430.32,13944,2026-08-12,False
2026-08-11,10,MAA-DEL,MAA,DEL,T+1,1,IndiGo,12169.91,14847,2026-08-12,False
2026-08-11,10,MAA-DEL,MAA,DEL,T+1,1,IndiGo,11509.51,14041,2026-08-12,False
2026-08-11,10,MAA-DEL,MAA,DEL,T+1,1,IndiGo,11593.97,14144,2026-08-12,False
2026-08-11,10,MAA-DEL,MAA,DEL,T+1,1,IndiGo,10993.84,13412,2026-08-12,False
2026-08-11,10,MAA-DEL,MAA,DEL,T+7,7,IndiGo,7963.66,9715,2026-08-18,False
2026-08-11,10,MAA-DEL,MAA,DEL,T+7,7,IndiGo,8032.36,9799,2026-08-18,False
2026-08-11,10,MAA-DEL,MAA,DEL,T+7,7,Air India,9489.03,11576,2026-08-18,False
2026-08-11,10,MAA-DEL,MAA,DEL,T+7,7,IndiGo,8504.35,10375,2026-08-18,False
2026-08-11,10,MAA-DEL,MAA,DEL,T+7,7,Air India,9783.04,11935,2026-08-18,False
2026-08-11,10,MAA-DEL,MAA,DEL,T+15,15,IndiGo,5951.99,7261,2026-08-26,False
2026-08-11,10,MAA-DEL,MAA,DEL,T+15,15,IndiGo,6246.33,7620,2026-08-26,False
2026-08-11,10,MAA-DEL,MAA,DEL,T+15,15,IndiGo,6300.89,7687,2026-08-26,False
2026-08-11,10,MAA-DEL,MAA,DEL,T+15,15,IndiGo,6440.03,7856,2026-08-26,False
2026-08-11,10,MAA-DEL,MAA,DEL,T+15,15,Air India,7705.0,9400,2026-08-26,False
2026-08-11,10,MAA-DEL,MAA,DEL,T+30,30,Air India,6035.75,7363,2026-09-10,False
2026-08-11,10,MAA-DEL,MAA,DEL,T+30,30,IndiGo,5157.56,6292,2026-09-10,False
2026-08-11,10,MAA-DEL,MAA,DEL,T+30,30,IndiGo,5074.56,6190,2026-09-10,False
2026-08-11,10,MAA-DEL,MAA,DEL,T+30,30,IndiGo,5264.72,6422,2026-09-10,False
2026-08-11,10,MAA-DEL,MAA,DEL,T+30,30,Air India,6360.24,7759,2026-09-10,False
2026-08-11,10,MAA-DEL,MAA,DEL,T+45,45,Air India,5754.98,7021,2026-09-25,False
2026-08-11,10,MAA-DEL,MAA,DEL,T+45,45,IndiGo,4705.86,5741,2026-09-25,False
2026-08-11,10,MAA-DEL,MAA,DEL,T+45,45,IndiGo,4665.58,5692,2026-09-25,False
2026-08-11,10,MAA-DEL,MAA,DEL,T+45,45,Air India,5592.29,6822,2026-09-25,False
2026-08-11,10,MAA-DEL,MAA,DEL,T+45,45,IndiGo,4580.48,5588,2026-09-25,False
2026-08-11,10,DEL-PNQ,DEL,PNQ,T+1,1,Akasa Air,9405.22,11474,2026-08-12,False
2026-08-11,10,DEL-PNQ,DEL,PNQ,T+1,1,IndiGo,8540.82,10419,2026-08-12,False
2026-08-11,10,DEL-PNQ,DEL,PNQ,T+1,1,Air India,10738.52,13100,2026-08-12,False
2026-08-11,10,DEL-PNQ,DEL,PNQ,T+1,1,Air India,11425.21,13938,2026-08-12,False
2026-08-11,10,DEL-PNQ,DEL,PNQ,T+1,1,IndiGo,9052.2,11043,2026-08-12,False
2026-08-11,10,DEL-PNQ,DEL,PNQ,T+7,7,IndiGo,6362.05,7761,2026-08-18,False
2026-08-11,10,DEL-PNQ,DEL,PNQ,T+7,7,IndiGo,6324.52,7715,2026-08-18,False
2026-08-11,10,DEL-PNQ,DEL,PNQ,T+7,7,IndiGo,6364.21,7764,2026-08-18,False
2026-08-11,10,DEL-PNQ,DEL,PNQ,T+7,7,Air India,7913.56,9654,2026-08-18,False
2026-08-11,10,DEL-PNQ,DEL,PNQ,T+7,7,IndiGo,5908.83,7208,2026-08-18,False
2026-08-11,10,DEL-PNQ,DEL,PNQ,T+15,15,Air India,6053.48,7385,2026-08-26,False
2026-08-11,10,DEL-PNQ,DEL,PNQ,T+15,15,IndiGo,4630.24,5648,2026-08-26,False
2026-08-11,10,DEL-PNQ,DEL,PNQ,T+15,15,Air India,5691.51,6943,2026-08-26,False
2026-08-11,10,DEL-PNQ,DEL,PNQ,T+15,15,IndiGo,4799.89,5855,2026-08-26,False
2026-08-11,10,DEL-PNQ,DEL,PNQ,T+15,15,SpiceJet,4711.72,5748,2026-08-26,False
2026-08-11,10,DEL-PNQ,DEL,PNQ,T+30,30,Air India,4648.96,5671,2026-09-10,False
2026-08-11,10,DEL-PNQ,DEL,PNQ,T+30,30,IndiGo,4244.51,5178,2026-09-10,False
2026-08-11,10,DEL-PNQ,DEL,PNQ,T+30,30,Akasa Air,4331.64,5284,2026-09-10,False
2026-08-11,10,DEL-PNQ,DEL,PNQ,T+30,30,IndiGo,3977.66,4852,2026-09-10,False
2026-08-11,10,DEL-PNQ,DEL,PNQ,T+30,30,IndiGo,4204.68,5129,2026-09-10,False
2026-08-11,10,DEL-PNQ,DEL,PNQ,T+45,45,Air India,4275.83,5216,2026-09-25,False
2026-08-11,10,DEL-PNQ,DEL,PNQ,T+45,45,IndiGo,3768.18,4597,2026-09-25,False
2026-08-11,10,DEL-PNQ,DEL,PNQ,T+45,45,Air India,4380.18,5343,2026-09-25,False
2026-08-11,10,DEL-PNQ,DEL,PNQ,T+45,45,Akasa Air,3514.86,4288,2026-09-25,False
2026-08-11,10,DEL-PNQ,DEL,PNQ,T+45,45,IndiGo,3776.24,4607,2026-09-25,False
2026-08-12,11,DEL-BOM,DEL,BOM,T+1,1,Air India,12291.56,14995,2026-08-13,False
2026-08-12,11,DEL-BOM,DEL,BOM,T+1,1,IndiGo,9741.04,11884,2026-08-13,False
2026-08-12,11,DEL-BOM,DEL,BOM,T+1,1,IndiGo,10053.61,12265,2026-08-13,False
2026-08-12,11,DEL-BOM,DEL,BOM,T+1,1,SpiceJet,8869.9,10821,2026-08-13,False
2026-08-12,11,DEL-BOM,DEL,BOM,T+1,1,IndiGo,9478.29,11563,2026-08-13,False
2026-08-12,11,DEL-BOM,DEL,BOM,T+7,7,IndiGo,7054.78,8606,2026-08-19,False
2026-08-12,11,DEL-BOM,DEL,BOM,T+7,7,Akasa Air,7069.98,8625,2026-08-19,False
2026-08-12,11,DEL-BOM,DEL,BOM,T+7,7,IndiGo,7026.41,8572,2026-08-19,False
2026-08-12,11,DEL-BOM,DEL,BOM,T+7,7,Air India,8092.28,9872,2026-08-19,False
2026-08-12,11,DEL-BOM,DEL,BOM,T+7,7,Air India,8181.73,9981,2026-08-19,False
2026-08-12,11,DEL-BOM,DEL,BOM,T+15,15,IndiGo,5049.36,6160,2026-08-27,False
2026-08-12,11,DEL-BOM,DEL,BOM,T+15,15,IndiGo,5392.18,6578,2026-08-27,False
2026-08-12,11,DEL-BOM,DEL,BOM,T+15,15,Air India,6417.63,7829,2026-08-27,False
2026-08-12,11,DEL-BOM,DEL,BOM,T+15,15,Air India,6126.88,7474,2026-08-27,False
2026-08-12,11,DEL-BOM,DEL,BOM,T+15,15,IndiGo,5193.59,6336,2026-08-27,False
2026-08-12,11,DEL-BOM,DEL,BOM,T+30,30,IndiGo,4568.23,5573,2026-09-11,False
2026-08-12,11,DEL-BOM,DEL,BOM,T+30,30,Air India,5254.48,6410,2026-09-11,False
2026-08-12,11,DEL-BOM,DEL,BOM,T+30,30,IndiGo,4515.63,5509,2026-09-11,False
2026-08-12,11,DEL-BOM,DEL,BOM,T+30,30,Air India,5728.19,6988,2026-09-11,False
2026-08-12,11,DEL-BOM,DEL,BOM,T+30,30,IndiGo,4486.98,5474,2026-09-11,False
2026-08-12,11,DEL-BOM,DEL,BOM,T+45,45,IndiGo,3972.75,4846,2026-09-26,False
2026-08-12,11,DEL-BOM,DEL,BOM,T+45,45,IndiGo,3932.03,4797,2026-09-26,False
2026-08-12,11,DEL-BOM,DEL,BOM,T+45,45,IndiGo,4128.0,5036,2026-09-26,False
2026-08-12,11,DEL-BOM,DEL,BOM,T+45,45,IndiGo,3997.69,4877,2026-09-26,False
2026-08-12,11,DEL-BOM,DEL,BOM,T+45,45,IndiGo,3931.77,4796,2026-09-26,False
2026-08-12,11,BOM-DEL,BOM,DEL,T+1,1,IndiGo,10260.08,12517,2026-08-13,False
2026-08-12,11,BOM-DEL,BOM,DEL,T+1,1,IndiGo,10293.82,12558,2026-08-13,False
2026-08-12,11,BOM-DEL,BOM,DEL,T+1,1,IndiGo,9600.48,11712,2026-08-13,False
2026-08-12,11,BOM-DEL,BOM,DEL,T+1,1,IndiGo,9165.91,11182,2026-08-13,False
2026-08-12,11,BOM-DEL,BOM,DEL,T+1,1,IndiGo,10152.38,12385,2026-08-13,False
2026-08-12,11,BOM-DEL,BOM,DEL,T+7,7,IndiGo,6773.73,8263,2026-08-19,False
2026-08-12,11,BOM-DEL,BOM,DEL,T+7,7,IndiGo,7132.08,8701,2026-08-19,False
2026-08-12,11,BOM-DEL,BOM,DEL,T+7,7,IndiGo,6461.49,7883,2026-08-19,False
2026-08-12,11,BOM-DEL,BOM,DEL,T+7,7,IndiGo,7156.85,8731,2026-08-19,False
2026-08-12,11,BOM-DEL,BOM,DEL,T+7,7,IndiGo,6645.84,8107,2026-08-19,False
2026-08-12,11,BOM-DEL,BOM,DEL,T+15,15,IndiGo,5415.52,6606,2026-08-27,False
2026-08-12,11,BOM-DEL,BOM,DEL,T+15,15,IndiGo,5283.1,6445,2026-08-27,False
2026-08-12,11,BOM-DEL,BOM,DEL,T+15,15,IndiGo,5104.16,6227,2026-08-27,False
2026-08-12,11,BOM-DEL,BOM,DEL,T+15,15,IndiGo,5205.23,6350,2026-08-27,False
2026-08-12,11,BOM-DEL,BOM,DEL,T+15,15,Air India,6374.92,7777,2026-08-27,False
2026-08-12,11,BOM-DEL,BOM,DEL,T+30,30,Air India,5355.82,6534,2026-09-11,False
2026-08-12,11,BOM-DEL,BOM,DEL,T+30,30,Akasa Air,4472.83,5456,2026-09-11,False
2026-08-12,11,BOM-DEL,BOM,DEL,T+30,30,IndiGo,4839.2,5903,2026-09-11,False
2026-08-12,11,BOM-DEL,BOM,DEL,T+30,30,IndiGo,4278.31,5219,2026-09-11,False
2026-08-12,11,BOM-DEL,BOM,DEL,T+30,30,IndiGo,4782.3,5834,2026-09-11,False
2026-08-12,11,BOM-DEL,BOM,DEL,T+45,45,IndiGo,4037.9,4926,2026-09-26,False
2026-08-12,11,BOM-DEL,BOM,DEL,T+45,45,IndiGo,3896.65,4753,2026-09-26,False
2026-08-12,11,BOM-DEL,BOM,DEL,T+45,45,IndiGo,3835.88,4679,2026-09-26,False
2026-08-12,11,BOM-DEL,BOM,DEL,T+45,45,IndiGo,3996.58,4875,2026-09-26,False
2026-08-12,11,BOM-DEL,BOM,DEL,T+45,45,IndiGo,4152.99,5066,2026-09-26,False
2026-08-12,11,DEL-BLR,DEL,BLR,T+1,1,IndiGo,12015.74,14659,2026-08-13,False
2026-08-12,11,DEL-BLR,DEL,BLR,T+1,1,IndiGo,12707.99,15503,2026-08-13,False
2026-08-12,11,DEL-BLR,DEL,BLR,T+1,1,IndiGo,11456.59,13977,2026-08-13,False
2026-08-12,11,DEL-BLR,DEL,BLR,T+1,1,IndiGo,12064.51,14718,2026-08-13,False
2026-08-12,11,DEL-BLR,DEL,BLR,T+1,1,IndiGo,11540.56,14079,2026-08-13,False
2026-08-12,11,DEL-BLR,DEL,BLR,T+7,7,IndiGo,8650.29,10553,2026-08-19,False
2026-08-12,11,DEL-BLR,DEL,BLR,T+7,7,IndiGo,8806.72,10744,2026-08-19,False
2026-08-12,11,DEL-BLR,DEL,BLR,T+7,7,IndiGo,8415.79,10267,2026-08-19,False
2026-08-12,11,DEL-BLR,DEL,BLR,T+7,7,IndiGo,7763.03,9470,2026-08-19,False
2026-08-12,11,DEL-BLR,DEL,BLR,T+7,7,IndiGo,8601.05,10493,2026-08-19,False
2026-08-12,11,DEL-BLR,DEL,BLR,T+15,15,Akasa Air,6390.0,7795,2026-08-27,False
2026-08-12,11,DEL-BLR,DEL,BLR,T+15,15,IndiGo,6590.99,8041,2026-08-27,False
2026-08-12,11,DEL-BLR,DEL,BLR,T+15,15,IndiGo,6780.13,8271,2026-08-27,False
2026-08-12,11,DEL-BLR,DEL,BLR,T+15,15,Air India,7374.79,8997,2026-08-27,False
2026-08-12,11,DEL-BLR,DEL,BLR,T+15,15,IndiGo,6653.75,8117,2026-08-27,False
2026-08-12,11,DEL-BLR,DEL,BLR,T+30,30,IndiGo,5803.1,7079,2026-09-11,False
2026-08-12,11,DEL-BLR,DEL,BLR,T+30,30,Air India,6158.61,7513,2026-09-11,False
2026-08-12,11,DEL-BLR,DEL,BLR,T+30,30,Air India,6640.91,8101,2026-09-11,False
2026-08-12,11,DEL-BLR,DEL,BLR,T+30,30,Akasa Air,5299.48,6465,2026-09-11,False
2026-08-12,11,DEL-BLR,DEL,BLR,T+30,30,IndiGo,5554.7,6776,2026-09-11,False
2026-08-12,11,DEL-BLR,DEL,BLR,T+45,45,IndiGo,5011.89,6114,2026-09-26,False
2026-08-12,11,DEL-BLR,DEL,BLR,T+45,45,Akasa Air,4713.5,5750,2026-09-26,False
2026-08-12,11,DEL-BLR,DEL,BLR,T+45,45,IndiGo,4834.53,5898,2026-09-26,False
2026-08-12,11,DEL-BLR,DEL,BLR,T+45,45,IndiGo,4957.56,6048,2026-09-26,False
2026-08-12,11,DEL-BLR,DEL,BLR,T+45,45,Akasa Air,4612.79,5627,2026-09-26,False
2026-08-12,11,BOM-BLR,BOM,BLR,T+1,1,Akasa Air,7203.36,8788,2026-08-13,False
2026-08-12,11,BOM-BLR,BOM,BLR,T+1,1,IndiGo,7915.96,9657,2026-08-13,False
2026-08-12,11,BOM-BLR,BOM,BLR,T+1,1,Air India,8749.22,10674,2026-08-13,False
2026-08-12,11,BOM-BLR,BOM,BLR,T+1,1,IndiGo,7912.42,9653,2026-08-13,False
2026-08-12,11,BOM-BLR,BOM,BLR,T+1,1,IndiGo,7857.29,9585,2026-08-13,False
2026-08-12,11,BOM-BLR,BOM,BLR,T+7,7,IndiGo,5141.43,6272,2026-08-19,False
2026-08-12,11,BOM-BLR,BOM,BLR,T+7,7,IndiGo,5342.18,6517,2026-08-19,False
2026-08-12,11,BOM-BLR,BOM,BLR,T+7,7,Air India,6720.76,8199,2026-08-19,False
2026-08-12,11,BOM-BLR,BOM,BLR,T+7,7,IndiGo,5284.04,6446,2026-08-19,False
2026-08-12,11,BOM-BLR,BOM,BLR,T+7,7,IndiGo,5383.01,6567,2026-08-19,False
2026-08-12,11,BOM-BLR,BOM,BLR,T+15,15,IndiGo,4230.77,5161,2026-08-27,False
2026-08-12,11,BOM-BLR,BOM,BLR,T+15,15,IndiGo,4277.59,5218,2026-08-27,False
2026-08-12,11,BOM-BLR,BOM,BLR,T+15,15,IndiGo,4126.78,5034,2026-08-27,False
2026-08-12,11,BOM-BLR,BOM,BLR,T+15,15,Air India,4805.83,5863,2026-08-27,False
2026-08-12,11,BOM-BLR,BOM,BLR,T+15,15,IndiGo,4370.71,5332,2026-08-27,False
2026-08-12,11,BOM-BLR,BOM,BLR,T+30,30,Akasa Air,3666.3,4472,2026-09-11,False
2026-08-12,11,BOM-BLR,BOM,BLR,T+30,30,IndiGo,3690.92,4502,2026-09-11,False
2026-08-12,11,BOM-BLR,BOM,BLR,T+30,30,Air India,4219.83,5148,2026-09-11,False
2026-08-12,11,BOM-BLR,BOM,BLR,T+30,30,IndiGo,3467.71,4230,2026-09-11,False
2026-08-12,11,BOM-BLR,BOM,BLR,T+30,30,IndiGo,3464.94,4227,2026-09-11,False
2026-08-12,11,BOM-BLR,BOM,BLR,T+45,45,Air India,3808.18,4645,2026-09-26,False
2026-08-12,11,BOM-BLR,BOM,BLR,T+45,45,Air India,3794.56,4629,2026-09-26,False
2026-08-12,11,BOM-BLR,BOM,BLR,T+45,45,Air India,3923.25,4786,2026-09-26,False
2026-08-12,11,BOM-BLR,BOM,BLR,T+45,45,IndiGo,3244.36,3958,2026-09-26,False
2026-08-12,11,BOM-BLR,BOM,BLR,T+45,45,IndiGo,3005.26,3666,2026-09-26,False
2026-08-12,11,DEL-CCU,DEL,CCU,T+1,1,IndiGo,11340.81,13835,2026-08-13,False
2026-08-12,11,DEL-CCU,DEL,CCU,T+1,1,IndiGo,10556.0,12878,2026-08-13,False
2026-08-12,11,DEL-CCU,DEL,CCU,T+1,1,IndiGo,10791.1,13165,2026-08-13,False
2026-08-12,11,DEL-CCU,DEL,CCU,T+1,1,Air India,13008.36,15870,2026-08-13,False
2026-08-12,11,DEL-CCU,DEL,CCU,T+1,1,Air India,13796.16,16831,2026-08-13,False
2026-08-12,11,DEL-CCU,DEL,CCU,T+7,7,IndiGo,8583.37,10471,2026-08-19,False
2026-08-12,11,DEL-CCU,DEL,CCU,T+7,7,SpiceJet,7489.12,9136,2026-08-19,False
2026-08-12,11,DEL-CCU,DEL,CCU,T+7,7,IndiGo,7691.17,9383,2026-08-19,False
2026-08-12,11,DEL-CCU,DEL,CCU,T+7,7,IndiGo,7885.62,9620,2026-08-19,False
2026-08-12,11,DEL-CCU,DEL,CCU,T+7,7,IndiGo,7981.3,9737,2026-08-19,False
2026-08-12,11,DEL-CCU,DEL,CCU,T+15,15,Air India,6865.77,8376,2026-08-27,False
2026-08-12,11,DEL-CCU,DEL,CCU,T+15,15,Air India,7379.99,9003,2026-08-27,False
2026-08-12,11,DEL-CCU,DEL,CCU,T+15,15,IndiGo,5937.17,7243,2026-08-27,False
2026-08-12,11,DEL-CCU,DEL,CCU,T+15,15,Air India,7064.66,8618,2026-08-27,False
2026-08-12,11,DEL-CCU,DEL,CCU,T+15,15,IndiGo,6027.02,7352,2026-08-27,False
2026-08-12,11,DEL-CCU,DEL,CCU,T+30,30,Air India,6039.56,7368,2026-09-11,False
2026-08-12,11,DEL-CCU,DEL,CCU,T+30,30,IndiGo,5196.59,6339,2026-09-11,False
2026-08-12,11,DEL-CCU,DEL,CCU,T+30,30,IndiGo,4939.29,6025,2026-09-11,False
2026-08-12,11,DEL-CCU,DEL,CCU,T+30,30,IndiGo,4949.7,6038,2026-09-11,False
2026-08-12,11,DEL-CCU,DEL,CCU,T+30,30,Air India,5722.57,6981,2026-09-11,False
2026-08-12,11,DEL-CCU,DEL,CCU,T+45,45,IndiGo,4556.45,5558,2026-09-26,False
2026-08-12,11,DEL-CCU,DEL,CCU,T+45,45,IndiGo,4609.76,5623,2026-09-26,False
2026-08-12,11,DEL-CCU,DEL,CCU,T+45,45,IndiGo,4559.32,5562,2026-09-26,False
2026-08-12,11,DEL-CCU,DEL,CCU,T+45,45,IndiGo,4750.42,5795,2026-09-26,False
2026-08-12,11,DEL-CCU,DEL,CCU,T+45,45,Akasa Air,4344.86,5300,2026-09-26,False
2026-08-12,11,BLR-HYD,BLR,HYD,T+1,1,Air India,7281.25,8883,2026-08-13,False
2026-08-12,11,BLR-HYD,BLR,HYD,T+1,1,IndiGo,5804.22,7081,2026-08-13,False
2026-08-12,11,BLR-HYD,BLR,HYD,T+1,1,Air India,7018.33,8562,2026-08-13,False
2026-08-12,11,BLR-HYD,BLR,HYD,T+1,1,Akasa Air,5986.51,7303,2026-08-13,False
2026-08-12,11,BLR-HYD,BLR,HYD,T+1,1,IndiGo,6214.16,7581,2026-08-13,False
2026-08-12,11,BLR-HYD,BLR,HYD,T+7,7,IndiGo,4226.85,5156,2026-08-19,False
2026-08-12,11,BLR-HYD,BLR,HYD,T+7,7,IndiGo,4260.09,5197,2026-08-19,False
2026-08-12,11,BLR-HYD,BLR,HYD,T+7,7,IndiGo,4043.9,4933,2026-08-19,False
2026-08-12,11,BLR-HYD,BLR,HYD,T+7,7,IndiGo,4217.42,5145,2026-08-19,False
2026-08-12,11,BLR-HYD,BLR,HYD,T+7,7,IndiGo,4403.88,5372,2026-08-19,False
2026-08-12,11,BLR-HYD,BLR,HYD,T+15,15,IndiGo,3314.93,4044,2026-08-27,False
2026-08-12,11,BLR-HYD,BLR,HYD,T+15,15,IndiGo,3306.46,4033,2026-08-27,False
2026-08-12,11,BLR-HYD,BLR,HYD,T+15,15,IndiGo,3255.17,3971,2026-08-27,False
2026-08-12,11,BLR-HYD,BLR,HYD,T+15,15,Air India,3831.95,4674,2026-08-27,False
2026-08-12,11,BLR-HYD,BLR,HYD,T+15,15,IndiGo,3174.41,3872,2026-08-27,False
2026-08-12,11,BLR-HYD,BLR,HYD,T+30,30,IndiGo,2853.42,3481,2026-09-11,False
2026-08-12,11,BLR-HYD,BLR,HYD,T+30,30,IndiGo,2826.34,3448,2026-09-11,False
2026-08-12,11,BLR-HYD,BLR,HYD,T+30,30,IndiGo,2833.26,3456,2026-09-11,False
2026-08-12,11,BLR-HYD,BLR,HYD,T+30,30,IndiGo,2734.02,3335,2026-09-11,False
2026-08-12,11,BLR-HYD,BLR,HYD,T+30,30,IndiGo,2575.38,3141,2026-09-11,False
2026-08-12,11,BLR-HYD,BLR,HYD,T+45,45,Akasa Air,2489.71,3037,2026-09-26,False
2026-08-12,11,BLR-HYD,BLR,HYD,T+45,45,IndiGo,2434.33,2969,2026-09-26,False
2026-08-12,11,BLR-HYD,BLR,HYD,T+45,45,Akasa Air,2325.23,2836,2026-09-26,False
2026-08-12,11,BLR-HYD,BLR,HYD,T+45,45,IndiGo,2535.91,3093,2026-09-26,False
2026-08-12,11,BLR-HYD,BLR,HYD,T+45,45,IndiGo,2441.85,2979,2026-09-26,False
2026-08-12,11,MAA-DEL,MAA,DEL,T+1,1,IndiGo,11930.63,14555,2026-08-13,False
2026-08-12,11,MAA-DEL,MAA,DEL,T+1,1,IndiGo,11752.29,14337,2026-08-13,False
2026-08-12,11,MAA-DEL,MAA,DEL,T+1,1,IndiGo,11779.09,14370,2026-08-13,False
2026-08-12,11,MAA-DEL,MAA,DEL,T+1,1,IndiGo,10953.88,13363,2026-08-13,False
2026-08-12,11,MAA-DEL,MAA,DEL,T+1,1,IndiGo,11991.83,14630,2026-08-13,False
2026-08-12,11,MAA-DEL,MAA,DEL,T+7,7,Air India,9685.8,11816,2026-08-19,False
2026-08-12,11,MAA-DEL,MAA,DEL,T+7,7,IndiGo,8035.97,9803,2026-08-19,False
2026-08-12,11,MAA-DEL,MAA,DEL,T+7,7,IndiGo,8182.05,9982,2026-08-19,False
2026-08-12,11,MAA-DEL,MAA,DEL,T+7,7,Air India,9001.34,10981,2026-08-19,False
2026-08-12,11,MAA-DEL,MAA,DEL,T+7,7,IndiGo,8257.63,10074,2026-08-19,False
2026-08-12,11,MAA-DEL,MAA,DEL,T+15,15,Air India,7039.75,8588,2026-08-27,False
2026-08-12,11,MAA-DEL,MAA,DEL,T+15,15,IndiGo,5901.12,7199,2026-08-27,False
2026-08-12,11,MAA-DEL,MAA,DEL,T+15,15,Air India,6913.74,8434,2026-08-27,False
2026-08-12,11,MAA-DEL,MAA,DEL,T+15,15,IndiGo,6435.62,7851,2026-08-27,False
2026-08-12,11,MAA-DEL,MAA,DEL,T+15,15,Akasa Air,5866.65,7157,2026-08-27,False
2026-08-12,11,MAA-DEL,MAA,DEL,T+30,30,IndiGo,5594.49,6825,2026-09-11,False
2026-08-12,11,MAA-DEL,MAA,DEL,T+30,30,IndiGo,5209.9,6356,2026-09-11,False
2026-08-12,11,MAA-DEL,MAA,DEL,T+30,30,IndiGo,4992.19,6090,2026-09-11,False
2026-08-12,11,MAA-DEL,MAA,DEL,T+30,30,IndiGo,5101.99,6224,2026-09-11,False
2026-08-12,11,MAA-DEL,MAA,DEL,T+30,30,Akasa Air,5364.21,6544,2026-09-11,False
2026-08-12,11,MAA-DEL,MAA,DEL,T+45,45,IndiGo,4693.78,5726,2026-09-26,False
2026-08-12,11,MAA-DEL,MAA,DEL,T+45,45,IndiGo,4628.96,5647,2026-09-26,False
2026-08-12,11,MAA-DEL,MAA,DEL,T+45,45,IndiGo,4745.96,5790,2026-09-26,False
2026-08-12,11,MAA-DEL,MAA,DEL,T+45,45,IndiGo,4802.42,5858,2026-09-26,False
2026-08-12,11,MAA-DEL,MAA,DEL,T+45,45,IndiGo,4904.11,5983,2026-09-26,False
2026-08-12,11,DEL-PNQ,DEL,PNQ,T+1,1,IndiGo,9511.14,11603,2026-08-13,False
2026-08-12,11,DEL-PNQ,DEL,PNQ,T+1,1,IndiGo,8938.23,10904,2026-08-13,False
2026-08-12,11,DEL-PNQ,DEL,PNQ,T+1,1,IndiGo,8632.09,10531,2026-08-13,False
2026-08-12,11,DEL-PNQ,DEL,PNQ,T+1,1,IndiGo,8921.22,10883,2026-08-13,False
2026-08-12,11,DEL-PNQ,DEL,PNQ,T+1,1,IndiGo,9134.68,11144,2026-08-13,False
2026-08-12,11,DEL-PNQ,DEL,PNQ,T+7,7,Air India,7297.79,8903,2026-08-19,False
2026-08-12,11,DEL-PNQ,DEL,PNQ,T+7,7,IndiGo,6191.57,7553,2026-08-19,False
2026-08-12,11,DEL-PNQ,DEL,PNQ,T+7,7,Air India,7643.43,9324,2026-08-19,False
2026-08-12,11,DEL-PNQ,DEL,PNQ,T+7,7,Air India,7539.69,9198,2026-08-19,False
2026-08-12,11,DEL-PNQ,DEL,PNQ,T+7,7,IndiGo,6413.54,7824,2026-08-19,False
2026-08-12,11,DEL-PNQ,DEL,PNQ,T+15,15,IndiGo,4744.87,5788,2026-08-27,False
2026-08-12,11,DEL-PNQ,DEL,PNQ,T+15,15,Air India,5700.17,6954,2026-08-27,False
2026-08-12,11,DEL-PNQ,DEL,PNQ,T+15,15,IndiGo,4716.6,5754,2026-08-27,False
2026-08-12,11,DEL-PNQ,DEL,PNQ,T+15,15,IndiGo,5026.14,6131,2026-08-27,False
2026-08-12,11,DEL-PNQ,DEL,PNQ,T+15,15,IndiGo,5050.88,6162,2026-08-27,False
2026-08-12,11,DEL-PNQ,DEL,PNQ,T+30,30,IndiGo,3907.98,4767,2026-09-11,False
2026-08-12,11,DEL-PNQ,DEL,PNQ,T+30,30,Air India,4765.33,5813,2026-09-11,False
2026-08-12,11,DEL-PNQ,DEL,PNQ,T+30,30,IndiGo,3959.11,4830,2026-09-11,False
2026-08-12,11,DEL-PNQ,DEL,PNQ,T+30,30,IndiGo,4082.89,4981,2026-09-11,False
2026-08-12,11,DEL-PNQ,DEL,PNQ,T+30,30,IndiGo,4165.74,5082,2026-09-11,False
2026-08-12,11,DEL-PNQ,DEL,PNQ,T+45,45,IndiGo,3525.3,4300,2026-09-26,False
2026-08-12,11,DEL-PNQ,DEL,PNQ,T+45,45,IndiGo,3593.91,4384,2026-09-26,False
2026-08-12,11,DEL-PNQ,DEL,PNQ,T+45,45,IndiGo,3583.23,4371,2026-09-26,False
2026-08-12,11,DEL-PNQ,DEL,PNQ,T+45,45,Air India,4410.05,5380,2026-09-26,False
2026-08-12,11,DEL-PNQ,DEL,PNQ,T+45,45,IndiGo,3722.74,4541,2026-09-26,False
2026-08-13,12,DEL-BOM,DEL,BOM,T+1,1,Air India,11269.22,13748,2026-08-14,False
2026-08-13,12,DEL-BOM,DEL,BOM,T+1,1,Air India,11632.81,14192,2026-08-14,False
2026-08-13,12,DEL-BOM,DEL,BOM,T+1,1,IndiGo,9618.8,11734,2026-08-14,False
2026-08-13,12,DEL-BOM,DEL,BOM,T+1,1,IndiGo,9713.19,11850,2026-08-14,False
2026-08-13,12,DEL-BOM,DEL,BOM,T+1,1,IndiGo,10380.8,12664,2026-08-14,False
2026-08-13,12,DEL-BOM,DEL,BOM,T+7,7,IndiGo,7265.53,8863,2026-08-20,False
2026-08-13,12,DEL-BOM,DEL,BOM,T+7,7,IndiGo,6624.27,8081,2026-08-20,False
2026-08-13,12,DEL-BOM,DEL,BOM,T+7,7,IndiGo,7141.47,8712,2026-08-20,False
2026-08-13,12,DEL-BOM,DEL,BOM,T+7,7,IndiGo,7137.02,8707,2026-08-20,False
2026-08-13,12,DEL-BOM,DEL,BOM,T+7,7,Air India,7853.0,9580,2026-08-20,False
2026-08-13,12,DEL-BOM,DEL,BOM,T+15,15,IndiGo,5431.71,6626,2026-08-28,False
2026-08-13,12,DEL-BOM,DEL,BOM,T+15,15,IndiGo,5564.62,6788,2026-08-28,False
2026-08-13,12,DEL-BOM,DEL,BOM,T+15,15,IndiGo,5072.92,6188,2026-08-28,False
2026-08-13,12,DEL-BOM,DEL,BOM,T+15,15,IndiGo,5110.82,6235,2026-08-28,False
2026-08-13,12,DEL-BOM,DEL,BOM,T+15,15,IndiGo,5468.46,6671,2026-08-28,False
2026-08-13,12,DEL-BOM,DEL,BOM,T+30,30,IndiGo,4569.05,5574,2026-09-12,False
2026-08-13,12,DEL-BOM,DEL,BOM,T+30,30,Air India,5438.96,6635,2026-09-12,False
2026-08-13,12,DEL-BOM,DEL,BOM,T+30,30,IndiGo,4580.0,5587,2026-09-12,False
2026-08-13,12,DEL-BOM,DEL,BOM,T+30,30,SpiceJet,4346.46,5302,2026-09-12,False
2026-08-13,12,DEL-BOM,DEL,BOM,T+30,30,IndiGo,4315.92,5265,2026-09-12,False
2026-08-13,12,DEL-BOM,DEL,BOM,T+45,45,IndiGo,4170.62,5088,2026-09-27,False
2026-08-13,12,DEL-BOM,DEL,BOM,T+45,45,IndiGo,4187.84,5109,2026-09-27,False
2026-08-13,12,DEL-BOM,DEL,BOM,T+45,45,IndiGo,3990.85,4868,2026-09-27,False
2026-08-13,12,DEL-BOM,DEL,BOM,T+45,45,IndiGo,4017.03,4900,2026-09-27,False
2026-08-13,12,DEL-BOM,DEL,BOM,T+45,45,IndiGo,3807.55,4645,2026-09-27,False
2026-08-13,12,BOM-DEL,BOM,DEL,T+1,1,IndiGo,9982.93,12179,2026-08-14,False
2026-08-13,12,BOM-DEL,BOM,DEL,T+1,1,IndiGo,10002.77,12203,2026-08-14,False
2026-08-13,12,BOM-DEL,BOM,DEL,T+1,1,IndiGo,9785.08,11937,2026-08-14,False
2026-08-13,12,BOM-DEL,BOM,DEL,T+1,1,Air India,12016.23,14659,2026-08-14,False
2026-08-13,12,BOM-DEL,BOM,DEL,T+1,1,Akasa Air,9385.71,11450,2026-08-14,False
2026-08-13,12,BOM-DEL,BOM,DEL,T+7,7,IndiGo,7077.08,8634,2026-08-20,False
2026-08-13,12,BOM-DEL,BOM,DEL,T+7,7,IndiGo,6692.26,8164,2026-08-20,False
2026-08-13,12,BOM-DEL,BOM,DEL,T+7,7,Air India,8175.07,9973,2026-08-20,False
2026-08-13,12,BOM-DEL,BOM,DEL,T+7,7,IndiGo,6897.58,8415,2026-08-20,False
2026-08-13,12,BOM-DEL,BOM,DEL,T+7,7,Air India,8246.34,10060,2026-08-20,False
2026-08-13,12,BOM-DEL,BOM,DEL,T+15,15,IndiGo,5212.09,6358,2026-08-28,False
2026-08-13,12,BOM-DEL,BOM,DEL,T+15,15,IndiGo,5256.09,6412,2026-08-28,False
2026-08-13,12,BOM-DEL,BOM,DEL,T+15,15,IndiGo,5433.05,6628,2026-08-28,False
2026-08-13,12,BOM-DEL,BOM,DEL,T+15,15,Air India,6130.13,7478,2026-08-28,False
2026-08-13,12,BOM-DEL,BOM,DEL,T+15,15,IndiGo,4983.47,6079,2026-08-28,False
2026-08-13,12,BOM-DEL,BOM,DEL,T+30,30,IndiGo,4803.2,5859,2026-09-12,False
2026-08-13,12,BOM-DEL,BOM,DEL,T+30,30,IndiGo,4744.88,5788,2026-09-12,False
2026-08-13,12,BOM-DEL,BOM,DEL,T+30,30,IndiGo,4321.34,5272,2026-09-12,False
2026-08-13,12,BOM-DEL,BOM,DEL,T+30,30,IndiGo,4635.3,5655,2026-09-12,False
2026-08-13,12,BOM-DEL,BOM,DEL,T+30,30,Air India,5242.03,6395,2026-09-12,False
2026-08-13,12,BOM-DEL,BOM,DEL,T+45,45,Air India,4786.82,5839,2026-09-27,False
2026-08-13,12,BOM-DEL,BOM,DEL,T+45,45,IndiGo,4064.58,4958,2026-09-27,False
2026-08-13,12,BOM-DEL,BOM,DEL,T+45,45,IndiGo,3990.14,4867,2026-09-27,False
2026-08-13,12,BOM-DEL,BOM,DEL,T+45,45,IndiGo,3912.79,4773,2026-09-27,False
2026-08-13,12,BOM-DEL,BOM,DEL,T+45,45,Air India,4628.45,5646,2026-09-27,False
2026-08-13,12,DEL-BLR,DEL,BLR,T+1,1,Air India,13772.96,16803,2026-08-14,False
2026-08-13,12,DEL-BLR,DEL,BLR,T+1,1,IndiGo,11718.06,14296,2026-08-14,False
2026-08-13,12,DEL-BLR,DEL,BLR,T+1,1,Air India,14195.79,17318,2026-08-14,False
2026-08-13,12,DEL-BLR,DEL,BLR,T+1,1,IndiGo,11767.09,14355,2026-08-14,False
2026-08-13,12,DEL-BLR,DEL,BLR,T+1,1,Air India,14568.93,17774,2026-08-14,False
2026-08-13,12,DEL-BLR,DEL,BLR,T+7,7,IndiGo,8986.07,10963,2026-08-20,False
2026-08-13,12,DEL-BLR,DEL,BLR,T+7,7,SpiceJet,7927.63,9671,2026-08-20,False
2026-08-13,12,DEL-BLR,DEL,BLR,T+7,7,IndiGo,8613.03,10507,2026-08-20,False
2026-08-13,12,DEL-BLR,DEL,BLR,T+7,7,Air India,10246.04,12500,2026-08-20,False
2026-08-13,12,DEL-BLR,DEL,BLR,T+7,7,Air India,10236.29,12488,2026-08-20,False
2026-08-13,12,DEL-BLR,DEL,BLR,T+15,15,IndiGo,6516.21,7949,2026-08-28,False
2026-08-13,12,DEL-BLR,DEL,BLR,T+15,15,SpiceJet,6316.93,7706,2026-08-28,False
2026-08-13,12,DEL-BLR,DEL,BLR,T+15,15,IndiGo,6608.63,8062,2026-08-28,False
2026-08-13,12,DEL-BLR,DEL,BLR,T+15,15,IndiGo,6217.41,7585,2026-08-28,False
2026-08-13,12,DEL-BLR,DEL,BLR,T+15,15,Air India,7894.98,9631,2026-08-28,False
2026-08-13,12,DEL-BLR,DEL,BLR,T+30,30,IndiGo,5743.51,7007,2026-09-12,False
2026-08-13,12,DEL-BLR,DEL,BLR,T+30,30,SpiceJet,5136.35,6266,2026-09-12,False
2026-08-13,12,DEL-BLR,DEL,BLR,T+30,30,Air India,6576.07,8022,2026-09-12,False
2026-08-13,12,DEL-BLR,DEL,BLR,T+30,30,IndiGo,5703.74,6958,2026-09-12,False
2026-08-13,12,DEL-BLR,DEL,BLR,T+30,30,Air India,6519.23,7953,2026-09-12,False
2026-08-13,12,DEL-BLR,DEL,BLR,T+45,45,IndiGo,5137.52,6267,2026-09-27,False
2026-08-13,12,DEL-BLR,DEL,BLR,T+45,45,IndiGo,5361.24,6540,2026-09-27,False
2026-08-13,12,DEL-BLR,DEL,BLR,T+45,45,Air India,5677.05,6926,2026-09-27,False
2026-08-13,12,DEL-BLR,DEL,BLR,T+45,45,IndiGo,4712.23,5748,2026-09-27,False
2026-08-13,12,DEL-BLR,DEL,BLR,T+45,45,IndiGo,5004.22,6105,2026-09-27,False
2026-08-13,12,BOM-BLR,BOM,BLR,T+1,1,IndiGo,7927.26,9671,2026-08-14,False
2026-08-13,12,BOM-BLR,BOM,BLR,T+1,1,IndiGo,7669.52,9356,2026-08-14,False
2026-08-13,12,BOM-BLR,BOM,BLR,T+1,1,IndiGo,8125.27,9912,2026-08-14,False
2026-08-13,12,BOM-BLR,BOM,BLR,T+1,1,IndiGo,7369.74,8991,2026-08-14,False
2026-08-13,12,BOM-BLR,BOM,BLR,T+1,1,IndiGo,7919.51,9661,2026-08-14,False
2026-08-13,12,BOM-BLR,BOM,BLR,T+7,7,IndiGo,5355.84,6534,2026-08-20,False
2026-08-13,12,BOM-BLR,BOM,BLR,T+7,7,IndiGo,5801.16,7077,2026-08-20,False
2026-08-13,12,BOM-BLR,BOM,BLR,T+7,7,IndiGo,5853.47,7141,2026-08-20,False
2026-08-13,12,BOM-BLR,BOM,BLR,T+7,7,Air India,6277.95,7659,2026-08-20,False
2026-08-13,12,BOM-BLR,BOM,BLR,T+7,7,IndiGo,5366.62,6547,2026-08-20,False
2026-08-13,12,BOM-BLR,BOM,BLR,T+15,15,IndiGo,4288.64,5232,2026-08-28,False
2026-08-13,12,BOM-BLR,BOM,BLR,T+15,15,Air India,4841.9,5907,2026-08-28,False
2026-08-13,12,BOM-BLR,BOM,BLR,T+15,15,Akasa Air,4025.5,4911,2026-08-28,False
2026-08-13,12,BOM-BLR,BOM,BLR,T+15,15,Air India,4912.77,5993,2026-08-28,False
2026-08-13,12,BOM-BLR,BOM,BLR,T+15,15,IndiGo,3883.65,4738,2026-08-28,False
2026-08-13,12,BOM-BLR,BOM,BLR,T+30,30,Akasa Air,3454.25,4214,2026-09-12,False
2026-08-13,12,BOM-BLR,BOM,BLR,T+30,30,Air India,4105.64,5008,2026-09-12,False
2026-08-13,12,BOM-BLR,BOM,BLR,T+30,30,Air India,4134.59,5044,2026-09-12,False
2026-08-13,12,BOM-BLR,BOM,BLR,T+30,30,SpiceJet,3551.61,4332,2026-09-12,False
2026-08-13,12,BOM-BLR,BOM,BLR,T+30,30,Air India,4022.18,4907,2026-09-12,False
2026-08-13,12,BOM-BLR,BOM,BLR,T+45,45,IndiGo,3262.38,3980,2026-09-27,False
2026-08-13,12,BOM-BLR,BOM,BLR,T+45,45,Air India,3703.22,4517,2026-09-27,False
2026-08-13,12,BOM-BLR,BOM,BLR,T+45,45,IndiGo,3141.04,3832,2026-09-27,False
2026-08-13,12,BOM-BLR,BOM,BLR,T+45,45,Air India,3843.19,4688,2026-09-27,False
2026-08-13,12,BOM-BLR,BOM,BLR,T+45,45,Air India,3784.25,4616,2026-09-27,False
2026-08-13,12,DEL-CCU,DEL,CCU,T+1,1,Air India,13152.79,16046,2026-08-14,False
2026-08-13,12,DEL-CCU,DEL,CCU,T+1,1,Air India,13332.23,16265,2026-08-14,False
2026-08-13,12,DEL-CCU,DEL,CCU,T+1,1,IndiGo,10811.11,13189,2026-08-14,False
2026-08-13,12,DEL-CCU,DEL,CCU,T+1,1,IndiGo,10703.56,13058,2026-08-14,False
2026-08-13,12,DEL-CCU,DEL,CCU,T+1,1,IndiGo,10522.51,12837,2026-08-14,False
2026-08-13,12,DEL-CCU,DEL,CCU,T+7,7,IndiGo,7517.07,9170,2026-08-20,False
2026-08-13,12,DEL-CCU,DEL,CCU,T+7,7,IndiGo,8539.68,10418,2026-08-20,False
2026-08-13,12,DEL-CCU,DEL,CCU,T+7,7,IndiGo,8077.91,9855,2026-08-20,False
2026-08-13,12,DEL-CCU,DEL,CCU,T+7,7,Air India,8694.33,10607,2026-08-20,False
2026-08-13,12,DEL-CCU,DEL,CCU,T+7,7,IndiGo,7382.41,9006,2026-08-20,False
2026-08-13,12,DEL-CCU,DEL,CCU,T+15,15,IndiGo,5988.99,7306,2026-08-28,False
2026-08-13,12,DEL-CCU,DEL,CCU,T+15,15,IndiGo,6002.47,7323,2026-08-28,False
2026-08-13,12,DEL-CCU,DEL,CCU,T+15,15,Akasa Air,5813.24,7092,2026-08-28,False
2026-08-13,12,DEL-CCU,DEL,CCU,T+15,15,IndiGo,5837.1,7121,2026-08-28,False
2026-08-13,12,DEL-CCU,DEL,CCU,T+15,15,Akasa Air,5678.63,6927,2026-08-28,False
2026-08-13,12,DEL-CCU,DEL,CCU,T+30,30,IndiGo,5106.21,6229,2026-09-12,False
2026-08-13,12,DEL-CCU,DEL,CCU,T+30,30,IndiGo,5063.46,6177,2026-09-12,False
2026-08-13,12,DEL-CCU,DEL,CCU,T+30,30,Air India,5489.36,6697,2026-09-12,False
2026-08-13,12,DEL-CCU,DEL,CCU,T+30,30,Air India,5903.79,7202,2026-09-12,False
2026-08-13,12,DEL-CCU,DEL,CCU,T+30,30,Air India,5774.3,7044,2026-09-12,False
2026-08-13,12,DEL-CCU,DEL,CCU,T+45,45,IndiGo,4514.88,5508,2026-09-27,False
2026-08-13,12,DEL-CCU,DEL,CCU,T+45,45,Air India,5843.12,7128,2026-09-27,False
2026-08-13,12,DEL-CCU,DEL,CCU,T+45,45,IndiGo,4545.08,5544,2026-09-27,False
2026-08-13,12,DEL-CCU,DEL,CCU,T+45,45,IndiGo,4438.12,5414,2026-09-27,False
2026-08-13,12,DEL-CCU,DEL,CCU,T+45,45,IndiGo,4632.14,5651,2026-09-27,False
2026-08-13,12,BLR-HYD,BLR,HYD,T+1,1,IndiGo,6136.68,7486,2026-08-14,False
2026-08-13,12,BLR-HYD,BLR,HYD,T+1,1,IndiGo,6123.46,7470,2026-08-14,False
2026-08-13,12,BLR-HYD,BLR,HYD,T+1,1,IndiGo,6162.9,7518,2026-08-14,False
2026-08-13,12,BLR-HYD,BLR,HYD,T+1,1,IndiGo,6469.1,7892,2026-08-14,False
2026-08-13,12,BLR-HYD,BLR,HYD,T+1,1,Air India,6833.02,8336,2026-08-14,False
2026-08-13,12,BLR-HYD,BLR,HYD,T+7,7,IndiGo,4341.53,5296,2026-08-20,False
2026-08-13,12,BLR-HYD,BLR,HYD,T+7,7,IndiGo,4132.26,5041,2026-08-20,False
2026-08-13,12,BLR-HYD,BLR,HYD,T+7,7,IndiGo,4353.76,5311,2026-08-20,False
2026-08-13,12,BLR-HYD,BLR,HYD,T+7,7,IndiGo,4133.41,5042,2026-08-20,False
2026-08-13,12,BLR-HYD,BLR,HYD,T+7,7,IndiGo,4208.34,5134,2026-08-20,False
2026-08-13,12,BLR-HYD,BLR,HYD,T+15,15,Air India,3791.38,4625,2026-08-28,False
2026-08-13,12,BLR-HYD,BLR,HYD,T+15,15,IndiGo,3360.45,4099,2026-08-28,False
2026-08-13,12,BLR-HYD,BLR,HYD,T+15,15,IndiGo,3353.92,4091,2026-08-28,False
2026-08-13,12,BLR-HYD,BLR,HYD,T+15,15,Air India,3663.92,4469,2026-08-28,False
2026-08-13,12,BLR-HYD,BLR,HYD,T+15,15,IndiGo,3255.72,3971,2026-08-28,False
2026-08-13,12,BLR-HYD,BLR,HYD,T+30,30,IndiGo,2716.09,3313,2026-09-12,False
2026-08-13,12,BLR-HYD,BLR,HYD,T+30,30,Air India,3139.03,3829,2026-09-12,False
2026-08-13,12,BLR-HYD,BLR,HYD,T+30,30,IndiGo,2764.1,3372,2026-09-12,False
2026-08-13,12,BLR-HYD,BLR,HYD,T+30,30,IndiGo,2755.19,3361,2026-09-12,False
2026-08-13,12,BLR-HYD,BLR,HYD,T+30,30,Akasa Air,2926.4,3570,2026-09-12,False
2026-08-13,12,BLR-HYD,BLR,HYD,T+45,45,IndiGo,2513.3,3066,2026-09-27,False
2026-08-13,12,BLR-HYD,BLR,HYD,T+45,45,Air India,2778.08,3389,2026-09-27,False
2026-08-13,12,BLR-HYD,BLR,HYD,T+45,45,IndiGo,2426.85,2960,2026-09-27,False
2026-08-13,12,BLR-HYD,BLR,HYD,T+45,45,IndiGo,2564.29,3128,2026-09-27,False
2026-08-13,12,BLR-HYD,BLR,HYD,T+45,45,IndiGo,2656.75,3241,2026-09-27,False
2026-08-13,12,MAA-DEL,MAA,DEL,T+1,1,Akasa Air,10522.02,12836,2026-08-14,False
2026-08-13,12,MAA-DEL,MAA,DEL,T+1,1,IndiGo,10746.78,13111,2026-08-14,False
2026-08-13,12,MAA-DEL,MAA,DEL,T+1,1,IndiGo,12257.0,14953,2026-08-14,False
2026-08-13,12,MAA-DEL,MAA,DEL,T+1,1,IndiGo,11660.57,14225,2026-08-14,False
2026-08-13,12,MAA-DEL,MAA,DEL,T+1,1,IndiGo,11154.1,13608,2026-08-14,False
2026-08-13,12,MAA-DEL,MAA,DEL,T+7,7,Air India,9777.5,11928,2026-08-20,False
2026-08-13,12,MAA-DEL,MAA,DEL,T+7,7,IndiGo,7390.05,9015,2026-08-20,False
2026-08-13,12,MAA-DEL,MAA,DEL,T+7,7,IndiGo,8142.04,9933,2026-08-20,False
2026-08-13,12,MAA-DEL,MAA,DEL,T+7,7,IndiGo,8234.49,10046,2026-08-20,False
2026-08-13,12,MAA-DEL,MAA,DEL,T+7,7,Air India,9908.39,12088,2026-08-20,False
2026-08-13,12,MAA-DEL,MAA,DEL,T+15,15,IndiGo,5974.48,7288,2026-08-28,False
2026-08-13,12,MAA-DEL,MAA,DEL,T+15,15,IndiGo,6212.88,7579,2026-08-28,False
2026-08-13,12,MAA-DEL,MAA,DEL,T+15,15,Air India,7066.22,8620,2026-08-28,False
2026-08-13,12,MAA-DEL,MAA,DEL,T+15,15,IndiGo,6249.67,7624,2026-08-28,False
2026-08-13,12,MAA-DEL,MAA,DEL,T+15,15,IndiGo,6000.19,7320,2026-08-28,False
2026-08-13,12,MAA-DEL,MAA,DEL,T+30,30,IndiGo,5233.56,6384,2026-09-12,False
2026-08-13,12,MAA-DEL,MAA,DEL,T+30,30,IndiGo,5124.35,6251,2026-09-12,False
2026-08-13,12,MAA-DEL,MAA,DEL,T+30,30,Air India,6402.15,7810,2026-09-12,False
2026-08-13,12,MAA-DEL,MAA,DEL,T+30,30,IndiGo,5468.92,6672,2026-09-12,False
2026-08-13,12,MAA-DEL,MAA,DEL,T+30,30,Air India,6208.1,7573,2026-09-12,False
2026-08-13,12,MAA-DEL,MAA,DEL,T+45,45,Air India,5571.45,6797,2026-09-27,False
2026-08-13,12,MAA-DEL,MAA,DEL,T+45,45,SpiceJet,4244.39,5178,2026-09-27,False
2026-08-13,12,MAA-DEL,MAA,DEL,T+45,45,IndiGo,4669.96,5697,2026-09-27,False
2026-08-13,12,MAA-DEL,MAA,DEL,T+45,45,IndiGo,4711.17,5747,2026-09-27,False
2026-08-13,12,MAA-DEL,MAA,DEL,T+45,45,IndiGo,5152.37,6285,2026-09-27,False
2026-08-13,12,DEL-PNQ,DEL,PNQ,T+1,1,IndiGo,8699.79,10613,2026-08-14,False
2026-08-13,12,DEL-PNQ,DEL,PNQ,T+1,1,Air India,11218.83,13686,2026-08-14,False
2026-08-13,12,DEL-PNQ,DEL,PNQ,T+1,1,IndiGo,9367.92,11428,2026-08-14,False
2026-08-13,12,DEL-PNQ,DEL,PNQ,T+1,1,IndiGo,9141.0,11152,2026-08-14,False
2026-08-13,12,DEL-PNQ,DEL,PNQ,T+1,1,Air India,11328.81,13821,2026-08-14,False
2026-08-13,12,DEL-PNQ,DEL,PNQ,T+7,7,IndiGo,6489.52,7917,2026-08-20,False
2026-08-13,12,DEL-PNQ,DEL,PNQ,T+7,7,Air India,7655.32,9339,2026-08-20,False
2026-08-13,12,DEL-PNQ,DEL,PNQ,T+7,7,Air India,7538.41,9196,2026-08-20,False
2026-08-13,12,DEL-PNQ,DEL,PNQ,T+7,7,IndiGo,6680.43,8150,2026-08-20,False
2026-08-13,12,DEL-PNQ,DEL,PNQ,T+7,7,SpiceJet,6301.83,7688,2026-08-20,False
2026-08-13,12,DEL-PNQ,DEL,PNQ,T+15,15,IndiGo,4767.46,5816,2026-08-28,False
2026-08-13,12,DEL-PNQ,DEL,PNQ,T+15,15,IndiGo,4649.14,5671,2026-08-28,False
2026-08-13,12,DEL-PNQ,DEL,PNQ,T+15,15,IndiGo,4839.57,5904,2026-08-28,False
2026-08-13,12,DEL-PNQ,DEL,PNQ,T+15,15,IndiGo,4737.72,5780,2026-08-28,False
2026-08-13,12,DEL-PNQ,DEL,PNQ,T+15,15,IndiGo,4863.36,5933,2026-08-28,False
2026-08-13,12,DEL-PNQ,DEL,PNQ,T+30,30,Air India,5138.83,6269,2026-09-12,False
2026-08-13,12,DEL-PNQ,DEL,PNQ,T+30,30,IndiGo,4111.02,5015,2026-09-12,False
2026-08-13,12,DEL-PNQ,DEL,PNQ,T+30,30,IndiGo,4171.63,5089,2026-09-12,False
2026-08-13,12,DEL-PNQ,DEL,PNQ,T+30,30,IndiGo,4186.37,5107,2026-09-12,False
2026-08-13,12,DEL-PNQ,DEL,PNQ,T+30,30,Air India,5071.77,6187,2026-09-12,False
2026-08-13,12,DEL-PNQ,DEL,PNQ,T+45,45,Air India,4033.92,4921,2026-09-27,False
2026-08-13,12,DEL-PNQ,DEL,PNQ,T+45,45,IndiGo,3634.82,4434,2026-09-27,False
2026-08-13,12,DEL-PNQ,DEL,PNQ,T+45,45,IndiGo,3741.14,4564,2026-09-27,False
2026-08-13,12,DEL-PNQ,DEL,PNQ,T+45,45,Air India,4562.13,5565,2026-09-27,False
2026-08-13,12,DEL-PNQ,DEL,PNQ,T+45,45,IndiGo,3649.74,4452,2026-09-27,False
2026-08-14,13,DEL-BOM,DEL,BOM,T+1,1,IndiGo,9160.28,11175,2026-08-15,False
2026-08-14,13,DEL-BOM,DEL,BOM,T+1,1,Akasa Air,9700.55,11834,2026-08-15,False
2026-08-14,13,DEL-BOM,DEL,BOM,T+1,1,IndiGo,9586.19,11695,2026-08-15,False
2026-08-14,13,DEL-BOM,DEL,BOM,T+1,1,IndiGo,9395.99,11463,2026-08-15,False
2026-08-14,13,DEL-BOM,DEL,BOM,T+1,1,IndiGo,9589.97,11699,2026-08-15,False
2026-08-14,13,DEL-BOM,DEL,BOM,T+7,7,IndiGo,6893.56,8410,2026-08-21,False
2026-08-14,13,DEL-BOM,DEL,BOM,T+7,7,IndiGo,6791.51,8285,2026-08-21,False
2026-08-14,13,DEL-BOM,DEL,BOM,T+7,7,IndiGo,6402.76,7811,2026-08-21,False
2026-08-14,13,DEL-BOM,DEL,BOM,T+7,7,IndiGo,7156.22,8730,2026-08-21,False
2026-08-14,13,DEL-BOM,DEL,BOM,T+7,7,Air India,8544.97,10424,2026-08-21,False
2026-08-14,13,DEL-BOM,DEL,BOM,T+15,15,Air India,6365.82,7766,2026-08-29,False
2026-08-14,13,DEL-BOM,DEL,BOM,T+15,15,Air India,5976.06,7290,2026-08-29,False
2026-08-14,13,DEL-BOM,DEL,BOM,T+15,15,IndiGo,5241.96,6395,2026-08-29,False
2026-08-14,13,DEL-BOM,DEL,BOM,T+15,15,IndiGo,5277.99,6439,2026-08-29,False
2026-08-14,13,DEL-BOM,DEL,BOM,T+15,15,IndiGo,5389.83,6575,2026-08-29,False
2026-08-14,13,DEL-BOM,DEL,BOM,T+30,30,IndiGo,4630.87,5649,2026-09-13,False
2026-08-14,13,DEL-BOM,DEL,BOM,T+30,30,Air India,5197.68,6341,2026-09-13,False
2026-08-14,13,DEL-BOM,DEL,BOM,T+30,30,IndiGo,4538.01,5536,2026-09-13,False
2026-08-14,13,DEL-BOM,DEL,BOM,T+30,30,IndiGo,4597.45,5608,2026-09-13,False
2026-08-14,13,DEL-BOM,DEL,BOM,T+30,30,Air India,5606.59,6840,2026-09-13,False
2026-08-14,13,DEL-BOM,DEL,BOM,T+45,45,Akasa Air,3991.27,4869,2026-09-28,False
2026-08-14,13,DEL-BOM,DEL,BOM,T+45,45,IndiGo,4133.33,5042,2026-09-28,False
2026-08-14,13,DEL-BOM,DEL,BOM,T+45,45,IndiGo,4034.04,4921,2026-09-28,False
2026-08-14,13,DEL-BOM,DEL,BOM,T+45,45,IndiGo,4220.81,5149,2026-09-28,False
2026-08-14,13,DEL-BOM,DEL,BOM,T+45,45,IndiGo,4079.93,4977,2026-09-28,False
2026-08-14,13,BOM-DEL,BOM,DEL,T+1,1,IndiGo,9508.74,11600,2026-08-15,False
2026-08-14,13,BOM-DEL,BOM,DEL,T+1,1,Akasa Air,9960.97,12152,2026-08-15,False
2026-08-14,13,BOM-DEL,BOM,DEL,T+1,1,Akasa Air,9726.53,11866,2026-08-15,False
2026-08-14,13,BOM-DEL,BOM,DEL,T+1,1,Akasa Air,9347.38,11403,2026-08-15,False
2026-08-14,13,BOM-DEL,BOM,DEL,T+1,1,IndiGo,9639.68,11760,2026-08-15,False
2026-08-14,13,BOM-DEL,BOM,DEL,T+7,7,Air India,8264.88,10083,2026-08-21,False
2026-08-14,13,BOM-DEL,BOM,DEL,T+7,7,IndiGo,7050.85,8602,2026-08-21,False
2026-08-14,13,BOM-DEL,BOM,DEL,T+7,7,IndiGo,6986.28,8523,2026-08-21,False
2026-08-14,13,BOM-DEL,BOM,DEL,T+7,7,Air India,8269.1,10088,2026-08-21,False
2026-08-14,13,BOM-DEL,BOM,DEL,T+7,7,Air India,8666.67,10573,2026-08-21,False
2026-08-14,13,BOM-DEL,BOM,DEL,T+15,15,Akasa Air,5304.22,6471,2026-08-29,False
2026-08-14,13,BOM-DEL,BOM,DEL,T+15,15,Air India,6265.42,7643,2026-08-29,False
2026-08-14,13,BOM-DEL,BOM,DEL,T+15,15,IndiGo,5453.12,6652,2026-08-29,False
2026-08-14,13,BOM-DEL,BOM,DEL,T+15,15,IndiGo,5088.41,6207,2026-08-29,False
2026-08-14,13,BOM-DEL,BOM,DEL,T+15,15,IndiGo,5352.72,6530,2026-08-29,False
2026-08-14,13,BOM-DEL,BOM,DEL,T+30,30,IndiGo,4811.57,5870,2026-09-13,False
2026-08-14,13,BOM-DEL,BOM,DEL,T+30,30,IndiGo,4490.49,5478,2026-09-13,False
2026-08-14,13,BOM-DEL,BOM,DEL,T+30,30,Air India,5176.5,6315,2026-09-13,False
2026-08-14,13,BOM-DEL,BOM,DEL,T+30,30,IndiGo,4421.75,5394,2026-09-13,False
2026-08-14,13,BOM-DEL,BOM,DEL,T+30,30,IndiGo,4352.45,5309,2026-09-13,False
2026-08-14,13,BOM-DEL,BOM,DEL,T+45,45,IndiGo,3911.77,4772,2026-09-28,False
2026-08-14,13,BOM-DEL,BOM,DEL,T+45,45,IndiGo,3970.08,4843,2026-09-28,False
2026-08-14,13,BOM-DEL,BOM,DEL,T+45,45,Air India,4508.73,5500,2026-09-28,False
2026-08-14,13,BOM-DEL,BOM,DEL,T+45,45,IndiGo,4024.44,4909,2026-09-28,False
2026-08-14,13,BOM-DEL,BOM,DEL,T+45,45,IndiGo,4149.26,5062,2026-09-28,False
2026-08-14,13,DEL-BLR,DEL,BLR,T+1,1,IndiGo,11683.35,14253,2026-08-15,False
2026-08-14,13,DEL-BLR,DEL,BLR,T+1,1,IndiGo,12708.38,15504,2026-08-15,False
2026-08-14,13,DEL-BLR,DEL,BLR,T+1,1,IndiGo,12282.45,14984,2026-08-15,False
2026-08-14,13,DEL-BLR,DEL,BLR,T+1,1,IndiGo,12501.98,15252,2026-08-15,False
2026-08-14,13,DEL-BLR,DEL,BLR,T+1,1,IndiGo,11788.9,14382,2026-08-15,False
2026-08-14,13,DEL-BLR,DEL,BLR,T+7,7,Air India,10368.77,12649,2026-08-21,False
2026-08-14,13,DEL-BLR,DEL,BLR,T+7,7,IndiGo,8213.17,10020,2026-08-21,False
2026-08-14,13,DEL-BLR,DEL,BLR,T+7,7,IndiGo,8805.61,10742,2026-08-21,False
2026-08-14,13,DEL-BLR,DEL,BLR,T+7,7,IndiGo,8590.89,10480,2026-08-21,False
2026-08-14,13,DEL-BLR,DEL,BLR,T+7,7,Air India,10262.61,12520,2026-08-21,False
2026-08-14,13,DEL-BLR,DEL,BLR,T+15,15,Air India,7344.99,8960,2026-08-29,False
2026-08-14,13,DEL-BLR,DEL,BLR,T+15,15,IndiGo,6293.92,7678,2026-08-29,False
2026-08-14,13,DEL-BLR,DEL,BLR,T+15,15,Air India,7820.29,9540,2026-08-29,False
2026-08-14,13,DEL-BLR,DEL,BLR,T+15,15,Air India,7405.92,9035,2026-08-29,False
2026-08-14,13,DEL-BLR,DEL,BLR,T+15,15,Air India,7784.36,9496,2026-08-29,False
2026-08-14,13,DEL-BLR,DEL,BLR,T+30,30,IndiGo,5302.77,6469,2026-09-13,False
2026-08-14,13,DEL-BLR,DEL,BLR,T+30,30,IndiGo,5734.59,6996,2026-09-13,False
2026-08-14,13,DEL-BLR,DEL,BLR,T+30,30,IndiGo,5329.01,6501,2026-09-13,False
2026-08-14,13,DEL-BLR,DEL,BLR,T+30,30,IndiGo,5676.92,6925,2026-09-13,False
2026-08-14,13,DEL-BLR,DEL,BLR,T+30,30,IndiGo,5691.21,6943,2026-09-13,False
2026-08-14,13,DEL-BLR,DEL,BLR,T+45,45,IndiGo,4829.73,5892,2026-09-28,False
2026-08-14,13,DEL-BLR,DEL,BLR,T+45,45,Air India,5955.21,7265,2026-09-28,False
2026-08-14,13,DEL-BLR,DEL,BLR,T+45,45,Air India,5889.52,7185,2026-09-28,False
2026-08-14,13,DEL-BLR,DEL,BLR,T+45,45,IndiGo,4857.09,5925,2026-09-28,False
2026-08-14,13,DEL-BLR,DEL,BLR,T+45,45,Air India,5630.3,6868,2026-09-28,False
2026-08-14,13,BOM-BLR,BOM,BLR,T+1,1,Air India,8487.53,10354,2026-08-15,False
2026-08-14,13,BOM-BLR,BOM,BLR,T+1,1,IndiGo,7824.85,9546,2026-08-15,False
2026-08-14,13,BOM-BLR,BOM,BLR,T+1,1,Akasa Air,7076.13,8632,2026-08-15,False
2026-08-14,13,BOM-BLR,BOM,BLR,T+1,1,IndiGo,7756.04,9462,2026-08-15,False
2026-08-14,13,BOM-BLR,BOM,BLR,T+1,1,Air India,9029.52,11016,2026-08-15,False
2026-08-14,13,BOM-BLR,BOM,BLR,T+7,7,Air India,6602.9,8055,2026-08-21,False
2026-08-14,13,BOM-BLR,BOM,BLR,T+7,7,IndiGo,5412.8,6603,2026-08-21,False
2026-08-14,13,BOM-BLR,BOM,BLR,T+7,7,IndiGo,5407.56,6597,2026-08-21,False
2026-08-14,13,BOM-BLR,BOM,BLR,T+7,7,Air India,6614.8,8070,2026-08-21,False
2026-08-14,13,BOM-BLR,BOM,BLR,T+7,7,IndiGo,5534.79,6752,2026-08-21,False
2026-08-14,13,BOM-BLR,BOM,BLR,T+15,15,Air India,4961.6,6053,2026-08-29,False
2026-08-14,13,BOM-BLR,BOM,BLR,T+15,15,Air India,4987.9,6085,2026-08-29,False
2026-08-14,13,BOM-BLR,BOM,BLR,T+15,15,IndiGo,3938.73,4805,2026-08-29,False
2026-08-14,13,BOM-BLR,BOM,BLR,T+15,15,Air India,5037.28,6145,2026-08-29,False
2026-08-14,13,BOM-BLR,BOM,BLR,T+15,15,IndiGo,4251.67,5187,2026-08-29,False
2026-08-14,13,BOM-BLR,BOM,BLR,T+30,30,IndiGo,3440.85,4197,2026-09-13,False
2026-08-14,13,BOM-BLR,BOM,BLR,T+30,30,Air India,4170.32,5087,2026-09-13,False
2026-08-14,13,BOM-BLR,BOM,BLR,T+30,30,IndiGo,3562.9,4346,2026-09-13,False
2026-08-14,13,BOM-BLR,BOM,BLR,T+30,30,IndiGo,3551.01,4332,2026-09-13,False
2026-08-14,13,BOM-BLR,BOM,BLR,T+30,30,IndiGo,3609.5,4403,2026-09-13,False
2026-08-14,13,BOM-BLR,BOM,BLR,T+45,45,IndiGo,3330.26,4062,2026-09-28,False
2026-08-14,13,BOM-BLR,BOM,BLR,T+45,45,IndiGo,3291.46,4015,2026-09-28,False
2026-08-14,13,BOM-BLR,BOM,BLR,T+45,45,IndiGo,3025.73,3691,2026-09-28,False
2026-08-14,13,BOM-BLR,BOM,BLR,T+45,45,IndiGo,3240.43,3953,2026-09-28,False
2026-08-14,13,BOM-BLR,BOM,BLR,T+45,45,IndiGo,3318.89,4049,2026-09-28,False
2026-08-14,13,DEL-CCU,DEL,CCU,T+1,1,IndiGo,11083.52,13521,2026-08-15,False
2026-08-14,13,DEL-CCU,DEL,CCU,T+1,1,IndiGo,11353.04,13850,2026-08-15,False
2026-08-14,13,DEL-CCU,DEL,CCU,T+1,1,Air India,13800.35,16836,2026-08-15,False
2026-08-14,13,DEL-CCU,DEL,CCU,T+1,1,IndiGo,11327.29,13819,2026-08-15,False
2026-08-14,13,DEL-CCU,DEL,CCU,T+1,1,IndiGo,11030.89,13457,2026-08-15,False
2026-08-14,13,DEL-CCU,DEL,CCU,T+7,7,IndiGo,8022.03,9786,2026-08-21,False
2026-08-14,13,DEL-CCU,DEL,CCU,T+7,7,Air India,9170.08,11187,2026-08-21,False
2026-08-14,13,DEL-CCU,DEL,CCU,T+7,7,IndiGo,7745.42,9449,2026-08-21,False
2026-08-14,13,DEL-CCU,DEL,CCU,T+7,7,IndiGo,7643.76,9325,2026-08-21,False
2026-08-14,13,DEL-CCU,DEL,CCU,T+7,7,IndiGo,8162.42,9958,2026-08-21,False
2026-08-14,13,DEL-CCU,DEL,CCU,T+15,15,IndiGo,5719.66,6977,2026-08-29,False
2026-08-14,13,DEL-CCU,DEL,CCU,T+15,15,Air India,7314.35,8923,2026-08-29,False
2026-08-14,13,DEL-CCU,DEL,CCU,T+15,15,Air India,7063.49,8617,2026-08-29,False
2026-08-14,13,DEL-CCU,DEL,CCU,T+15,15,IndiGo,5599.95,6831,2026-08-29,False
2026-08-14,13,DEL-CCU,DEL,CCU,T+15,15,Air India,7031.36,8578,2026-08-29,False
2026-08-14,13,DEL-CCU,DEL,CCU,T+30,30,Air India,5512.96,6725,2026-09-13,False
2026-08-14,13,DEL-CCU,DEL,CCU,T+30,30,IndiGo,5157.64,6292,2026-09-13,False
2026-08-14,13,DEL-CCU,DEL,CCU,T+30,30,IndiGo,5203.52,6348,2026-09-13,False
2026-08-14,13,DEL-CCU,DEL,CCU,T+30,30,IndiGo,4942.5,6029,2026-09-13,False
2026-08-14,13,DEL-CCU,DEL,CCU,T+30,30,Air India,5976.04,7290,2026-09-13,False
2026-08-14,13,DEL-CCU,DEL,CCU,T+45,45,IndiGo,4793.19,5847,2026-09-28,False
2026-08-14,13,DEL-CCU,DEL,CCU,T+45,45,IndiGo,4406.93,5376,2026-09-28,False
2026-08-14,13,DEL-CCU,DEL,CCU,T+45,45,IndiGo,4320.08,5270,2026-09-28,False
2026-08-14,13,DEL-CCU,DEL,CCU,T+45,45,IndiGo,4719.0,5757,2026-09-28,False
2026-08-14,13,DEL-CCU,DEL,CCU,T+45,45,Air India,5652.48,6896,2026-09-28,False
2026-08-14,13,BLR-HYD,BLR,HYD,T+1,1,IndiGo,6034.14,7361,2026-08-15,False
2026-08-14,13,BLR-HYD,BLR,HYD,T+1,1,Air India,7364.83,8985,2026-08-15,False
2026-08-14,13,BLR-HYD,BLR,HYD,T+1,1,Akasa Air,6117.17,7462,2026-08-15,False
2026-08-14,13,BLR-HYD,BLR,HYD,T+1,1,Akasa Air,5691.0,6943,2026-08-15,False
2026-08-14,13,BLR-HYD,BLR,HYD,T+1,1,IndiGo,5930.88,7235,2026-08-15,False
2026-08-14,13,BLR-HYD,BLR,HYD,T+7,7,IndiGo,4453.71,5433,2026-08-21,False
2026-08-14,13,BLR-HYD,BLR,HYD,T+7,7,IndiGo,4521.58,5516,2026-08-21,False
2026-08-14,13,BLR-HYD,BLR,HYD,T+7,7,Air India,5133.0,6262,2026-08-21,False
2026-08-14,13,BLR-HYD,BLR,HYD,T+7,7,IndiGo,4138.28,5048,2026-08-21,False
2026-08-14,13,BLR-HYD,BLR,HYD,T+7,7,IndiGo,4566.72,5571,2026-08-21,False
2026-08-14,13,BLR-HYD,BLR,HYD,T+15,15,IndiGo,3188.36,3889,2026-08-29,False
2026-08-14,13,BLR-HYD,BLR,HYD,T+15,15,IndiGo,3210.63,3916,2026-08-29,False
2026-08-14,13,BLR-HYD,BLR,HYD,T+15,15,IndiGo,3287.66,4010,2026-08-29,False
2026-08-14,13,BLR-HYD,BLR,HYD,T+15,15,IndiGo,3425.45,4179,2026-08-29,False
2026-08-14,13,BLR-HYD,BLR,HYD,T+15,15,IndiGo,3345.84,4081,2026-08-29,False
2026-08-14,13,BLR-HYD,BLR,HYD,T+30,30,IndiGo,2825.06,3446,2026-09-13,False
2026-08-14,13,BLR-HYD,BLR,HYD,T+30,30,IndiGo,2829.78,3452,2026-09-13,False
2026-08-14,13,BLR-HYD,BLR,HYD,T+30,30,IndiGo,2788.87,3402,2026-09-13,False
2026-08-14,13,BLR-HYD,BLR,HYD,T+30,30,Air India,3347.06,4083,2026-09-13,False
2026-08-14,13,BLR-HYD,BLR,HYD,T+30,30,IndiGo,2538.09,3096,2026-09-13,False
2026-08-14,13,BLR-HYD,BLR,HYD,T+45,45,Air India,2887.87,3523,2026-09-28,False
2026-08-14,13,BLR-HYD,BLR,HYD,T+45,45,Air India,2942.81,3590,2026-09-28,False
2026-08-14,13,BLR-HYD,BLR,HYD,T+45,45,IndiGo,2375.51,2898,2026-09-28,False
2026-08-14,13,BLR-HYD,BLR,HYD,T+45,45,IndiGo,2508.69,3060,2026-09-28,False
2026-08-14,13,BLR-HYD,BLR,HYD,T+45,45,IndiGo,2457.51,2998,2026-09-28,False
2026-08-14,13,MAA-DEL,MAA,DEL,T+1,1,IndiGo,12207.75,14893,2026-08-15,False
2026-08-14,13,MAA-DEL,MAA,DEL,T+1,1,IndiGo,12134.3,14803,2026-08-15,False
2026-08-14,13,MAA-DEL,MAA,DEL,T+1,1,Air India,13338.13,16272,2026-08-15,False
2026-08-14,13,MAA-DEL,MAA,DEL,T+1,1,Air India,13487.61,16454,2026-08-15,False
2026-08-14,13,MAA-DEL,MAA,DEL,T+1,1,Akasa Air,11109.08,13553,2026-08-15,False
2026-08-14,13,MAA-DEL,MAA,DEL,T+7,7,IndiGo,8010.57,9772,2026-08-21,False
2026-08-14,13,MAA-DEL,MAA,DEL,T+7,7,IndiGo,8194.8,9997,2026-08-21,False
2026-08-14,13,MAA-DEL,MAA,DEL,T+7,7,Air India,9341.07,11396,2026-08-21,False
2026-08-14,13,MAA-DEL,MAA,DEL,T+7,7,Air India,9216.02,11243,2026-08-21,False
2026-08-14,13,MAA-DEL,MAA,DEL,T+7,7,IndiGo,8316.63,10146,2026-08-21,False
2026-08-14,13,MAA-DEL,MAA,DEL,T+15,15,IndiGo,6329.35,7721,2026-08-29,False
2026-08-14,13,MAA-DEL,MAA,DEL,T+15,15,IndiGo,6018.56,7342,2026-08-29,False
2026-08-14,13,MAA-DEL,MAA,DEL,T+15,15,IndiGo,6386.97,7792,2026-08-29,False
2026-08-14,13,MAA-DEL,MAA,DEL,T+15,15,IndiGo,6056.0,7388,2026-08-29,False
2026-08-14,13,MAA-DEL,MAA,DEL,T+15,15,SpiceJet,5918.94,7221,2026-08-29,False
2026-08-14,13,MAA-DEL,MAA,DEL,T+30,30,Air India,6437.77,7854,2026-09-13,False
2026-08-14,13,MAA-DEL,MAA,DEL,T+30,30,IndiGo,5301.96,6468,2026-09-13,False
2026-08-14,13,MAA-DEL,MAA,DEL,T+30,30,Air India,6357.69,7756,2026-09-13,False
2026-08-14,13,MAA-DEL,MAA,DEL,T+30,30,Air India,6144.97,7496,2026-09-13,False
2026-08-14,13,MAA-DEL,MAA,DEL,T+30,30,IndiGo,5271.7,6431,2026-09-13,False
2026-08-14,13,MAA-DEL,MAA,DEL,T+45,45,Air India,5522.67,6737,2026-09-28,False
2026-08-14,13,MAA-DEL,MAA,DEL,T+45,45,IndiGo,4595.11,5606,2026-09-28,False
2026-08-14,13,MAA-DEL,MAA,DEL,T+45,45,Akasa Air,4541.13,5540,2026-09-28,False
2026-08-14,13,MAA-DEL,MAA,DEL,T+45,45,IndiGo,4462.66,5444,2026-09-28,False
2026-08-14,13,MAA-DEL,MAA,DEL,T+45,45,IndiGo,4637.29,5657,2026-09-28,False
2026-08-14,13,DEL-PNQ,DEL,PNQ,T+1,1,IndiGo,8959.81,10930,2026-08-15,False
2026-08-14,13,DEL-PNQ,DEL,PNQ,T+1,1,Air India,10573.86,12900,2026-08-15,False
2026-08-14,13,DEL-PNQ,DEL,PNQ,T+1,1,IndiGo,8973.55,10947,2026-08-15,False
2026-08-14,13,DEL-PNQ,DEL,PNQ,T+1,1,IndiGo,9030.48,11017,2026-08-15,False
2026-08-14,13,DEL-PNQ,DEL,PNQ,T+1,1,IndiGo,9201.91,11226,2026-08-15,False
2026-08-14,13,DEL-PNQ,DEL,PNQ,T+7,7,Akasa Air,6392.24,7798,2026-08-21,False
2026-08-14,13,DEL-PNQ,DEL,PNQ,T+7,7,IndiGo,6259.0,7635,2026-08-21,False
2026-08-14,13,DEL-PNQ,DEL,PNQ,T+7,7,IndiGo,6134.94,7484,2026-08-21,False
2026-08-14,13,DEL-PNQ,DEL,PNQ,T+7,7,IndiGo,6171.06,7528,2026-08-21,False
2026-08-14,13,DEL-PNQ,DEL,PNQ,T+7,7,Air India,7421.99,9054,2026-08-21,False
2026-08-14,13,DEL-PNQ,DEL,PNQ,T+15,15,Air India,5674.37,6922,2026-08-29,False
2026-08-14,13,DEL-PNQ,DEL,PNQ,T+15,15,Air India,5590.3,6820,2026-08-29,False
2026-08-14,13,DEL-PNQ,DEL,PNQ,T+15,15,IndiGo,4652.04,5675,2026-08-29,False
2026-08-14,13,DEL-PNQ,DEL,PNQ,T+15,15,IndiGo,4795.31,5850,2026-08-29,False
2026-08-14,13,DEL-PNQ,DEL,PNQ,T+15,15,IndiGo,4904.05,5982,2026-08-29,False
2026-08-14,13,DEL-PNQ,DEL,PNQ,T+30,30,IndiGo,4263.93,5201,2026-09-13,False
2026-08-14,13,DEL-PNQ,DEL,PNQ,T+30,30,Air India,4828.32,5890,2026-09-13,False
2026-08-14,13,DEL-PNQ,DEL,PNQ,T+30,30,IndiGo,4116.57,5022,2026-09-13,False
2026-08-14,13,DEL-PNQ,DEL,PNQ,T+30,30,IndiGo,4041.47,4930,2026-09-13,False
2026-08-14,13,DEL-PNQ,DEL,PNQ,T+30,30,IndiGo,4172.35,5090,2026-09-13,False
2026-08-14,13,DEL-PNQ,DEL,PNQ,T+45,45,IndiGo,3602.59,4395,2026-09-28,False
2026-08-14,13,DEL-PNQ,DEL,PNQ,T+45,45,IndiGo,3787.32,4620,2026-09-28,False
2026-08-14,13,DEL-PNQ,DEL,PNQ,T+45,45,IndiGo,3480.77,4246,2026-09-28,False
2026-08-14,13,DEL-PNQ,DEL,PNQ,T+45,45,Akasa Air,3550.33,4331,2026-09-28,False
2026-08-14,13,DEL-PNQ,DEL,PNQ,T+45,45,IndiGo,3751.97,4577,2026-09-28,False
2026-08-15,14,DEL-BOM,DEL,BOM,T+1,1,IndiGo,9863.48,12033,2026-08-16,False
2026-08-15,14,DEL-BOM,DEL,BOM,T+1,1,IndiGo,10724.17,13083,2026-08-16,False
2026-08-15,14,DEL-BOM,DEL,BOM,T+1,1,IndiGo,9920.41,12102,2026-08-16,False
2026-08-15,14,DEL-BOM,DEL,BOM,T+1,1,IndiGo,9456.02,11536,2026-08-16,False
2026-08-15,14,DEL-BOM,DEL,BOM,T+1,1,Air India,11515.57,14048,2026-08-16,False
2026-08-15,14,DEL-BOM,DEL,BOM,T+7,7,Air India,7668.46,9355,2026-08-22,False
2026-08-15,14,DEL-BOM,DEL,BOM,T+7,7,Air India,8153.74,9947,2026-08-22,False
2026-08-15,14,DEL-BOM,DEL,BOM,T+7,7,IndiGo,6733.46,8214,2026-08-22,False
2026-08-15,14,DEL-BOM,DEL,BOM,T+7,7,Air India,8438.78,10295,2026-08-22,False
2026-08-15,14,DEL-BOM,DEL,BOM,T+7,7,IndiGo,6802.28,8298,2026-08-22,False
2026-08-15,14,DEL-BOM,DEL,BOM,T+15,15,IndiGo,5255.58,6411,2026-08-30,False
2026-08-15,14,DEL-BOM,DEL,BOM,T+15,15,IndiGo,5159.76,6294,2026-08-30,False
2026-08-15,14,DEL-BOM,DEL,BOM,T+15,15,IndiGo,5598.32,6829,2026-08-30,False
2026-08-15,14,DEL-BOM,DEL,BOM,T+15,15,IndiGo,5217.82,6365,2026-08-30,False
2026-08-15,14,DEL-BOM,DEL,BOM,T+15,15,Air India,6620.52,8077,2026-08-30,False
2026-08-15,14,DEL-BOM,DEL,BOM,T+30,30,IndiGo,4652.16,5675,2026-09-14,False
2026-08-15,14,DEL-BOM,DEL,BOM,T+30,30,SpiceJet,4357.51,5316,2026-09-14,False
2026-08-15,14,DEL-BOM,DEL,BOM,T+30,30,IndiGo,4581.65,5589,2026-09-14,False
2026-08-15,14,DEL-BOM,DEL,BOM,T+30,30,IndiGo,4585.61,5594,2026-09-14,False
2026-08-15,14,DEL-BOM,DEL,BOM,T+30,30,IndiGo,4218.09,5146,2026-09-14,False
2026-08-15,14,DEL-BOM,DEL,BOM,T+45,45,Air India,4693.91,5726,2026-09-29,False
2026-08-15,14,DEL-BOM,DEL,BOM,T+45,45,IndiGo,4139.62,5050,2026-09-29,False
2026-08-15,14,DEL-BOM,DEL,BOM,T+45,45,IndiGo,4013.8,4896,2026-09-29,False
2026-08-15,14,DEL-BOM,DEL,BOM,T+45,45,Air India,4507.05,5498,2026-09-29,False
2026-08-15,14,DEL-BOM,DEL,BOM,T+45,45,IndiGo,4013.31,4896,2026-09-29,False
2026-08-15,14,BOM-DEL,BOM,DEL,T+1,1,IndiGo,10384.95,12669,2026-08-16,False
2026-08-15,14,BOM-DEL,BOM,DEL,T+1,1,Air India,12058.42,14711,2026-08-16,False
2026-08-15,14,BOM-DEL,BOM,DEL,T+1,1,Akasa Air,9470.34,11553,2026-08-16,False
2026-08-15,14,BOM-DEL,BOM,DEL,T+1,1,IndiGo,10126.78,12354,2026-08-16,False
2026-08-15,14,BOM-DEL,BOM,DEL,T+1,1,Air India,11405.97,13915,2026-08-16,False
2026-08-15,14,BOM-DEL,BOM,DEL,T+7,7,IndiGo,6522.07,7956,2026-08-22,False
2026-08-15,14,BOM-DEL,BOM,DEL,T+7,7,IndiGo,6711.27,8187,2026-08-22,False
2026-08-15,14,BOM-DEL,BOM,DEL,T+7,7,IndiGo,7315.07,8924,2026-08-22,False
2026-08-15,14,BOM-DEL,BOM,DEL,T+7,7,IndiGo,6869.17,8380,2026-08-22,False
2026-08-15,14,BOM-DEL,BOM,DEL,T+7,7,IndiGo,6876.6,8389,2026-08-22,False
2026-08-15,14,BOM-DEL,BOM,DEL,T+15,15,Air India,6156.19,7510,2026-08-30,False
2026-08-15,14,BOM-DEL,BOM,DEL,T+15,15,IndiGo,5628.84,6867,2026-08-30,False
2026-08-15,14,BOM-DEL,BOM,DEL,T+15,15,IndiGo,5577.46,6804,2026-08-30,False
2026-08-15,14,BOM-DEL,BOM,DEL,T+15,15,Air India,6704.63,8179,2026-08-30,False
2026-08-15,14,BOM-DEL,BOM,DEL,T+15,15,IndiGo,5247.77,6402,2026-08-30,False
2026-08-15,14,BOM-DEL,BOM,DEL,T+30,30,IndiGo,4570.07,5575,2026-09-14,False
2026-08-15,14,BOM-DEL,BOM,DEL,T+30,30,Air India,5049.63,6160,2026-09-14,False
2026-08-15,14,BOM-DEL,BOM,DEL,T+30,30,Air India,5608.36,6842,2026-09-14,False
2026-08-15,14,BOM-DEL,BOM,DEL,T+30,30,IndiGo,4338.39,5292,2026-09-14,False
2026-08-15,14,BOM-DEL,BOM,DEL,T+30,30,IndiGo,4557.59,5560,2026-09-14,False
2026-08-15,14,BOM-DEL,BOM,DEL,T+45,45,IndiGo,3866.27,4716,2026-09-29,False
2026-08-15,14,BOM-DEL,BOM,DEL,T+45,45,IndiGo,3937.82,4804,2026-09-29,False
2026-08-15,14,BOM-DEL,BOM,DEL,T+45,45,IndiGo,3902.86,4761,2026-09-29,False
2026-08-15,14,BOM-DEL,BOM,DEL,T+45,45,Air India,4639.33,5659,2026-09-29,False
2026-08-15,14,BOM-DEL,BOM,DEL,T+45,45,IndiGo,3944.82,4812,2026-09-29,False
2026-08-15,14,DEL-BLR,DEL,BLR,T+1,1,IndiGo,11830.59,14433,2026-08-16,False
2026-08-15,14,DEL-BLR,DEL,BLR,T+1,1,Air India,14635.3,17855,2026-08-16,False
2026-08-15,14,DEL-BLR,DEL,BLR,T+1,1,IndiGo,11595.61,14146,2026-08-16,False
2026-08-15,14,DEL-BLR,DEL,BLR,T+1,1,IndiGo,12155.16,14829,2026-08-16,False
2026-08-15,14,DEL-BLR,DEL,BLR,T+1,1,IndiGo,12576.24,15343,2026-08-16,False
2026-08-15,14,DEL-BLR,DEL,BLR,T+7,7,IndiGo,8382.9,10227,2026-08-22,False
2026-08-15,14,DEL-BLR,DEL,BLR,T+7,7,Air India,9810.89,11969,2026-08-22,False
2026-08-15,14,DEL-BLR,DEL,BLR,T+7,7,IndiGo,8467.35,10330,2026-08-22,False
2026-08-15,14,DEL-BLR,DEL,BLR,T+7,7,IndiGo,8888.69,10844,2026-08-22,False
2026-08-15,14,DEL-BLR,DEL,BLR,T+7,7,IndiGo,8594.22,10484,2026-08-22,False
2026-08-15,14,DEL-BLR,DEL,BLR,T+15,15,IndiGo,6374.2,7776,2026-08-30,False
2026-08-15,14,DEL-BLR,DEL,BLR,T+15,15,IndiGo,6604.95,8058,2026-08-30,False
2026-08-15,14,DEL-BLR,DEL,BLR,T+15,15,IndiGo,6244.38,7618,2026-08-30,False
2026-08-15,14,DEL-BLR,DEL,BLR,T+15,15,IndiGo,6649.84,8112,2026-08-30,False
2026-08-15,14,DEL-BLR,DEL,BLR,T+15,15,IndiGo,6587.84,8037,2026-08-30,False
2026-08-15,14,DEL-BLR,DEL,BLR,T+30,30,IndiGo,5507.13,6718,2026-09-14,False
2026-08-15,14,DEL-BLR,DEL,BLR,T+30,30,IndiGo,5403.71,6592,2026-09-14,False
2026-08-15,14,DEL-BLR,DEL,BLR,T+30,30,Air India,6359.64,7758,2026-09-14,False
2026-08-15,14,DEL-BLR,DEL,BLR,T+30,30,IndiGo,5671.31,6918,2026-09-14,False
2026-08-15,14,DEL-BLR,DEL,BLR,T+30,30,IndiGo,5806.57,7084,2026-09-14,False
2026-08-15,14,DEL-BLR,DEL,BLR,T+45,45,Air India,5703.93,6958,2026-09-29,False
2026-08-15,14,DEL-BLR,DEL,BLR,T+45,45,Air India,5927.66,7231,2026-09-29,False
2026-08-15,14,DEL-BLR,DEL,BLR,T+45,45,SpiceJet,4345.64,5301,2026-09-29,False
2026-08-15,14,DEL-BLR,DEL,BLR,T+45,45,Air India,5714.69,6971,2026-09-29,False
2026-08-15,14,DEL-BLR,DEL,BLR,T+45,45,IndiGo,4943.16,6030,2026-09-29,False
2026-08-15,14,BOM-BLR,BOM,BLR,T+1,1,IndiGo,7481.23,9127,2026-08-16,False
2026-08-15,14,BOM-BLR,BOM,BLR,T+1,1,IndiGo,7473.97,9118,2026-08-16,False
2026-08-15,14,BOM-BLR,BOM,BLR,T+1,1,Air India,8897.1,10854,2026-08-16,False
2026-08-15,14,BOM-BLR,BOM,BLR,T+1,1,IndiGo,7806.28,9523,2026-08-16,False
2026-08-15,14,BOM-BLR,BOM,BLR,T+1,1,IndiGo,7676.59,9365,2026-08-16,False
2026-08-15,14,BOM-BLR,BOM,BLR,T+7,7,IndiGo,5040.13,6148,2026-08-22,False
2026-08-15,14,BOM-BLR,BOM,BLR,T+7,7,IndiGo,5062.62,6176,2026-08-22,False
2026-08-15,14,BOM-BLR,BOM,BLR,T+7,7,IndiGo,5352.37,6529,2026-08-22,False
2026-08-15,14,BOM-BLR,BOM,BLR,T+7,7,Air India,6550.37,7991,2026-08-22,False
2026-08-15,14,BOM-BLR,BOM,BLR,T+7,7,Air India,5827.13,7109,2026-08-22,False
2026-08-15,14,BOM-BLR,BOM,BLR,T+15,15,IndiGo,4088.05,4987,2026-08-30,False
2026-08-15,14,BOM-BLR,BOM,BLR,T+15,15,SpiceJet,3869.24,4720,2026-08-30,False
2026-08-15,14,BOM-BLR,BOM,BLR,T+15,15,IndiGo,4363.01,5322,2026-08-30,False
2026-08-15,14,BOM-BLR,BOM,BLR,T+15,15,Air India,4839.29,5903,2026-08-30,False
2026-08-15,14,BOM-BLR,BOM,BLR,T+15,15,SpiceJet,3994.68,4873,2026-08-30,False
2026-08-15,14,BOM-BLR,BOM,BLR,T+30,30,Akasa Air,3470.88,4234,2026-09-14,False
2026-08-15,14,BOM-BLR,BOM,BLR,T+30,30,IndiGo,3300.48,4026,2026-09-14,False
2026-08-15,14,BOM-BLR,BOM,BLR,T+30,30,IndiGo,3662.32,4468,2026-09-14,False
2026-08-15,14,BOM-BLR,BOM,BLR,T+30,30,IndiGo,3593.31,4383,2026-09-14,False
2026-08-15,14,BOM-BLR,BOM,BLR,T+30,30,Air India,4279.43,5220,2026-09-14,False
2026-08-15,14,BOM-BLR,BOM,BLR,T+45,45,Air India,4251.04,5186,2026-09-29,False
2026-08-15,14,BOM-BLR,BOM,BLR,T+45,45,IndiGo,2938.91,3585,2026-09-29,False
2026-08-15,14,BOM-BLR,BOM,BLR,T+45,45,SpiceJet,3184.6,3885,2026-09-29,False
2026-08-15,14,BOM-BLR,BOM,BLR,T+45,45,IndiGo,3138.26,3828,2026-09-29,False
2026-08-15,14,BOM-BLR,BOM,BLR,T+45,45,Air India,3775.03,4605,2026-09-29,False
2026-08-15,14,DEL-CCU,DEL,CCU,T+1,1,Air India,12866.83,15697,2026-08-16,False
2026-08-15,14,DEL-CCU,DEL,CCU,T+1,1,IndiGo,10768.93,13138,2026-08-16,False
2026-08-15,14,DEL-CCU,DEL,CCU,T+1,1,Air India,12630.33,15409,2026-08-16,False
2026-08-15,14,DEL-CCU,DEL,CCU,T+1,1,Air India,13035.98,15903,2026-08-16,False
2026-08-15,14,DEL-CCU,DEL,CCU,T+1,1,IndiGo,10350.78,12627,2026-08-16,False
2026-08-15,14,DEL-CCU,DEL,CCU,T+7,7,IndiGo,7939.18,9685,2026-08-22,False
2026-08-15,14,DEL-CCU,DEL,CCU,T+7,7,Air India,8987.43,10964,2026-08-22,False
2026-08-15,14,DEL-CCU,DEL,CCU,T+7,7,Air India,8759.55,10686,2026-08-22,False
2026-08-15,14,DEL-CCU,DEL,CCU,T+7,7,Air India,8976.63,10951,2026-08-22,False
2026-08-15,14,DEL-CCU,DEL,CCU,T+7,7,IndiGo,8076.34,9853,2026-08-22,False
2026-08-15,14,DEL-CCU,DEL,CCU,T+15,15,Air India,6809.32,8307,2026-08-30,False
2026-08-15,14,DEL-CCU,DEL,CCU,T+15,15,Akasa Air,5771.69,7041,2026-08-30,False
2026-08-15,14,DEL-CCU,DEL,CCU,T+15,15,IndiGo,5735.47,6997,2026-08-30,False
2026-08-15,14,DEL-CCU,DEL,CCU,T+15,15,IndiGo,6042.19,7371,2026-08-30,False
2026-08-15,14,DEL-CCU,DEL,CCU,T+15,15,IndiGo,6027.27,7353,2026-08-30,False
2026-08-15,14,DEL-CCU,DEL,CCU,T+30,30,SpiceJet,5088.9,6208,2026-09-14,False
2026-08-15,14,DEL-CCU,DEL,CCU,T+30,30,Air India,5911.46,7211,2026-09-14,False
2026-08-15,14,DEL-CCU,DEL,CCU,T+30,30,IndiGo,5163.26,6299,2026-09-14,False
2026-08-15,14,DEL-CCU,DEL,CCU,T+30,30,IndiGo,5062.5,6176,2026-09-14,False
2026-08-15,14,DEL-CCU,DEL,CCU,T+30,30,IndiGo,5274.01,6434,2026-09-14,False
2026-08-15,14,DEL-CCU,DEL,CCU,T+45,45,IndiGo,4371.78,5333,2026-09-29,False
2026-08-15,14,DEL-CCU,DEL,CCU,T+45,45,IndiGo,4601.55,5613,2026-09-29,False
2026-08-15,14,DEL-CCU,DEL,CCU,T+45,45,IndiGo,4454.05,5433,2026-09-29,False
2026-08-15,14,DEL-CCU,DEL,CCU,T+45,45,IndiGo,4474.54,5458,2026-09-29,False
2026-08-15,14,DEL-CCU,DEL,CCU,T+45,45,IndiGo,4499.01,5488,2026-09-29,False
2026-08-15,14,BLR-HYD,BLR,HYD,T+1,1,Air India,7173.04,8751,2026-08-16,False
2026-08-15,14,BLR-HYD,BLR,HYD,T+1,1,IndiGo,6006.49,7327,2026-08-16,False
2026-08-15,14,BLR-HYD,BLR,HYD,T+1,1,IndiGo,6076.35,7413,2026-08-16,False
2026-08-15,14,BLR-HYD,BLR,HYD,T+1,1,Air India,7502.99,9153,2026-08-16,False
2026-08-15,14,BLR-HYD,BLR,HYD,T+1,1,Air India,7355.5,8973,2026-08-16,False
2026-08-15,14,BLR-HYD,BLR,HYD,T+7,7,Air India,5184.95,6325,2026-08-22,False
2026-08-15,14,BLR-HYD,BLR,HYD,T+7,7,IndiGo,4200.06,5124,2026-08-22,False
2026-08-15,14,BLR-HYD,BLR,HYD,T+7,7,IndiGo,4135.27,5045,2026-08-22,False
2026-08-15,14,BLR-HYD,BLR,HYD,T+7,7,IndiGo,4410.82,5381,2026-08-22,False
2026-08-15,14,BLR-HYD,BLR,HYD,T+7,7,Air India,5186.17,6327,2026-08-22,False
2026-08-15,14,BLR-HYD,BLR,HYD,T+15,15,Air India,4025.94,4911,2026-08-30,False
2026-08-15,14,BLR-HYD,BLR,HYD,T+15,15,Air India,3747.67,4572,2026-08-30,False
2026-08-15,14,BLR-HYD,BLR,HYD,T+15,15,Air India,3797.84,4633,2026-08-30,False
2026-08-15,14,BLR-HYD,BLR,HYD,T+15,15,Akasa Air,2964.46,3616,2026-08-30,False
2026-08-15,14,BLR-HYD,BLR,HYD,T+15,15,IndiGo,3202.87,3907,2026-08-30,False
2026-08-15,14,BLR-HYD,BLR,HYD,T+30,30,Akasa Air,2789.67,3403,2026-09-14,False
2026-08-15,14,BLR-HYD,BLR,HYD,T+30,30,IndiGo,2738.1,3340,2026-09-14,False
2026-08-15,14,BLR-HYD,BLR,HYD,T+30,30,IndiGo,2845.95,3472,2026-09-14,False
2026-08-15,14,BLR-HYD,BLR,HYD,T+30,30,IndiGo,2764.99,3373,2026-09-14,False
2026-08-15,14,BLR-HYD,BLR,HYD,T+30,30,IndiGo,2815.12,3434,2026-09-14,False
2026-08-15,14,BLR-HYD,BLR,HYD,T+45,45,IndiGo,2374.88,2897,2026-09-29,False
2026-08-15,14,BLR-HYD,BLR,HYD,T+45,45,Akasa Air,2403.28,2932,2026-09-29,False
2026-08-15,14,BLR-HYD,BLR,HYD,T+45,45,Air India,2611.65,3186,2026-09-29,False
2026-08-15,14,BLR-HYD,BLR,HYD,T+45,45,Akasa Air,2380.46,2904,2026-09-29,False
2026-08-15,14,BLR-HYD,BLR,HYD,T+45,45,IndiGo,2333.07,2846,2026-09-29,False
2026-08-15,14,MAA-DEL,MAA,DEL,T+1,1,IndiGo,11981.92,14617,2026-08-16,False
2026-08-15,14,MAA-DEL,MAA,DEL,T+1,1,Akasa Air,11436.53,13952,2026-08-16,False
2026-08-15,14,MAA-DEL,MAA,DEL,T+1,1,Air India,13775.33,16805,2026-08-16,False
2026-08-15,14,MAA-DEL,MAA,DEL,T+1,1,Air India,14275.49,17416,2026-08-16,False
2026-08-15,14,MAA-DEL,MAA,DEL,T+1,1,Air India,13103.79,15986,2026-08-16,False
2026-08-15,14,MAA-DEL,MAA,DEL,T+7,7,IndiGo,8633.67,10533,2026-08-22,False
2026-08-15,14,MAA-DEL,MAA,DEL,T+7,7,IndiGo,8401.54,10249,2026-08-22,False
2026-08-15,14,MAA-DEL,MAA,DEL,T+7,7,IndiGo,8068.73,9843,2026-08-22,False
2026-08-15,14,MAA-DEL,MAA,DEL,T+7,7,IndiGo,8459.47,10320,2026-08-22,False
2026-08-15,14,MAA-DEL,MAA,DEL,T+7,7,Air India,9220.61,11249,2026-08-22,False
2026-08-15,14,MAA-DEL,MAA,DEL,T+15,15,IndiGo,6011.86,7334,2026-08-30,False
2026-08-15,14,MAA-DEL,MAA,DEL,T+15,15,Air India,7142.82,8714,2026-08-30,False
2026-08-15,14,MAA-DEL,MAA,DEL,T+15,15,Akasa Air,5884.02,7178,2026-08-30,False
2026-08-15,14,MAA-DEL,MAA,DEL,T+15,15,Akasa Air,5773.32,7043,2026-08-30,False
2026-08-15,14,MAA-DEL,MAA,DEL,T+15,15,IndiGo,6455.5,7875,2026-08-30,False
2026-08-15,14,MAA-DEL,MAA,DEL,T+30,30,SpiceJet,4981.33,6077,2026-09-14,False
2026-08-15,14,MAA-DEL,MAA,DEL,T+30,30,Akasa Air,5201.98,6346,2026-09-14,False
2026-08-15,14,MAA-DEL,MAA,DEL,T+30,30,IndiGo,5200.22,6344,2026-09-14,False
2026-08-15,14,MAA-DEL,MAA,DEL,T+30,30,IndiGo,4968.03,6060,2026-09-14,False
2026-08-15,14,MAA-DEL,MAA,DEL,T+30,30,Air India,6314.79,7704,2026-09-14,False
2026-08-15,14,MAA-DEL,MAA,DEL,T+45,45,Akasa Air,4261.92,5199,2026-09-29,False
2026-08-15,14,MAA-DEL,MAA,DEL,T+45,45,IndiGo,4705.24,5740,2026-09-29,False
2026-08-15,14,MAA-DEL,MAA,DEL,T+45,45,IndiGo,4490.69,5478,2026-09-29,False
2026-08-15,14,MAA-DEL,MAA,DEL,T+45,45,Akasa Air,4885.33,5960,2026-09-29,False
2026-08-15,14,MAA-DEL,MAA,DEL,T+45,45,IndiGo,4867.02,5937,2026-09-29,False
2026-08-15,14,DEL-PNQ,DEL,PNQ,T+1,1,Air India,10704.87,13059,2026-08-16,False
2026-08-15,14,DEL-PNQ,DEL,PNQ,T+1,1,IndiGo,9446.67,11524,2026-08-16,False
2026-08-15,14,DEL-PNQ,DEL,PNQ,T+1,1,Akasa Air,8501.36,10371,2026-08-16,False
2026-08-15,14,DEL-PNQ,DEL,PNQ,T+1,1,IndiGo,9218.62,11246,2026-08-16,False
2026-08-15,14,DEL-PNQ,DEL,PNQ,T+1,1,Air India,10739.98,13102,2026-08-16,False
2026-08-15,14,DEL-PNQ,DEL,PNQ,T+7,7,IndiGo,6461.33,7882,2026-08-22,False
2026-08-15,14,DEL-PNQ,DEL,PNQ,T+7,7,Air India,7883.94,9618,2026-08-22,False
2026-08-15,14,DEL-PNQ,DEL,PNQ,T+7,7,IndiGo,6566.3,8010,2026-08-22,False
2026-08-15,14,DEL-PNQ,DEL,PNQ,T+7,7,Air India,7624.09,9301,2026-08-22,False
2026-08-15,14,DEL-PNQ,DEL,PNQ,T+7,7,IndiGo,6031.35,7358,2026-08-22,False
2026-08-15,14,DEL-PNQ,DEL,PNQ,T+15,15,IndiGo,4707.53,5743,2026-08-30,False
2026-08-15,14,DEL-PNQ,DEL,PNQ,T+15,15,IndiGo,4850.29,5917,2026-08-30,False
2026-08-15,14,DEL-PNQ,DEL,PNQ,T+15,15,IndiGo,4887.13,5962,2026-08-30,False
2026-08-15,14,DEL-PNQ,DEL,PNQ,T+15,15,IndiGo,4678.52,5707,2026-08-30,False
2026-08-15,14,DEL-PNQ,DEL,PNQ,T+15,15,IndiGo,5282.39,6444,2026-08-30,False
2026-08-15,14,DEL-PNQ,DEL,PNQ,T+30,30,IndiGo,4396.93,5364,2026-09-14,False
2026-08-15,14,DEL-PNQ,DEL,PNQ,T+30,30,IndiGo,4263.32,5201,2026-09-14,False
2026-08-15,14,DEL-PNQ,DEL,PNQ,T+30,30,Air India,4934.9,6020,2026-09-14,False
2026-08-15,14,DEL-PNQ,DEL,PNQ,T+30,30,Akasa Air,4013.44,4896,2026-09-14,False
2026-08-15,14,DEL-PNQ,DEL,PNQ,T+30,30,Air India,4758.49,5805,2026-09-14,False
2026-08-15,14,DEL-PNQ,DEL,PNQ,T+45,45,IndiGo,3721.47,4540,2026-09-29,False
2026-08-15,14,DEL-PNQ,DEL,PNQ,T+45,45,IndiGo,3744.88,4568,2026-09-29,False
2026-08-15,14,DEL-PNQ,DEL,PNQ,T+45,45,IndiGo,3550.1,4331,2026-09-29,False
2026-08-15,14,DEL-PNQ,DEL,PNQ,T+45,45,IndiGo,3754.81,4580,2026-09-29,False
2026-08-15,14,DEL-PNQ,DEL,PNQ,T+45,45,IndiGo,3691.23,4503,2026-09-29,False
2026-08-16,15,DEL-BOM,DEL,BOM,T+1,1,Air India,10777.36,13148,2026-08-17,True
2026-08-16,15,DEL-BOM,DEL,BOM,T+1,1,IndiGo,9500.62,11590,2026-08-17,True
2026-08-16,15,DEL-BOM,DEL,BOM,T+1,1,Air India,11381.31,13885,2026-08-17,True
2026-08-16,15,DEL-BOM,DEL,BOM,T+1,1,IndiGo,10442.78,12740,2026-08-17,True
2026-08-16,15,DEL-BOM,DEL,BOM,T+1,1,IndiGo,9986.41,12183,2026-08-17,True
2026-08-16,15,DEL-BOM,DEL,BOM,T+1,1,Air India,11008.69,13430,2026-08-17,True
2026-08-16,15,DEL-BOM,DEL,BOM,T+1,1,IndiGo,9962.23,12153,2026-08-17,True
2026-08-16,15,DEL-BOM,DEL,BOM,T+1,1,IndiGo,9265.11,11303,2026-08-17,True
2026-08-16,15,DEL-BOM,DEL,BOM,T+1,1,Akasa Air,9845.73,12011,2026-08-17,True
2026-08-16,15,DEL-BOM,DEL,BOM,T+1,1,IndiGo,9634.07,11753,2026-08-17,True
2026-08-16,15,DEL-BOM,DEL,BOM,T+1,1,IndiGo,9763.49,11911,2026-08-17,True
2026-08-16,15,DEL-BOM,DEL,BOM,T+1,1,IndiGo,10250.14,12505,2026-08-17,True
2026-08-16,15,DEL-BOM,DEL,BOM,T+1,1,Air India,11028.22,13454,2026-08-17,True
2026-08-16,15,DEL-BOM,DEL,BOM,T+1,1,IndiGo,9316.6,11366,2026-08-17,True
2026-08-16,15,DEL-BOM,DEL,BOM,T+7,7,Air India,8005.84,9767,2026-08-23,False
2026-08-16,15,DEL-BOM,DEL,BOM,T+7,7,IndiGo,7184.21,8764,2026-08-23,False
2026-08-16,15,DEL-BOM,DEL,BOM,T+7,7,IndiGo,6563.63,8007,2026-08-23,False
2026-08-16,15,DEL-BOM,DEL,BOM,T+7,7,IndiGo,6245.1,7619,2026-08-23,False
2026-08-16,15,DEL-BOM,DEL,BOM,T+7,7,IndiGo,6822.8,8323,2026-08-23,False
2026-08-16,15,DEL-BOM,DEL,BOM,T+15,15,IndiGo,5376.41,6559,2026-08-31,False
2026-08-16,15,DEL-BOM,DEL,BOM,T+15,15,Akasa Air,5322.57,6493,2026-08-31,False
2026-08-16,15,DEL-BOM,DEL,BOM,T+15,15,IndiGo,5189.05,6330,2026-08-31,False
2026-08-16,15,DEL-BOM,DEL,BOM,T+15,15,Air India,6128.87,7477,2026-08-31,False
2026-08-16,15,DEL-BOM,DEL,BOM,T+15,15,IndiGo,5487.57,6694,2026-08-31,False
2026-08-16,15,DEL-BOM,DEL,BOM,T+30,30,IndiGo,4225.18,5154,2026-09-15,False
2026-08-16,15,DEL-BOM,DEL,BOM,T+30,30,IndiGo,4459.57,5440,2026-09-15,False
2026-08-16,15,DEL-BOM,DEL,BOM,T+45,45,IndiGo,4045.49,4935,2026-09-30,False
2026-08-16,15,DEL-BOM,DEL,BOM,T+45,45,Air India,4812.33,5871,2026-09-30,False
2026-08-16,15,BOM-DEL,BOM,DEL,T+1,1,Air India,11342.43,13837,2026-08-17,True
2026-08-16,15,BOM-DEL,BOM,DEL,T+1,1,Air India,11562.41,14106,2026-08-17,True
2026-08-16,15,BOM-DEL,BOM,DEL,T+1,1,IndiGo,8942.48,10909,2026-08-17,True
2026-08-16,15,BOM-DEL,BOM,DEL,T+1,1,IndiGo,9569.92,11675,2026-08-17,True
2026-08-16,15,BOM-DEL,BOM,DEL,T+1,1,IndiGo,9951.08,12140,2026-08-17,True
2026-08-16,15,BOM-DEL,BOM,DEL,T+1,1,IndiGo,9458.82,11539,2026-08-17,True
2026-08-16,15,BOM-DEL,BOM,DEL,T+1,1,IndiGo,9815.82,11975,2026-08-17,True
2026-08-16,15,BOM-DEL,BOM,DEL,T+1,1,Air India,11729.12,14309,2026-08-17,True
2026-08-16,15,BOM-DEL,BOM,DEL,T+1,1,IndiGo,9678.15,11807,2026-08-17,True
2026-08-16,15,BOM-DEL,BOM,DEL,T+1,1,IndiGo,9854.04,12021,2026-08-17,True
2026-08-16,15,BOM-DEL,BOM,DEL,T+1,1,IndiGo,9465.53,11547,2026-08-17,True
2026-08-16,15,BOM-DEL,BOM,DEL,T+1,1,IndiGo,9724.76,11864,2026-08-17,True
2026-08-16,15,BOM-DEL,BOM,DEL,T+1,1,Air India,11795.14,14390,2026-08-17,True
2026-08-16,15,BOM-DEL,BOM,DEL,T+1,1,IndiGo,9849.41,12016,2026-08-17,True
2026-08-16,15,BOM-DEL,BOM,DEL,T+7,7,IndiGo,6789.96,8283,2026-08-23,False
2026-08-16,15,BOM-DEL,BOM,DEL,T+7,7,IndiGo,6986.67,8523,2026-08-23,False
2026-08-16,15,BOM-DEL,BOM,DEL,T+7,7,IndiGo,7105.65,8668,2026-08-23,False
2026-08-16,15,BOM-DEL,BOM,DEL,T+7,7,IndiGo,6434.89,7850,2026-08-23,False
2026-08-16,15,BOM-DEL,BOM,DEL,T+7,7,IndiGo,7213.49,8800,2026-08-23,False
2026-08-16,15,BOM-DEL,BOM,DEL,T+15,15,Air India,6145.23,7497,2026-08-31,False
2026-08-16,15,BOM-DEL,BOM,DEL,T+15,15,IndiGo,5353.1,6530,2026-08-31,False
2026-08-16,15,BOM-DEL,BOM,DEL,T+15,15,IndiGo,5495.57,6704,2026-08-31,False
2026-08-16,15,BOM-DEL,BOM,DEL,T+15,15,IndiGo,5021.33,6126,2026-08-31,False
2026-08-16,15,BOM-DEL,BOM,DEL,T+15,15,Air India,6064.01,7398,2026-08-31,False
2026-08-16,15,BOM-DEL,BOM,DEL,T+30,30,IndiGo,4475.38,5459,2026-09-15,False
2026-08-16,15,BOM-DEL,BOM,DEL,T+30,30,IndiGo,4397.03,5364,2026-09-15,False
2026-08-16,15,BOM-DEL,BOM,DEL,T+45,45,IndiGo,4262.73,5200,2026-09-30,False
2026-08-16,15,BOM-DEL,BOM,DEL,T+45,45,Air India,4595.77,5606,2026-09-30,False
2026-08-16,15,DEL-BLR,DEL,BLR,T+1,1,IndiGo,11821.7,14422,2026-08-17,True
2026-08-16,15,DEL-BLR,DEL,BLR,T+1,1,IndiGo,12142.36,14813,2026-08-17,True
2026-08-16,15,DEL-BLR,DEL,BLR,T+1,1,IndiGo,11548.85,14089,2026-08-17,True
2026-08-16,15,DEL-BLR,DEL,BLR,T+1,1,IndiGo,11889.15,14504,2026-08-17,True
2026-08-16,15,DEL-BLR,DEL,BLR,T+1,1,IndiGo,12190.07,14871,2026-08-17,True
2026-08-16,15,DEL-BLR,DEL,BLR,T+1,1,IndiGo,11915.66,14537,2026-08-17,True
2026-08-16,15,DEL-BLR,DEL,BLR,T+1,1,IndiGo,12016.71,14660,2026-08-17,True
2026-08-16,15,DEL-BLR,DEL,BLR,T+1,1,Air India,13950.2,17019,2026-08-17,True
2026-08-16,15,DEL-BLR,DEL,BLR,T+1,1,Air India,13460.12,16421,2026-08-17,True
2026-08-16,15,DEL-BLR,DEL,BLR,T+1,1,IndiGo,12191.82,14874,2026-08-17,True
2026-08-16,15,DEL-BLR,DEL,BLR,T+1,1,IndiGo,12796.64,15611,2026-08-17,True
2026-08-16,15,DEL-BLR,DEL,BLR,T+1,1,IndiGo,12063.88,14717,2026-08-17,True
2026-08-16,15,DEL-BLR,DEL,BLR,T+1,1,Akasa Air,11767.45,14356,2026-08-17,True
2026-08-16,15,DEL-BLR,DEL,BLR,T+1,1,IndiGo,12348.42,15065,2026-08-17,True
2026-08-16,15,DEL-BLR,DEL,BLR,T+7,7,IndiGo,8152.97,9946,2026-08-23,False
2026-08-16,15,DEL-BLR,DEL,BLR,T+7,7,Air India,10658.19,13002,2026-08-23,False
2026-08-16,15,DEL-BLR,DEL,BLR,T+7,7,Air India,10130.04,12358,2026-08-23,False
2026-08-16,15,DEL-BLR,DEL,BLR,T+7,7,IndiGo,9019.33,11003,2026-08-23,False
2026-08-16,15,DEL-BLR,DEL,BLR,T+7,7,IndiGo,8313.12,10142,2026-08-23,False
2026-08-16,15,DEL-BLR,DEL,BLR,T+15,15,Air India,8140.44,9931,2026-08-31,False
2026-08-16,15,DEL-BLR,DEL,BLR,T+15,15,IndiGo,6667.88,8134,2026-08-31,False
2026-08-16,15,DEL-BLR,DEL,BLR,T+15,15,Air India,7801.58,9517,2026-08-31,False
2026-08-16,15,DEL-BLR,DEL,BLR,T+15,15,IndiGo,6544.93,7984,2026-08-31,False
2026-08-16,15,DEL-BLR,DEL,BLR,T+15,15,IndiGo,6435.29,7851,2026-08-31,False
2026-08-16,15,DEL-BLR,DEL,BLR,T+30,30,Air India,6835.74,8339,2026-09-15,False
2026-08-16,15,DEL-BLR,DEL,BLR,T+30,30,Air India,6592.32,8042,2026-09-15,False
2026-08-16,15,DEL-BLR,DEL,BLR,T+45,45,IndiGo,4605.57,5618,2026-09-30,False
2026-08-16,15,DEL-BLR,DEL,BLR,T+45,45,Air India,5603.18,6835,2026-09-30,False
2026-08-16,15,BOM-BLR,BOM,BLR,T+1,1,Air India,9046.31,11036,2026-08-17,True
2026-08-16,15,BOM-BLR,BOM,BLR,T+1,1,Air India,9204.34,11229,2026-08-17,True
2026-08-16,15,BOM-BLR,BOM,BLR,T+1,1,IndiGo,7708.15,9403,2026-08-17,True
2026-08-16,15,BOM-BLR,BOM,BLR,T+1,1,IndiGo,8052.96,9824,2026-08-17,True
2026-08-16,15,BOM-BLR,BOM,BLR,T+1,1,Air India,8483.74,10350,2026-08-17,True
2026-08-16,15,BOM-BLR,BOM,BLR,T+1,1,IndiGo,7762.26,9469,2026-08-17,True
2026-08-16,15,BOM-BLR,BOM,BLR,T+1,1,Akasa Air,7003.63,8544,2026-08-17,True
2026-08-16,15,BOM-BLR,BOM,BLR,T+1,1,Akasa Air,7678.43,9367,2026-08-17,True
2026-08-16,15,BOM-BLR,BOM,BLR,T+1,1,Air India,9075.44,11072,2026-08-17,True
2026-08-16,15,BOM-BLR,BOM,BLR,T+1,1,IndiGo,7836.88,9560,2026-08-17,True
2026-08-16,15,BOM-BLR,BOM,BLR,T+1,1,IndiGo,7489.92,9137,2026-08-17,True
2026-08-16,15,BOM-BLR,BOM,BLR,T+1,1,SpiceJet,7644.62,9326,2026-08-17,True
2026-08-16,15,BOM-BLR,BOM,BLR,T+1,1,IndiGo,8005.05,9766,2026-08-17,True
2026-08-16,15,BOM-BLR,BOM,BLR,T+1,1,SpiceJet,7466.39,9108,2026-08-17,True
2026-08-16,15,BOM-BLR,BOM,BLR,T+7,7,IndiGo,5441.05,6638,2026-08-23,False
2026-08-16,15,BOM-BLR,BOM,BLR,T+7,7,Air India,6574.7,8021,2026-08-23,False
2026-08-16,15,BOM-BLR,BOM,BLR,T+7,7,IndiGo,5330.59,6503,2026-08-23,False
2026-08-16,15,BOM-BLR,BOM,BLR,T+7,7,Air India,6636.88,8096,2026-08-23,False
2026-08-16,15,BOM-BLR,BOM,BLR,T+7,7,Air India,6815.94,8315,2026-08-23,False
2026-08-16,15,BOM-BLR,BOM,BLR,T+15,15,IndiGo,4314.62,5263,2026-08-31,False
2026-08-16,15,BOM-BLR,BOM,BLR,T+15,15,IndiGo,4052.58,4944,2026-08-31,False
2026-08-16,15,BOM-BLR,BOM,BLR,T+15,15,IndiGo,4211.39,5137,2026-08-31,False
2026-08-16,15,BOM-BLR,BOM,BLR,T+15,15,IndiGo,3970.55,4844,2026-08-31,False
2026-08-16,15,BOM-BLR,BOM,BLR,T+15,15,IndiGo,4242.1,5175,2026-08-31,False
2026-08-16,15,BOM-BLR,BOM,BLR,T+30,30,IndiGo,3620.89,4417,2026-09-15,False
2026-08-16,15,BOM-BLR,BOM,BLR,T+30,30,Air India,3927.53,4791,2026-09-15,False
2026-08-16,15,BOM-BLR,BOM,BLR,T+45,45,Air India,3583.71,4372,2026-09-30,False
2026-08-16,15,BOM-BLR,BOM,BLR,T+45,45,IndiGo,3137.19,3827,2026-09-30,False
2026-08-16,15,DEL-CCU,DEL,CCU,T+1,1,IndiGo,10810.81,13189,2026-08-17,True
2026-08-16,15,DEL-CCU,DEL,CCU,T+1,1,IndiGo,10463.35,12765,2026-08-17,True
2026-08-16,15,DEL-CCU,DEL,CCU,T+1,1,IndiGo,11074.6,13511,2026-08-17,True
2026-08-16,15,DEL-CCU,DEL,CCU,T+1,1,IndiGo,11022.02,13446,2026-08-17,True
2026-08-16,15,DEL-CCU,DEL,CCU,T+1,1,IndiGo,10851.57,13238,2026-08-17,True
2026-08-16,15,DEL-CCU,DEL,CCU,T+1,1,Air India,12540.27,15299,2026-08-17,True
2026-08-16,15,DEL-CCU,DEL,CCU,T+1,1,Akasa Air,10969.2,13382,2026-08-17,True
2026-08-16,15,DEL-CCU,DEL,CCU,T+1,1,Air India,13627.33,16625,2026-08-17,True
2026-08-16,15,DEL-CCU,DEL,CCU,T+1,1,IndiGo,10740.94,13103,2026-08-17,True
2026-08-16,15,DEL-CCU,DEL,CCU,T+1,1,IndiGo,10691.76,13043,2026-08-17,True
2026-08-16,15,DEL-CCU,DEL,CCU,T+1,1,IndiGo,11113.7,13558,2026-08-17,True
2026-08-16,15,DEL-CCU,DEL,CCU,T+1,1,IndiGo,10788.94,13162,2026-08-17,True
2026-08-16,15,DEL-CCU,DEL,CCU,T+1,1,IndiGo,10872.55,13264,2026-08-17,True
2026-08-16,15,DEL-CCU,DEL,CCU,T+1,1,IndiGo,11208.7,13674,2026-08-17,True
2026-08-16,15,DEL-CCU,DEL,CCU,T+7,7,IndiGo,7215.42,8802,2026-08-23,False
2026-08-16,15,DEL-CCU,DEL,CCU,T+7,7,IndiGo,8088.91,9868,2026-08-23,False
2026-08-16,15,DEL-CCU,DEL,CCU,T+7,7,IndiGo,7751.81,9457,2026-08-23,False
2026-08-16,15,DEL-CCU,DEL,CCU,T+7,7,IndiGo,7620.78,9297,2026-08-23,False
2026-08-16,15,DEL-CCU,DEL,CCU,T+7,7,IndiGo,7708.0,9403,2026-08-23,False
2026-08-16,15,DEL-CCU,DEL,CCU,T+15,15,IndiGo,5875.42,7168,2026-08-31,False
2026-08-16,15,DEL-CCU,DEL,CCU,T+15,15,IndiGo,5526.68,6742,2026-08-31,False
2026-08-16,15,DEL-CCU,DEL,CCU,T+15,15,Air India,7298.84,8904,2026-08-31,False
2026-08-16,15,DEL-CCU,DEL,CCU,T+15,15,IndiGo,5891.66,7187,2026-08-31,False
2026-08-16,15,DEL-CCU,DEL,CCU,T+15,15,Air India,7043.47,8593,2026-08-31,False
2026-08-16,15,DEL-CCU,DEL,CCU,T+30,30,IndiGo,5210.65,6356,2026-09-15,False
2026-08-16,15,DEL-CCU,DEL,CCU,T+30,30,IndiGo,4862.47,5932,2026-09-15,False
2026-08-16,15,DEL-CCU,DEL,CCU,T+45,45,Air India,5372.09,6553,2026-09-30,False
2026-08-16,15,DEL-CCU,DEL,CCU,T+45,45,Air India,5235.01,6386,2026-09-30,False
2026-08-16,15,BLR-HYD,BLR,HYD,T+1,1,Air India,7317.39,8927,2026-08-17,True
2026-08-16,15,BLR-HYD,BLR,HYD,T+1,1,IndiGo,5579.25,6806,2026-08-17,True
2026-08-16,15,BLR-HYD,BLR,HYD,T+1,1,Air India,7082.12,8640,2026-08-17,True
2026-08-16,15,BLR-HYD,BLR,HYD,T+1,1,IndiGo,5900.87,7199,2026-08-17,True
2026-08-16,15,BLR-HYD,BLR,HYD,T+1,1,IndiGo,6119.26,7465,2026-08-17,True
2026-08-16,15,BLR-HYD,BLR,HYD,T+1,1,IndiGo,6127.23,7475,2026-08-17,True
2026-08-16,15,BLR-HYD,BLR,HYD,T+1,1,Air India,6930.75,8455,2026-08-17,True
2026-08-16,15,BLR-HYD,BLR,HYD,T+1,1,IndiGo,5877.8,7170,2026-08-17,True
2026-08-16,15,BLR-HYD,BLR,HYD,T+1,1,Air India,7079.24,8636,2026-08-17,True
2026-08-16,15,BLR-HYD,BLR,HYD,T+1,1,IndiGo,5838.88,7123,2026-08-17,True
2026-08-16,15,BLR-HYD,BLR,HYD,T+1,1,Akasa Air,6009.73,7331,2026-08-17,True
2026-08-16,15,BLR-HYD,BLR,HYD,T+1,1,IndiGo,5950.16,7259,2026-08-17,True
2026-08-16,15,BLR-HYD,BLR,HYD,T+1,1,Air India,6383.69,7788,2026-08-17,True
2026-08-16,15,BLR-HYD,BLR,HYD,T+1,1,IndiGo,5948.98,7257,2026-08-17,True
2026-08-16,15,BLR-HYD,BLR,HYD,T+7,7,IndiGo,4110.95,5015,2026-08-23,False
2026-08-16,15,BLR-HYD,BLR,HYD,T+7,7,IndiGo,4022.44,4907,2026-08-23,False
2026-08-16,15,BLR-HYD,BLR,HYD,T+7,7,IndiGo,4081.25,4979,2026-08-23,False
2026-08-16,15,BLR-HYD,BLR,HYD,T+7,7,IndiGo,4282.35,5224,2026-08-23,False
2026-08-16,15,BLR-HYD,BLR,HYD,T+7,7,Air India,5263.28,6421,2026-08-23,False
2026-08-16,15,BLR-HYD,BLR,HYD,T+15,15,Air India,3868.67,4719,2026-08-31,False
2026-08-16,15,BLR-HYD,BLR,HYD,T+15,15,Air India,3745.49,4569,2026-08-31,False
2026-08-16,15,BLR-HYD,BLR,HYD,T+15,15,Air India,3887.78,4743,2026-08-31,False
2026-08-16,15,BLR-HYD,BLR,HYD,T+15,15,Air India,3765.23,4593,2026-08-31,False
2026-08-16,15,BLR-HYD,BLR,HYD,T+15,15,IndiGo,3166.97,3863,2026-08-31,False
2026-08-16,15,BLR-HYD,BLR,HYD,T+30,30,IndiGo,2669.77,3257,2026-09-15,False
2026-08-16,15,BLR-HYD,BLR,HYD,T+30,30,IndiGo,2611.59,3186,2026-09-15,False
2026-08-16,15,BLR-HYD,BLR,HYD,T+45,45,IndiGo,2439.3,2975,2026-09-30,False
2026-08-16,15,BLR-HYD,BLR,HYD,T+45,45,IndiGo,2486.73,3033,2026-09-30,False
2026-08-16,15,MAA-DEL,MAA,DEL,T+1,1,Air India,13501.45,16471,2026-08-17,True
2026-08-16,15,MAA-DEL,MAA,DEL,T+1,1,Air India,13350.04,16287,2026-08-17,True
2026-08-16,15,MAA-DEL,MAA,DEL,T+1,1,IndiGo,11110.62,13554,2026-08-17,True
2026-08-16,15,MAA-DEL,MAA,DEL,T+1,1,IndiGo,11735.61,14317,2026-08-17,True
2026-08-16,15,MAA-DEL,MAA,DEL,T+1,1,Air India,12922.74,15765,2026-08-17,True
2026-08-16,15,MAA-DEL,MAA,DEL,T+1,1,Air India,13915.23,16976,2026-08-17,True
2026-08-16,15,MAA-DEL,MAA,DEL,T+1,1,IndiGo,11087.91,13527,2026-08-17,True
2026-08-16,15,MAA-DEL,MAA,DEL,T+1,1,IndiGo,11188.37,13649,2026-08-17,True
2026-08-16,15,MAA-DEL,MAA,DEL,T+1,1,Air India,12851.79,15679,2026-08-17,True
2026-08-16,15,MAA-DEL,MAA,DEL,T+1,1,Air India,13309.53,16237,2026-08-17,True
2026-08-16,15,MAA-DEL,MAA,DEL,T+1,1,IndiGo,11883.24,14497,2026-08-17,True
2026-08-16,15,MAA-DEL,MAA,DEL,T+1,1,Air India,13791.76,16825,2026-08-17,True
2026-08-16,15,MAA-DEL,MAA,DEL,T+1,1,IndiGo,11884.49,14499,2026-08-17,True
2026-08-16,15,MAA-DEL,MAA,DEL,T+1,1,IndiGo,11700.98,14275,2026-08-17,True
2026-08-16,15,MAA-DEL,MAA,DEL,T+7,7,IndiGo,7817.95,9537,2026-08-23,False
2026-08-16,15,MAA-DEL,MAA,DEL,T+7,7,IndiGo,8037.93,9806,2026-08-23,False
2026-08-16,15,MAA-DEL,MAA,DEL,T+7,7,IndiGo,7910.02,9650,2026-08-23,False
2026-08-16,15,MAA-DEL,MAA,DEL,T+7,7,IndiGo,8510.79,10383,2026-08-23,False
2026-08-16,15,MAA-DEL,MAA,DEL,T+7,7,IndiGo,7791.45,9505,2026-08-23,False
2026-08-16,15,MAA-DEL,MAA,DEL,T+15,15,Air India,7522.86,9177,2026-08-31,False
2026-08-16,15,MAA-DEL,MAA,DEL,T+15,15,IndiGo,6380.83,7784,2026-08-31,False
2026-08-16,15,MAA-DEL,MAA,DEL,T+15,15,IndiGo,6583.68,8032,2026-08-31,False
2026-08-16,15,MAA-DEL,MAA,DEL,T+15,15,IndiGo,6098.73,7440,2026-08-31,False
2026-08-16,15,MAA-DEL,MAA,DEL,T+15,15,Air India,7476.55,9121,2026-08-31,False
2026-08-16,15,MAA-DEL,MAA,DEL,T+30,30,Air India,6751.9,8237,2026-09-15,False
2026-08-16,15,MAA-DEL,MAA,DEL,T+30,30,Air India,6117.42,7463,2026-09-15,False
2026-08-16,15,MAA-DEL,MAA,DEL,T+45,45,IndiGo,4460.97,5442,2026-09-30,False
2026-08-16,15,MAA-DEL,MAA,DEL,T+45,45,IndiGo,4404.05,5372,2026-09-30,False
2026-08-16,15,DEL-PNQ,DEL,PNQ,T+1,1,IndiGo,9267.64,11306,2026-08-17,True
2026-08-16,15,DEL-PNQ,DEL,PNQ,T+1,1,IndiGo,8446.12,10304,2026-08-17,True
2026-08-16,15,DEL-PNQ,DEL,PNQ,T+1,1,Akasa Air,8642.44,10543,2026-08-17,True
2026-08-16,15,DEL-PNQ,DEL,PNQ,T+1,1,Air India,10823.31,13204,2026-08-17,True
2026-08-16,15,DEL-PNQ,DEL,PNQ,T+1,1,IndiGo,9100.69,11102,2026-08-17,True
2026-08-16,15,DEL-PNQ,DEL,PNQ,T+1,1,Air India,10818.88,13199,2026-08-17,True
2026-08-16,15,DEL-PNQ,DEL,PNQ,T+1,1,IndiGo,9112.44,11117,2026-08-17,True
2026-08-16,15,DEL-PNQ,DEL,PNQ,T+1,1,IndiGo,9446.81,11525,2026-08-17,True
2026-08-16,15,DEL-PNQ,DEL,PNQ,T+1,1,IndiGo,8740.71,10663,2026-08-17,True
2026-08-16,15,DEL-PNQ,DEL,PNQ,T+1,1,Air India,10407.56,12697,2026-08-17,True
2026-08-16,15,DEL-PNQ,DEL,PNQ,T+1,1,Air India,10371.86,12653,2026-08-17,True
2026-08-16,15,DEL-PNQ,DEL,PNQ,T+1,1,IndiGo,9304.82,11351,2026-08-17,True
2026-08-16,15,DEL-PNQ,DEL,PNQ,T+1,1,Air India,10996.09,13415,2026-08-17,True
2026-08-16,15,DEL-PNQ,DEL,PNQ,T+1,1,IndiGo,9184.89,11205,2026-08-17,True
2026-08-16,15,DEL-PNQ,DEL,PNQ,T+7,7,IndiGo,6664.08,8130,2026-08-23,False
2026-08-16,15,DEL-PNQ,DEL,PNQ,T+7,7,IndiGo,6135.18,7484,2026-08-23,False
2026-08-16,15,DEL-PNQ,DEL,PNQ,T+7,7,IndiGo,6772.42,8262,2026-08-23,False
2026-08-16,15,DEL-PNQ,DEL,PNQ,T+7,7,Air India,7946.3,9694,2026-08-23,False
2026-08-16,15,DEL-PNQ,DEL,PNQ,T+7,7,IndiGo,6563.77,8007,2026-08-23,False
2026-08-16,15,DEL-PNQ,DEL,PNQ,T+15,15,Akasa Air,5009.11,6111,2026-08-31,False
2026-08-16,15,DEL-PNQ,DEL,PNQ,T+15,15,IndiGo,4586.51,5595,2026-08-31,False
2026-08-16,15,DEL-PNQ,DEL,PNQ,T+15,15,IndiGo,4779.45,5830,2026-08-31,False
2026-08-16,15,DEL-PNQ,DEL,PNQ,T+15,15,IndiGo,4743.51,5787,2026-08-31,False
2026-08-16,15,DEL-PNQ,DEL,PNQ,T+15,15,IndiGo,4991.76,6089,2026-08-31,False
2026-08-16,15,DEL-PNQ,DEL,PNQ,T+30,30,IndiGo,4019.88,4904,2026-09-15,False
2026-08-16,15,DEL-PNQ,DEL,PNQ,T+30,30,IndiGo,4283.91,5226,2026-09-15,False
2026-08-16,15,DEL-PNQ,DEL,PNQ,T+45,45,Air India,4583.18,5591,2026-09-30,False
2026-08-16,15,DEL-PNQ,DEL,PNQ,T+45,45,Air India,4479.81,5465,2026-09-30,False
2026-08-17,16,DEL-BOM,DEL,BOM,T+1,1,IndiGo,9887.57,12062,2026-08-18,True
2026-08-17,16,DEL-BOM,DEL,BOM,T+1,1,IndiGo,9451.83,11531,2026-08-18,True
2026-08-17,16,DEL-BOM,DEL,BOM,T+1,1,IndiGo,9500.15,11590,2026-08-18,True
2026-08-17,16,DEL-BOM,DEL,BOM,T+1,1,Air India,12047.11,14697,2026-08-18,True
2026-08-17,16,DEL-BOM,DEL,BOM,T+1,1,Air India,11857.13,14465,2026-08-18,True
2026-08-17,16,DEL-BOM,DEL,BOM,T+1,1,IndiGo,9776.97,11927,2026-08-18,True
2026-08-17,16,DEL-BOM,DEL,BOM,T+1,1,IndiGo,9647.13,11769,2026-08-18,True
2026-08-17,16,DEL-BOM,DEL,BOM,T+1,1,IndiGo,9096.17,11097,2026-08-18,True
2026-08-17,16,DEL-BOM,DEL,BOM,T+1,1,IndiGo,9423.4,11496,2026-08-18,True
2026-08-17,16,DEL-BOM,DEL,BOM,T+1,1,IndiGo,10445.31,12743,2026-08-18,True
2026-08-17,16,DEL-BOM,DEL,BOM,T+1,1,IndiGo,9351.57,11408,2026-08-18,True
2026-08-17,16,DEL-BOM,DEL,BOM,T+1,1,SpiceJet,9336.57,11390,2026-08-18,True
2026-08-17,16,DEL-BOM,DEL,BOM,T+1,1,IndiGo,10135.55,12365,2026-08-18,True
2026-08-17,16,DEL-BOM,DEL,BOM,T+1,1,Air India,11035.33,13463,2026-08-18,True
2026-08-17,16,DEL-BOM,DEL,BOM,T+7,7,IndiGo,6973.34,8507,2026-08-24,False
2026-08-17,16,DEL-BOM,DEL,BOM,T+7,7,Air India,8436.53,10292,2026-08-24,False
2026-08-17,16,DEL-BOM,DEL,BOM,T+7,7,Air India,8171.96,9969,2026-08-24,False
2026-08-17,16,DEL-BOM,DEL,BOM,T+7,7,IndiGo,7624.13,9301,2026-08-24,False
2026-08-17,16,DEL-BOM,DEL,BOM,T+7,7,IndiGo,6523.91,7959,2026-08-24,False
2026-08-17,16,DEL-BOM,DEL,BOM,T+15,15,Air India,6445.38,7863,2026-09-01,False
2026-08-17,16,DEL-BOM,DEL,BOM,T+15,15,Air India,6177.49,7536,2026-09-01,False
2026-08-17,16,DEL-BOM,DEL,BOM,T+15,15,Air India,6382.99,7787,2026-09-01,False
2026-08-17,16,DEL-BOM,DEL,BOM,T+15,15,Air India,6311.08,7699,2026-09-01,False
2026-08-17,16,DEL-BOM,DEL,BOM,T+15,15,IndiGo,5136.44,6266,2026-09-01,False
2026-08-17,16,DEL-BOM,DEL,BOM,T+30,30,IndiGo,4554.83,5556,2026-09-16,False
2026-08-17,16,DEL-BOM,DEL,BOM,T+30,30,Air India,4980.8,6076,2026-09-16,False
2026-08-17,16,DEL-BOM,DEL,BOM,T+45,45,Air India,4835.28,5899,2026-10-01,False
2026-08-17,16,DEL-BOM,DEL,BOM,T+45,45,IndiGo,4058.46,4951,2026-10-01,False
2026-08-17,16,BOM-DEL,BOM,DEL,T+1,1,SpiceJet,9482.38,11568,2026-08-18,True
2026-08-17,16,BOM-DEL,BOM,DEL,T+1,1,IndiGo,10152.91,12386,2026-08-18,True
2026-08-17,16,BOM-DEL,BOM,DEL,T+1,1,IndiGo,9916.31,12097,2026-08-18,True
2026-08-17,16,BOM-DEL,BOM,DEL,T+1,1,IndiGo,9841.08,12006,2026-08-18,True
2026-08-17,16,BOM-DEL,BOM,DEL,T+1,1,IndiGo,9488.43,11575,2026-08-18,True
2026-08-17,16,BOM-DEL,BOM,DEL,T+1,1,Air India,11254.57,13730,2026-08-18,True
2026-08-17,16,BOM-DEL,BOM,DEL,T+1,1,IndiGo,10196.98,12440,2026-08-18,True
2026-08-17,16,BOM-DEL,BOM,DEL,T+1,1,IndiGo,10282.51,12544,2026-08-18,True
2026-08-17,16,BOM-DEL,BOM,DEL,T+1,1,Air India,11446.1,13964,2026-08-18,True
2026-08-17,16,BOM-DEL,BOM,DEL,T+1,1,IndiGo,9806.1,11963,2026-08-18,True
2026-08-17,16,BOM-DEL,BOM,DEL,T+1,1,IndiGo,9480.36,11566,2026-08-18,True
2026-08-17,16,BOM-DEL,BOM,DEL,T+1,1,Air India,12016.06,14659,2026-08-18,True
2026-08-17,16,BOM-DEL,BOM,DEL,T+1,1,Air India,11811.11,14409,2026-08-18,True
2026-08-17,16,BOM-DEL,BOM,DEL,T+1,1,Air India,12326.5,15038,2026-08-18,True
2026-08-17,16,BOM-DEL,BOM,DEL,T+7,7,IndiGo,6715.55,8192,2026-08-24,False
2026-08-17,16,BOM-DEL,BOM,DEL,T+7,7,Air India,8060.32,9833,2026-08-24,False
2026-08-17,16,BOM-DEL,BOM,DEL,T+7,7,Air India,8234.56,10046,2026-08-24,False
2026-08-17,16,BOM-DEL,BOM,DEL,T+7,7,Air India,8353.22,10190,2026-08-24,False
2026-08-17,16,BOM-DEL,BOM,DEL,T+7,7,IndiGo,6876.25,8389,2026-08-24,False
2026-08-17,16,BOM-DEL,BOM,DEL,T+15,15,IndiGo,5110.65,6234,2026-09-01,False
2026-08-17,16,BOM-DEL,BOM,DEL,T+15,15,IndiGo,5434.35,6629,2026-09-01,False
2026-08-17,16,BOM-DEL,BOM,DEL,T+15,15,IndiGo,5404.78,6593,2026-09-01,False
2026-08-17,16,BOM-DEL,BOM,DEL,T+15,15,Air India,6015.76,7339,2026-09-01,False
2026-08-17,16,BOM-DEL,BOM,DEL,T+15,15,Air India,6509.93,7942,2026-09-01,False
2026-08-17,16,BOM-DEL,BOM,DEL,T+30,30,IndiGo,4703.69,5738,2026-09-16,False
2026-08-17,16,BOM-DEL,BOM,DEL,T+30,30,Air India,5352.25,6529,2026-09-16,False
2026-08-17,16,BOM-DEL,BOM,DEL,T+45,45,IndiGo,4027.74,4913,2026-10-01,False
2026-08-17,16,BOM-DEL,BOM,DEL,T+45,45,IndiGo,4094.44,4995,2026-10-01,False
2026-08-17,16,DEL-BLR,DEL,BLR,T+1,1,IndiGo,11686.23,14257,2026-08-18,True
2026-08-17,16,DEL-BLR,DEL,BLR,T+1,1,Air India,14220.83,17349,2026-08-18,True
2026-08-17,16,DEL-BLR,DEL,BLR,T+1,1,IndiGo,11141.9,13593,2026-08-18,True
2026-08-17,16,DEL-BLR,DEL,BLR,T+1,1,Air India,14641.68,17862,2026-08-18,True
2026-08-17,16,DEL-BLR,DEL,BLR,T+1,1,IndiGo,11391.1,13897,2026-08-18,True
2026-08-17,16,DEL-BLR,DEL,BLR,T+1,1,IndiGo,12683.69,15474,2026-08-18,True
2026-08-17,16,DEL-BLR,DEL,BLR,T+1,1,IndiGo,11910.42,14530,2026-08-18,True
2026-08-17,16,DEL-BLR,DEL,BLR,T+1,1,Air India,14100.65,17202,2026-08-18,True
2026-08-17,16,DEL-BLR,DEL,BLR,T+1,1,IndiGo,11784.91,14377,2026-08-18,True
2026-08-17,16,DEL-BLR,DEL,BLR,T+1,1,Air India,14062.68,17156,2026-08-18,True
2026-08-17,16,DEL-BLR,DEL,BLR,T+1,1,IndiGo,12647.89,15430,2026-08-18,True
2026-08-17,16,DEL-BLR,DEL,BLR,T+1,1,Akasa Air,10653.06,12996,2026-08-18,True
2026-08-17,16,DEL-BLR,DEL,BLR,T+1,1,IndiGo,12588.19,15357,2026-08-18,True
2026-08-17,16,DEL-BLR,DEL,BLR,T+1,1,Air India,14373.96,17536,2026-08-18,True
2026-08-17,16,DEL-BLR,DEL,BLR,T+7,7,IndiGo,8167.19,9963,2026-08-24,False
2026-08-17,16,DEL-BLR,DEL,BLR,T+7,7,Air India,9675.03,11803,2026-08-24,False
2026-08-17,16,DEL-BLR,DEL,BLR,T+7,7,IndiGo,9027.78,11013,2026-08-24,False
2026-08-17,16,DEL-BLR,DEL,BLR,T+7,7,IndiGo,8245.24,10059,2026-08-24,False
2026-08-17,16,DEL-BLR,DEL,BLR,T+7,7,IndiGo,8183.21,9983,2026-08-24,False
2026-08-17,16,DEL-BLR,DEL,BLR,T+15,15,Air India,7953.82,9703,2026-09-01,False
2026-08-17,16,DEL-BLR,DEL,BLR,T+15,15,IndiGo,6565.15,8009,2026-09-01,False
2026-08-17,16,DEL-BLR,DEL,BLR,T+15,15,IndiGo,6275.28,7655,2026-09-01,False
2026-08-17,16,DEL-BLR,DEL,BLR,T+15,15,IndiGo,6537.46,7975,2026-09-01,False
2026-08-17,16,DEL-BLR,DEL,BLR,T+15,15,IndiGo,6255.33,7631,2026-09-01,False
2026-08-17,16,DEL-BLR,DEL,BLR,T+30,30,Air India,6809.18,8307,2026-09-16,False
2026-08-17,16,DEL-BLR,DEL,BLR,T+30,30,IndiGo,5767.97,7036,2026-09-16,False
2026-08-17,16,DEL-BLR,DEL,BLR,T+45,45,IndiGo,5035.49,6143,2026-10-01,False
2026-08-17,16,DEL-BLR,DEL,BLR,T+45,45,Air India,5901.83,7200,2026-10-01,False
2026-08-17,16,BOM-BLR,BOM,BLR,T+1,1,Air India,9661.63,11787,2026-08-18,True
2026-08-17,16,BOM-BLR,BOM,BLR,T+1,1,IndiGo,7719.22,9417,2026-08-18,True
2026-08-17,16,BOM-BLR,BOM,BLR,T+1,1,IndiGo,7399.99,9027,2026-08-18,True
2026-08-17,16,BOM-BLR,BOM,BLR,T+1,1,IndiGo,7840.74,9565,2026-08-18,True
2026-08-17,16,BOM-BLR,BOM,BLR,T+1,1,IndiGo,8282.9,10105,2026-08-18,True
2026-08-17,16,BOM-BLR,BOM,BLR,T+1,1,IndiGo,7445.14,9083,2026-08-18,True
2026-08-17,16,BOM-BLR,BOM,BLR,T+1,1,IndiGo,7621.64,9298,2026-08-18,True
2026-08-17,16,BOM-BLR,BOM,BLR,T+1,1,Air India,9233.3,11264,2026-08-18,True
2026-08-17,16,BOM-BLR,BOM,BLR,T+1,1,IndiGo,7704.74,9399,2026-08-18,True
2026-08-17,16,BOM-BLR,BOM,BLR,T+1,1,Air India,8787.77,10721,2026-08-18,True
2026-08-17,16,BOM-BLR,BOM,BLR,T+1,1,IndiGo,8022.4,9787,2026-08-18,True
2026-08-17,16,BOM-BLR,BOM,BLR,T+1,1,Air India,9839.64,12004,2026-08-18,True
2026-08-17,16,BOM-BLR,BOM,BLR,T+1,1,IndiGo,7772.29,9482,2026-08-18,True
2026-08-17,16,BOM-BLR,BOM,BLR,T+1,1,IndiGo,7475.05,9119,2026-08-18,True
2026-08-17,16,BOM-BLR,BOM,BLR,T+7,7,IndiGo,5166.73,6303,2026-08-24,False
2026-08-17,16,BOM-BLR,BOM,BLR,T+7,7,IndiGo,5512.22,6724,2026-08-24,False
2026-08-17,16,BOM-BLR,BOM,BLR,T+7,7,Akasa Air,5494.78,6703,2026-08-24,False
2026-08-17,16,BOM-BLR,BOM,BLR,T+7,7,IndiGo,5553.74,6775,2026-08-24,False
2026-08-17,16,BOM-BLR,BOM,BLR,T+7,7,IndiGo,5462.43,6664,2026-08-24,False
2026-08-17,16,BOM-BLR,BOM,BLR,T+15,15,IndiGo,4070.82,4966,2026-09-01,False
2026-08-17,16,BOM-BLR,BOM,BLR,T+15,15,IndiGo,3997.66,4877,2026-09-01,False
2026-08-17,16,BOM-BLR,BOM,BLR,T+15,15,IndiGo,4277.99,5219,2026-09-01,False
2026-08-17,16,BOM-BLR,BOM,BLR,T+15,15,IndiGo,4289.48,5233,2026-09-01,False
2026-08-17,16,BOM-BLR,BOM,BLR,T+15,15,Air India,4635.24,5654,2026-09-01,False
2026-08-17,16,BOM-BLR,BOM,BLR,T+30,30,IndiGo,3761.0,4588,2026-09-16,False
2026-08-17,16,BOM-BLR,BOM,BLR,T+30,30,Air India,4284.7,5227,2026-09-16,False
2026-08-17,16,BOM-BLR,BOM,BLR,T+45,45,IndiGo,3322.03,4052,2026-10-01,False
2026-08-17,16,BOM-BLR,BOM,BLR,T+45,45,IndiGo,3018.13,3682,2026-10-01,False
2026-08-17,16,DEL-CCU,DEL,CCU,T+1,1,Air India,12258.66,14955,2026-08-18,True
2026-08-17,16,DEL-CCU,DEL,CCU,T+1,1,IndiGo,10863.05,13252,2026-08-18,True
2026-08-17,16,DEL-CCU,DEL,CCU,T+1,1,IndiGo,11112.15,13556,2026-08-18,True
2026-08-17,16,DEL-CCU,DEL,CCU,T+1,1,IndiGo,11606.56,14160,2026-08-18,True
2026-08-17,16,DEL-CCU,DEL,CCU,T+1,1,IndiGo,11189.85,13651,2026-08-18,True
2026-08-17,16,DEL-CCU,DEL,CCU,T+1,1,IndiGo,10827.24,13209,2026-08-18,True
2026-08-17,16,DEL-CCU,DEL,CCU,T+1,1,Air India,12411.62,15142,2026-08-18,True
2026-08-17,16,DEL-CCU,DEL,CCU,T+1,1,IndiGo,11390.1,13895,2026-08-18,True
2026-08-17,16,DEL-CCU,DEL,CCU,T+1,1,IndiGo,10551.28,12872,2026-08-18,True
2026-08-17,16,DEL-CCU,DEL,CCU,T+1,1,Air India,13607.87,16601,2026-08-18,True
2026-08-17,16,DEL-CCU,DEL,CCU,T+1,1,IndiGo,10811.3,13189,2026-08-18,True
2026-08-17,16,DEL-CCU,DEL,CCU,T+1,1,IndiGo,11527.91,14064,2026-08-18,True
2026-08-17,16,DEL-CCU,DEL,CCU,T+1,1,Air India,13180.02,16079,2026-08-18,True
2026-08-17,16,DEL-CCU,DEL,CCU,T+1,1,SpiceJet,10295.65,12560,2026-08-18,True
2026-08-17,16,DEL-CCU,DEL,CCU,T+7,7,IndiGo,7587.51,9256,2026-08-24,False
2026-08-17,16,DEL-CCU,DEL,CCU,T+7,7,Air India,9002.19,10982,2026-08-24,False
2026-08-17,16,DEL-CCU,DEL,CCU,T+7,7,IndiGo,7843.84,9569,2026-08-24,False
2026-08-17,16,DEL-CCU,DEL,CCU,T+7,7,IndiGo,7748.86,9453,2026-08-24,False
2026-08-17,16,DEL-CCU,DEL,CCU,T+7,7,Akasa Air,7328.41,8940,2026-08-24,False
2026-08-17,16,DEL-CCU,DEL,CCU,T+15,15,Air India,6892.02,8408,2026-09-01,False
2026-08-17,16,DEL-CCU,DEL,CCU,T+15,15,IndiGo,5896.17,7193,2026-09-01,False
2026-08-17,16,DEL-CCU,DEL,CCU,T+15,15,IndiGo,5441.9,6639,2026-09-01,False
2026-08-17,16,DEL-CCU,DEL,CCU,T+15,15,Air India,7043.37,8592,2026-09-01,False
2026-08-17,16,DEL-CCU,DEL,CCU,T+15,15,IndiGo,5678.37,6927,2026-09-01,False
2026-08-17,16,DEL-CCU,DEL,CCU,T+30,30,Air India,5702.04,6956,2026-09-16,False
2026-08-17,16,DEL-CCU,DEL,CCU,T+30,30,IndiGo,4742.35,5785,2026-09-16,False
2026-08-17,16,DEL-CCU,DEL,CCU,T+45,45,IndiGo,4198.71,5122,2026-10-01,False
2026-08-17,16,DEL-CCU,DEL,CCU,T+45,45,IndiGo,4267.46,5206,2026-10-01,False
2026-08-17,16,BLR-HYD,BLR,HYD,T+1,1,IndiGo,5875.31,7167,2026-08-18,True
2026-08-17,16,BLR-HYD,BLR,HYD,T+1,1,IndiGo,6436.7,7852,2026-08-18,True
2026-08-17,16,BLR-HYD,BLR,HYD,T+1,1,Air India,6972.21,8506,2026-08-18,True
2026-08-17,16,BLR-HYD,BLR,HYD,T+1,1,IndiGo,6062.3,7396,2026-08-18,True
2026-08-17,16,BLR-HYD,BLR,HYD,T+1,1,IndiGo,6109.27,7453,2026-08-18,True
2026-08-17,16,BLR-HYD,BLR,HYD,T+1,1,IndiGo,6052.46,7384,2026-08-18,True
2026-08-17,16,BLR-HYD,BLR,HYD,T+1,1,SpiceJet,5692.26,6944,2026-08-18,True
2026-08-17,16,BLR-HYD,BLR,HYD,T+1,1,Air India,6805.79,8303,2026-08-18,True
2026-08-17,16,BLR-HYD,BLR,HYD,T+1,1,IndiGo,6330.78,7723,2026-08-18,True
2026-08-17,16,BLR-HYD,BLR,HYD,T+1,1,IndiGo,6405.9,7815,2026-08-18,True
2026-08-17,16,BLR-HYD,BLR,HYD,T+1,1,Air India,6684.63,8155,2026-08-18,True
2026-08-17,16,BLR-HYD,BLR,HYD,T+1,1,IndiGo,5808.89,7086,2026-08-18,True
2026-08-17,16,BLR-HYD,BLR,HYD,T+1,1,IndiGo,5965.82,7278,2026-08-18,True
2026-08-17,16,BLR-HYD,BLR,HYD,T+1,1,IndiGo,5821.43,7102,2026-08-18,True
2026-08-17,16,BLR-HYD,BLR,HYD,T+7,7,IndiGo,4339.23,5293,2026-08-24,False
2026-08-17,16,BLR-HYD,BLR,HYD,T+7,7,IndiGo,4155.04,5069,2026-08-24,False
2026-08-17,16,BLR-HYD,BLR,HYD,T+7,7,Air India,5407.61,6597,2026-08-24,False
2026-08-17,16,BLR-HYD,BLR,HYD,T+7,7,IndiGo,4441.39,5418,2026-08-24,False
2026-08-17,16,BLR-HYD,BLR,HYD,T+7,7,IndiGo,4295.44,5240,2026-08-24,False
2026-08-17,16,BLR-HYD,BLR,HYD,T+15,15,Air India,3962.14,4833,2026-09-01,False
2026-08-17,16,BLR-HYD,BLR,HYD,T+15,15,Air India,3972.7,4846,2026-09-01,False
2026-08-17,16,BLR-HYD,BLR,HYD,T+15,15,IndiGo,3180.1,3879,2026-09-01,False
2026-08-17,16,BLR-HYD,BLR,HYD,T+15,15,IndiGo,3151.46,3844,2026-09-01,False
2026-08-17,16,BLR-HYD,BLR,HYD,T+15,15,IndiGo,3253.01,3968,2026-09-01,False
2026-08-17,16,BLR-HYD,BLR,HYD,T+30,30,Air India,3377.15,4120,2026-09-16,False
2026-08-17,16,BLR-HYD,BLR,HYD,T+30,30,IndiGo,2794.22,3408,2026-09-16,False
2026-08-17,16,BLR-HYD,BLR,HYD,T+45,45,Air India,2753.19,3358,2026-10-01,False
2026-08-17,16,BLR-HYD,BLR,HYD,T+45,45,IndiGo,2402.27,2930,2026-10-01,False
2026-08-17,16,MAA-DEL,MAA,DEL,T+1,1,IndiGo,11455.08,13975,2026-08-18,True
2026-08-17,16,MAA-DEL,MAA,DEL,T+1,1,IndiGo,11454.4,13974,2026-08-18,True
2026-08-17,16,MAA-DEL,MAA,DEL,T+1,1,IndiGo,12277.72,14978,2026-08-18,True
2026-08-17,16,MAA-DEL,MAA,DEL,T+1,1,IndiGo,10927.69,13331,2026-08-18,True
2026-08-17,16,MAA-DEL,MAA,DEL,T+1,1,IndiGo,11688.05,14259,2026-08-18,True
2026-08-17,16,MAA-DEL,MAA,DEL,T+1,1,IndiGo,12083.39,14741,2026-08-18,True
2026-08-17,16,MAA-DEL,MAA,DEL,T+1,1,IndiGo,12397.87,15125,2026-08-18,True
2026-08-17,16,MAA-DEL,MAA,DEL,T+1,1,Air India,13348.35,16284,2026-08-18,True
2026-08-17,16,MAA-DEL,MAA,DEL,T+1,1,IndiGo,11682.36,14252,2026-08-18,True
2026-08-17,16,MAA-DEL,MAA,DEL,T+1,1,IndiGo,11713.84,14290,2026-08-18,True
2026-08-17,16,MAA-DEL,MAA,DEL,T+1,1,IndiGo,11563.39,14107,2026-08-18,True
2026-08-17,16,MAA-DEL,MAA,DEL,T+1,1,IndiGo,11445.08,13962,2026-08-18,True
2026-08-17,16,MAA-DEL,MAA,DEL,T+1,1,Akasa Air,11291.85,13776,2026-08-18,True
2026-08-17,16,MAA-DEL,MAA,DEL,T+1,1,IndiGo,10466.93,12769,2026-08-18,True
2026-08-17,16,MAA-DEL,MAA,DEL,T+7,7,IndiGo,8321.75,10152,2026-08-24,False
2026-08-17,16,MAA-DEL,MAA,DEL,T+7,7,Air India,9624.47,11741,2026-08-24,False
2026-08-17,16,MAA-DEL,MAA,DEL,T+7,7,Air India,9507.54,11599,2026-08-24,False
2026-08-17,16,MAA-DEL,MAA,DEL,T+7,7,Air India,10268.62,12527,2026-08-24,False
2026-08-17,16,MAA-DEL,MAA,DEL,T+7,7,Air India,9355.79,11414,2026-08-24,False
2026-08-17,16,MAA-DEL,MAA,DEL,T+15,15,IndiGo,6096.89,7438,2026-09-01,False
2026-08-17,16,MAA-DEL,MAA,DEL,T+15,15,IndiGo,6615.19,8070,2026-09-01,False
2026-08-17,16,MAA-DEL,MAA,DEL,T+15,15,IndiGo,6004.04,7324,2026-09-01,False
2026-08-17,16,MAA-DEL,MAA,DEL,T+15,15,Air India,7150.39,8723,2026-09-01,False
2026-08-17,16,MAA-DEL,MAA,DEL,T+15,15,IndiGo,6152.31,7505,2026-09-01,False
2026-08-17,16,MAA-DEL,MAA,DEL,T+30,30,IndiGo,5456.66,6657,2026-09-16,False
2026-08-17,16,MAA-DEL,MAA,DEL,T+30,30,IndiGo,5339.24,6513,2026-09-16,False
2026-08-17,16,MAA-DEL,MAA,DEL,T+45,45,SpiceJet,4261.79,5199,2026-10-01,False
2026-08-17,16,MAA-DEL,MAA,DEL,T+45,45,IndiGo,4623.96,5641,2026-10-01,False
2026-08-17,16,DEL-PNQ,DEL,PNQ,T+1,1,IndiGo,8845.12,10791,2026-08-18,True
2026-08-17,16,DEL-PNQ,DEL,PNQ,T+1,1,IndiGo,9012.81,10995,2026-08-18,True
2026-08-17,16,DEL-PNQ,DEL,PNQ,T+1,1,IndiGo,9171.93,11189,2026-08-18,True
2026-08-17,16,DEL-PNQ,DEL,PNQ,T+1,1,IndiGo,9169.51,11186,2026-08-18,True
2026-08-17,16,DEL-PNQ,DEL,PNQ,T+1,1,IndiGo,8475.47,10340,2026-08-18,True
2026-08-17,16,DEL-PNQ,DEL,PNQ,T+1,1,Air India,11051.17,13482,2026-08-18,True
2026-08-17,16,DEL-PNQ,DEL,PNQ,T+1,1,IndiGo,9117.12,11122,2026-08-18,True
2026-08-17,16,DEL-PNQ,DEL,PNQ,T+1,1,Air India,11170.72,13628,2026-08-18,True
2026-08-17,16,DEL-PNQ,DEL,PNQ,T+1,1,IndiGo,9177.73,11196,2026-08-18,True
2026-08-17,16,DEL-PNQ,DEL,PNQ,T+1,1,Air India,11065.11,13499,2026-08-18,True
2026-08-17,16,DEL-PNQ,DEL,PNQ,T+1,1,IndiGo,9184.8,11205,2026-08-18,True
2026-08-17,16,DEL-PNQ,DEL,PNQ,T+1,1,Air India,11156.44,13610,2026-08-18,True
2026-08-17,16,DEL-PNQ,DEL,PNQ,T+1,1,Air India,10849.17,13235,2026-08-18,True
2026-08-17,16,DEL-PNQ,DEL,PNQ,T+1,1,IndiGo,9006.26,10987,2026-08-18,True
2026-08-17,16,DEL-PNQ,DEL,PNQ,T+7,7,IndiGo,6904.25,8423,2026-08-24,False
2026-08-17,16,DEL-PNQ,DEL,PNQ,T+7,7,IndiGo,6594.59,8045,2026-08-24,False
2026-08-17,16,DEL-PNQ,DEL,PNQ,T+7,7,IndiGo,6524.01,7959,2026-08-24,False
2026-08-17,16,DEL-PNQ,DEL,PNQ,T+7,7,Air India,7203.23,8787,2026-08-24,False
2026-08-17,16,DEL-PNQ,DEL,PNQ,T+7,7,IndiGo,6107.2,7450,2026-08-24,False
2026-08-17,16,DEL-PNQ,DEL,PNQ,T+15,15,Air India,5795.77,7070,2026-09-01,False
2026-08-17,16,DEL-PNQ,DEL,PNQ,T+15,15,IndiGo,4890.99,5967,2026-09-01,False
2026-08-17,16,DEL-PNQ,DEL,PNQ,T+15,15,IndiGo,4761.61,5809,2026-09-01,False
2026-08-17,16,DEL-PNQ,DEL,PNQ,T+15,15,Akasa Air,4735.79,5777,2026-09-01,False
2026-08-17,16,DEL-PNQ,DEL,PNQ,T+15,15,IndiGo,5136.77,6266,2026-09-01,False
2026-08-17,16,DEL-PNQ,DEL,PNQ,T+30,30,IndiGo,4272.55,5212,2026-09-16,False
2026-08-17,16,DEL-PNQ,DEL,PNQ,T+30,30,Air India,4721.05,5759,2026-09-16,False
2026-08-17,16,DEL-PNQ,DEL,PNQ,T+45,45,Air India,4353.99,5311,2026-10-01,False
2026-08-17,16,DEL-PNQ,DEL,PNQ,T+45,45,IndiGo,3603.13,4395,2026-10-01,False
2026-08-18,17,DEL-BOM,DEL,BOM,T+1,1,Air India,11379.76,13883,2026-08-19,True
2026-08-18,17,DEL-BOM,DEL,BOM,T+1,1,IndiGo,9643.6,11765,2026-08-19,True
2026-08-18,17,DEL-BOM,DEL,BOM,T+1,1,Air India,11343.44,13838,2026-08-19,True
2026-08-18,17,DEL-BOM,DEL,BOM,T+1,1,IndiGo,9355.39,11413,2026-08-19,True
2026-08-18,17,DEL-BOM,DEL,BOM,T+1,1,Akasa Air,9433.91,11509,2026-08-19,True
2026-08-18,17,DEL-BOM,DEL,BOM,T+1,1,IndiGo,9593.26,11703,2026-08-19,True
2026-08-18,17,DEL-BOM,DEL,BOM,T+1,1,IndiGo,8781.97,10714,2026-08-19,True
2026-08-18,17,DEL-BOM,DEL,BOM,T+1,1,IndiGo,10488.37,12795,2026-08-19,True
2026-08-18,17,DEL-BOM,DEL,BOM,T+1,1,Air India,11975.91,14610,2026-08-19,True
2026-08-18,17,DEL-BOM,DEL,BOM,T+1,1,Air India,11384.36,13888,2026-08-19,True
2026-08-18,17,DEL-BOM,DEL,BOM,T+1,1,IndiGo,9791.7,11945,2026-08-19,True
2026-08-18,17,DEL-BOM,DEL,BOM,T+1,1,IndiGo,9383.98,11448,2026-08-19,True
2026-08-18,17,DEL-BOM,DEL,BOM,T+1,1,IndiGo,10366.01,12646,2026-08-19,True
2026-08-18,17,DEL-BOM,DEL,BOM,T+1,1,IndiGo,10435.05,12730,2026-08-19,True
2026-08-18,17,DEL-BOM,DEL,BOM,T+7,7,Air India,8208.93,10014,2026-08-25,False
2026-08-18,17,DEL-BOM,DEL,BOM,T+7,7,Air India,8456.62,10317,2026-08-25,False
2026-08-18,17,DEL-BOM,DEL,BOM,T+7,7,Akasa Air,6747.41,8231,2026-08-25,False
2026-08-18,17,DEL-BOM,DEL,BOM,T+7,7,IndiGo,6600.96,8053,2026-08-25,False
2026-08-18,17,DEL-BOM,DEL,BOM,T+7,7,Air India,8046.48,9816,2026-08-25,False
2026-08-18,17,DEL-BOM,DEL,BOM,T+15,15,IndiGo,5293.31,6457,2026-09-02,False
2026-08-18,17,DEL-BOM,DEL,BOM,T+15,15,IndiGo,5185.16,6325,2026-09-02,False
2026-08-18,17,DEL-BOM,DEL,BOM,T+15,15,IndiGo,5228.66,6378,2026-09-02,False
2026-08-18,17,DEL-BOM,DEL,BOM,T+15,15,IndiGo,5252.13,6407,2026-09-02,False
2026-08-18,17,DEL-BOM,DEL,BOM,T+15,15,IndiGo,5254.07,6409,2026-09-02,False
2026-08-18,17,DEL-BOM,DEL,BOM,T+30,30,Air India,5334.19,6507,2026-09-17,False
2026-08-18,17,DEL-BOM,DEL,BOM,T+30,30,Air India,5126.8,6254,2026-09-17,False
2026-08-18,17,DEL-BOM,DEL,BOM,T+45,45,Air India,4614.07,5629,2026-10-02,False
2026-08-18,17,DEL-BOM,DEL,BOM,T+45,45,IndiGo,3833.97,4677,2026-10-02,False
2026-08-18,17,BOM-DEL,BOM,DEL,T+1,1,IndiGo,10120.14,12346,2026-08-19,True
2026-08-18,17,BOM-DEL,BOM,DEL,T+1,1,Akasa Air,8777.87,10709,2026-08-19,True
2026-08-18,17,BOM-DEL,BOM,DEL,T+1,1,Air India,12002.09,14642,2026-08-19,True
2026-08-18,17,BOM-DEL,BOM,DEL,T+1,1,IndiGo,10260.06,12517,2026-08-19,True
2026-08-18,17,BOM-DEL,BOM,DEL,T+1,1,IndiGo,9681.76,11811,2026-08-19,True
2026-08-18,17,BOM-DEL,BOM,DEL,T+1,1,Air India,10485.23,12791,2026-08-19,True
2026-08-18,17,BOM-DEL,BOM,DEL,T+1,1,IndiGo,9661.51,11787,2026-08-19,True
2026-08-18,17,BOM-DEL,BOM,DEL,T+1,1,Air India,11510.39,14042,2026-08-19,True
2026-08-18,17,BOM-DEL,BOM,DEL,T+1,1,IndiGo,9439.14,11515,2026-08-19,True
2026-08-18,17,BOM-DEL,BOM,DEL,T+1,1,IndiGo,9608.8,11722,2026-08-19,True
2026-08-18,17,BOM-DEL,BOM,DEL,T+1,1,Air India,12154.15,14828,2026-08-19,True
2026-08-18,17,BOM-DEL,BOM,DEL,T+1,1,IndiGo,10012.98,12215,2026-08-19,True
2026-08-18,17,BOM-DEL,BOM,DEL,T+1,1,Air India,11162.99,13618,2026-08-19,True
2026-08-18,17,BOM-DEL,BOM,DEL,T+1,1,IndiGo,9238.1,11270,2026-08-19,True
2026-08-18,17,BOM-DEL,BOM,DEL,T+7,7,Akasa Air,6629.51,8088,2026-08-25,False
2026-08-18,17,BOM-DEL,BOM,DEL,T+7,7,IndiGo,6873.21,8385,2026-08-25,False
2026-08-18,17,BOM-DEL,BOM,DEL,T+7,7,IndiGo,7045.22,8595,2026-08-25,False
2026-08-18,17,BOM-DEL,BOM,DEL,T+7,7,IndiGo,6795.2,8290,2026-08-25,False
2026-08-18,17,BOM-DEL,BOM,DEL,T+7,7,Air India,8310.31,10138,2026-08-25,False
2026-08-18,17,BOM-DEL,BOM,DEL,T+15,15,Air India,6632.59,8091,2026-09-02,False
2026-08-18,17,BOM-DEL,BOM,DEL,T+15,15,Air India,6389.16,7794,2026-09-02,False
2026-08-18,17,BOM-DEL,BOM,DEL,T+15,15,IndiGo,5260.12,6417,2026-09-02,False
2026-08-18,17,BOM-DEL,BOM,DEL,T+15,15,IndiGo,5235.21,6386,2026-09-02,False
2026-08-18,17,BOM-DEL,BOM,DEL,T+15,15,IndiGo,5203.21,6347,2026-09-02,False
2026-08-18,17,BOM-DEL,BOM,DEL,T+30,30,Akasa Air,4554.38,5556,2026-09-17,False
2026-08-18,17,BOM-DEL,BOM,DEL,T+30,30,IndiGo,4417.11,5388,2026-09-17,False
2026-08-18,17,BOM-DEL,BOM,DEL,T+45,45,IndiGo,4020.82,4905,2026-10-02,False
2026-08-18,17,BOM-DEL,BOM,DEL,T+45,45,IndiGo,4021.66,4906,2026-10-02,False
2026-08-18,17,DEL-BLR,DEL,BLR,T+1,1,IndiGo,11831.88,14434,2026-08-19,True
2026-08-18,17,DEL-BLR,DEL,BLR,T+1,1,IndiGo,11464.87,13987,2026-08-19,True
2026-08-18,17,DEL-BLR,DEL,BLR,T+1,1,IndiGo,12179.53,14859,2026-08-19,True
2026-08-18,17,DEL-BLR,DEL,BLR,T+1,1,Air India,14168.21,17285,2026-08-19,True
2026-08-18,17,DEL-BLR,DEL,BLR,T+1,1,IndiGo,12254.25,14950,2026-08-19,True
2026-08-18,17,DEL-BLR,DEL,BLR,T+1,1,Air India,13933.35,16998,2026-08-19,True
2026-08-18,17,DEL-BLR,DEL,BLR,T+1,1,IndiGo,12557.99,15320,2026-08-19,True
2026-08-18,17,DEL-BLR,DEL,BLR,T+1,1,IndiGo,11673.82,14242,2026-08-19,True
2026-08-18,17,DEL-BLR,DEL,BLR,T+1,1,IndiGo,12765.05,15573,2026-08-19,True
2026-08-18,17,DEL-BLR,DEL,BLR,T+1,1,IndiGo,11306.73,13794,2026-08-19,True
2026-08-18,17,DEL-BLR,DEL,BLR,T+1,1,IndiGo,12226.66,14916,2026-08-19,True
2026-08-18,17,DEL-BLR,DEL,BLR,T+1,1,IndiGo,12243.79,14937,2026-08-19,True
2026-08-18,17,DEL-BLR,DEL,BLR,T+1,1,IndiGo,11708.05,14283,2026-08-19,True
2026-08-18,17,DEL-BLR,DEL,BLR,T+1,1,IndiGo,12222.28,14911,2026-08-19,True
2026-08-18,17,DEL-BLR,DEL,BLR,T+7,7,IndiGo,8904.7,10863,2026-08-25,False
2026-08-18,17,DEL-BLR,DEL,BLR,T+7,7,IndiGo,7861.73,9591,2026-08-25,False
2026-08-18,17,DEL-BLR,DEL,BLR,T+7,7,IndiGo,8672.99,10581,2026-08-25,False
2026-08-18,17,DEL-BLR,DEL,BLR,T+7,7,IndiGo,7779.26,9490,2026-08-25,False
2026-08-18,17,DEL-BLR,DEL,BLR,T+7,7,IndiGo,8234.95,10046,2026-08-25,False
2026-08-18,17,DEL-BLR,DEL,BLR,T+15,15,IndiGo,6854.68,8362,2026-09-02,False
2026-08-18,17,DEL-BLR,DEL,BLR,T+15,15,Air India,7489.68,9137,2026-09-02,False
2026-08-18,17,DEL-BLR,DEL,BLR,T+15,15,Akasa Air,6022.09,7346,2026-09-02,False
2026-08-18,17,DEL-BLR,DEL,BLR,T+15,15,IndiGo,6439.98,7856,2026-09-02,False
2026-08-18,17,DEL-BLR,DEL,BLR,T+15,15,IndiGo,6954.26,8484,2026-09-02,False
2026-08-18,17,DEL-BLR,DEL,BLR,T+30,30,IndiGo,5202.14,6346,2026-09-17,False
2026-08-18,17,DEL-BLR,DEL,BLR,T+30,30,IndiGo,5353.96,6531,2026-09-17,False
2026-08-18,17,DEL-BLR,DEL,BLR,T+45,45,IndiGo,5199.83,6343,2026-10-02,False
2026-08-18,17,DEL-BLR,DEL,BLR,T+45,45,IndiGo,5262.13,6419,2026-10-02,False
2026-08-18,17,BOM-BLR,BOM,BLR,T+1,1,IndiGo,7687.37,9378,2026-08-19,True
2026-08-18,17,BOM-BLR,BOM,BLR,T+1,1,IndiGo,7380.71,9004,2026-08-19,True
2026-08-18,17,BOM-BLR,BOM,BLR,T+1,1,Air India,9763.16,11911,2026-08-19,True
2026-08-18,17,BOM-BLR,BOM,BLR,T+1,1,IndiGo,8145.85,9937,2026-08-19,True
2026-08-18,17,BOM-BLR,BOM,BLR,T+1,1,Air India,9312.08,11360,2026-08-19,True
2026-08-18,17,BOM-BLR,BOM,BLR,T+1,1,IndiGo,7495.92,9145,2026-08-19,True
2026-08-18,17,BOM-BLR,BOM,BLR,T+1,1,IndiGo,7702.06,9396,2026-08-19,True
2026-08-18,17,BOM-BLR,BOM,BLR,T+1,1,Air India,9044.88,11034,2026-08-19,True
2026-08-18,17,BOM-BLR,BOM,BLR,T+1,1,Akasa Air,7558.18,9220,2026-08-19,True
2026-08-18,17,BOM-BLR,BOM,BLR,T+1,1,IndiGo,8107.12,9890,2026-08-19,True
2026-08-18,17,BOM-BLR,BOM,BLR,T+1,1,IndiGo,7952.77,9702,2026-08-19,True
2026-08-18,17,BOM-BLR,BOM,BLR,T+1,1,Air India,8752.94,10678,2026-08-19,True
2026-08-18,17,BOM-BLR,BOM,BLR,T+1,1,IndiGo,8087.0,9866,2026-08-19,True
2026-08-18,17,BOM-BLR,BOM,BLR,T+1,1,IndiGo,7799.85,9515,2026-08-19,True
2026-08-18,17,BOM-BLR,BOM,BLR,T+7,7,IndiGo,5591.36,6821,2026-08-25,False
2026-08-18,17,BOM-BLR,BOM,BLR,T+7,7,Air India,6767.53,8256,2026-08-25,False
2026-08-18,17,BOM-BLR,BOM,BLR,T+7,7,Air India,6186.68,7547,2026-08-25,False
2026-08-18,17,BOM-BLR,BOM,BLR,T+7,7,IndiGo,5453.21,6652,2026-08-25,False
2026-08-18,17,BOM-BLR,BOM,BLR,T+7,7,IndiGo,5358.5,6537,2026-08-25,False
2026-08-18,17,BOM-BLR,BOM,BLR,T+15,15,IndiGo,3926.42,4790,2026-09-02,False
2026-08-18,17,BOM-BLR,BOM,BLR,T+15,15,Air India,4957.24,6047,2026-09-02,False
2026-08-18,17,BOM-BLR,BOM,BLR,T+15,15,IndiGo,4519.58,5513,2026-09-02,False
2026-08-18,17,BOM-BLR,BOM,BLR,T+15,15,IndiGo,3886.84,4741,2026-09-02,False
2026-08-18,17,BOM-BLR,BOM,BLR,T+15,15,Air India,4892.27,5968,2026-09-02,False
2026-08-18,17,BOM-BLR,BOM,BLR,T+30,30,Air India,4292.24,5236,2026-09-17,False
2026-08-18,17,BOM-BLR,BOM,BLR,T+30,30,IndiGo,3576.25,4363,2026-09-17,False
2026-08-18,17,BOM-BLR,BOM,BLR,T+45,45,IndiGo,3152.72,3846,2026-10-02,False
2026-08-18,17,BOM-BLR,BOM,BLR,T+45,45,Air India,3561.98,4345,2026-10-02,False
2026-08-18,17,DEL-CCU,DEL,CCU,T+1,1,Air India,12972.25,15826,2026-08-19,True
2026-08-18,17,DEL-CCU,DEL,CCU,T+1,1,IndiGo,10625.24,12962,2026-08-19,True
2026-08-18,17,DEL-CCU,DEL,CCU,T+1,1,Air India,11881.16,14495,2026-08-19,True
2026-08-18,17,DEL-CCU,DEL,CCU,T+1,1,IndiGo,11370.66,13872,2026-08-19,True
2026-08-18,17,DEL-CCU,DEL,CCU,T+1,1,IndiGo,11280.43,13762,2026-08-19,True
2026-08-18,17,DEL-CCU,DEL,CCU,T+1,1,Akasa Air,10588.77,12918,2026-08-19,True
2026-08-18,17,DEL-CCU,DEL,CCU,T+1,1,IndiGo,11001.83,13422,2026-08-19,True
2026-08-18,17,DEL-CCU,DEL,CCU,T+1,1,IndiGo,11324.71,13816,2026-08-19,True
2026-08-18,17,DEL-CCU,DEL,CCU,T+1,1,IndiGo,11000.02,13420,2026-08-19,True
2026-08-18,17,DEL-CCU,DEL,CCU,T+1,1,IndiGo,11259.66,13736,2026-08-19,True
2026-08-18,17,DEL-CCU,DEL,CCU,T+1,1,Akasa Air,10459.61,12760,2026-08-19,True
2026-08-18,17,DEL-CCU,DEL,CCU,T+1,1,Air India,13458.28,16419,2026-08-19,True
2026-08-18,17,DEL-CCU,DEL,CCU,T+1,1,IndiGo,11036.86,13464,2026-08-19,True
2026-08-18,17,DEL-CCU,DEL,CCU,T+1,1,IndiGo,10988.45,13405,2026-08-19,True
2026-08-18,17,DEL-CCU,DEL,CCU,T+7,7,Air India,8701.38,10615,2026-08-25,False
2026-08-18,17,DEL-CCU,DEL,CCU,T+7,7,IndiGo,7801.56,9517,2026-08-25,False
2026-08-18,17,DEL-CCU,DEL,CCU,T+7,7,IndiGo,7499.07,9148,2026-08-25,False
2026-08-18,17,DEL-CCU,DEL,CCU,T+7,7,Air India,8902.74,10861,2026-08-25,False
2026-08-18,17,DEL-CCU,DEL,CCU,T+7,7,IndiGo,7503.55,9154,2026-08-25,False
2026-08-18,17,DEL-CCU,DEL,CCU,T+15,15,IndiGo,5657.63,6902,2026-09-02,False
2026-08-18,17,DEL-CCU,DEL,CCU,T+15,15,IndiGo,6313.99,7703,2026-09-02,False
2026-08-18,17,DEL-CCU,DEL,CCU,T+15,15,Air India,7251.46,8846,2026-09-02,False
2026-08-18,17,DEL-CCU,DEL,CCU,T+15,15,IndiGo,6271.95,7651,2026-09-02,False
2026-08-18,17,DEL-CCU,DEL,CCU,T+15,15,IndiGo,5625.4,6862,2026-09-02,False
2026-08-18,17,DEL-CCU,DEL,CCU,T+30,30,Akasa Air,4890.47,5966,2026-09-17,False
2026-08-18,17,DEL-CCU,DEL,CCU,T+30,30,Air India,5669.94,6917,2026-09-17,False
2026-08-18,17,DEL-CCU,DEL,CCU,T+45,45,Air India,5150.4,6283,2026-10-02,False
2026-08-18,17,DEL-CCU,DEL,CCU,T+45,45,IndiGo,4333.78,5287,2026-10-02,False
2026-08-18,17,BLR-HYD,BLR,HYD,T+1,1,Akasa Air,6084.54,7423,2026-08-19,True
2026-08-18,17,BLR-HYD,BLR,HYD,T+1,1,Akasa Air,5750.67,7015,2026-08-19,True
2026-08-18,17,BLR-HYD,BLR,HYD,T+1,1,IndiGo,6246.87,7621,2026-08-19,True
2026-08-18,17,BLR-HYD,BLR,HYD,T+1,1,IndiGo,6149.02,7501,2026-08-19,True
2026-08-18,17,BLR-HYD,BLR,HYD,T+1,1,IndiGo,6507.21,7938,2026-08-19,True
2026-08-18,17,BLR-HYD,BLR,HYD,T+1,1,Air India,6731.66,8212,2026-08-19,True
2026-08-18,17,BLR-HYD,BLR,HYD,T+1,1,Air India,7412.15,9042,2026-08-19,True
2026-08-18,17,BLR-HYD,BLR,HYD,T+1,1,IndiGo,6263.32,7641,2026-08-19,True
2026-08-18,17,BLR-HYD,BLR,HYD,T+1,1,Air India,6857.4,8366,2026-08-19,True
2026-08-18,17,BLR-HYD,BLR,HYD,T+1,1,Air India,7349.51,8966,2026-08-19,True
2026-08-18,17,BLR-HYD,BLR,HYD,T+1,1,Air India,7182.79,8763,2026-08-19,True
2026-08-18,17,BLR-HYD,BLR,HYD,T+1,1,Akasa Air,5785.11,7057,2026-08-19,True
2026-08-18,17,BLR-HYD,BLR,HYD,T+1,1,IndiGo,5848.04,7134,2026-08-19,True
2026-08-18,17,BLR-HYD,BLR,HYD,T+1,1,IndiGo,5870.14,7161,2026-08-19,True
2026-08-18,17,BLR-HYD,BLR,HYD,T+7,7,IndiGo,4567.24,5572,2026-08-25,False
2026-08-18,17,BLR-HYD,BLR,HYD,T+7,7,IndiGo,4261.61,5199,2026-08-25,False
2026-08-18,17,BLR-HYD,BLR,HYD,T+7,7,IndiGo,4378.16,5341,2026-08-25,False
2026-08-18,17,BLR-HYD,BLR,HYD,T+7,7,Air India,4885.02,5959,2026-08-25,False
2026-08-18,17,BLR-HYD,BLR,HYD,T+7,7,Akasa Air,4014.29,4897,2026-08-25,False
2026-08-18,17,BLR-HYD,BLR,HYD,T+15,15,IndiGo,3365.24,4105,2026-09-02,False
2026-08-18,17,BLR-HYD,BLR,HYD,T+15,15,Akasa Air,2991.74,3649,2026-09-02,False
2026-08-18,17,BLR-HYD,BLR,HYD,T+15,15,IndiGo,3195.33,3898,2026-09-02,False
2026-08-18,17,BLR-HYD,BLR,HYD,T+15,15,Air India,3827.23,4669,2026-09-02,False
2026-08-18,17,BLR-HYD,BLR,HYD,T+15,15,IndiGo,3255.09,3971,2026-09-02,False
2026-08-18,17,BLR-HYD,BLR,HYD,T+30,30,IndiGo,2761.82,3369,2026-09-17,False
2026-08-18,17,BLR-HYD,BLR,HYD,T+30,30,IndiGo,2817.75,3437,2026-09-17,False
2026-08-18,17,BLR-HYD,BLR,HYD,T+45,45,IndiGo,2530.35,3087,2026-10-02,False
2026-08-18,17,BLR-HYD,BLR,HYD,T+45,45,IndiGo,2533.96,3091,2026-10-02,False
2026-08-18,17,MAA-DEL,MAA,DEL,T+1,1,Air India,13066.04,15940,2026-08-19,True
2026-08-18,17,MAA-DEL,MAA,DEL,T+1,1,IndiGo,11364.7,13864,2026-08-19,True
2026-08-18,17,MAA-DEL,MAA,DEL,T+1,1,Air India,14098.87,17200,2026-08-19,True
2026-08-18,17,MAA-DEL,MAA,DEL,T+1,1,Air India,13956.72,17027,2026-08-19,True
2026-08-18,17,MAA-DEL,MAA,DEL,T+1,1,IndiGo,10927.3,13331,2026-08-19,True
2026-08-18,17,MAA-DEL,MAA,DEL,T+1,1,Air India,13699.45,16713,2026-08-19,True
2026-08-18,17,MAA-DEL,MAA,DEL,T+1,1,Air India,12595.98,15367,2026-08-19,True
2026-08-18,17,MAA-DEL,MAA,DEL,T+1,1,IndiGo,11497.71,14027,2026-08-19,True
2026-08-18,17,MAA-DEL,MAA,DEL,T+1,1,IndiGo,12241.3,14934,2026-08-19,True
2026-08-18,17,MAA-DEL,MAA,DEL,T+1,1,IndiGo,11098.03,13539,2026-08-19,True
2026-08-18,17,MAA-DEL,MAA,DEL,T+1,1,Air India,13137.79,16028,2026-08-19,True
2026-08-18,17,MAA-DEL,MAA,DEL,T+1,1,IndiGo,11785.81,14378,2026-08-19,True
2026-08-18,17,MAA-DEL,MAA,DEL,T+1,1,Air India,12802.22,15618,2026-08-19,True
2026-08-18,17,MAA-DEL,MAA,DEL,T+1,1,IndiGo,11224.64,13694,2026-08-19,True
2026-08-18,17,MAA-DEL,MAA,DEL,T+7,7,IndiGo,8293.08,10117,2026-08-25,False
2026-08-18,17,MAA-DEL,MAA,DEL,T+7,7,IndiGo,7943.16,9690,2026-08-25,False
2026-08-18,17,MAA-DEL,MAA,DEL,T+7,7,Air India,9498.08,11587,2026-08-25,False
2026-08-18,17,MAA-DEL,MAA,DEL,T+7,7,Air India,9826.63,11988,2026-08-25,False
2026-08-18,17,MAA-DEL,MAA,DEL,T+7,7,IndiGo,8243.35,10056,2026-08-25,False
2026-08-18,17,MAA-DEL,MAA,DEL,T+15,15,Air India,7355.03,8973,2026-09-02,False
2026-08-18,17,MAA-DEL,MAA,DEL,T+15,15,IndiGo,6107.56,7451,2026-09-02,False
2026-08-18,17,MAA-DEL,MAA,DEL,T+15,15,Air India,7381.37,9005,2026-09-02,False
2026-08-18,17,MAA-DEL,MAA,DEL,T+15,15,IndiGo,6154.16,7508,2026-09-02,False
2026-08-18,17,MAA-DEL,MAA,DEL,T+15,15,Air India,7403.74,9032,2026-09-02,False
2026-08-18,17,MAA-DEL,MAA,DEL,T+30,30,Air India,6137.35,7487,2026-09-17,False
2026-08-18,17,MAA-DEL,MAA,DEL,T+30,30,Air India,6206.07,7571,2026-09-17,False
2026-08-18,17,MAA-DEL,MAA,DEL,T+45,45,Air India,5359.62,6538,2026-10-02,False
2026-08-18,17,MAA-DEL,MAA,DEL,T+45,45,IndiGo,4703.5,5738,2026-10-02,False
2026-08-18,17,DEL-PNQ,DEL,PNQ,T+1,1,IndiGo,8776.15,10706,2026-08-19,True
2026-08-18,17,DEL-PNQ,DEL,PNQ,T+1,1,Air India,10233.68,12485,2026-08-19,True
2026-08-18,17,DEL-PNQ,DEL,PNQ,T+1,1,Air India,10745.3,13109,2026-08-19,True
2026-08-18,17,DEL-PNQ,DEL,PNQ,T+1,1,IndiGo,9099.8,11101,2026-08-19,True
2026-08-18,17,DEL-PNQ,DEL,PNQ,T+1,1,Air India,10940.68,13347,2026-08-19,True
2026-08-18,17,DEL-PNQ,DEL,PNQ,T+1,1,Air India,10488.21,12795,2026-08-19,True
2026-08-18,17,DEL-PNQ,DEL,PNQ,T+1,1,IndiGo,9161.55,11177,2026-08-19,True
2026-08-18,17,DEL-PNQ,DEL,PNQ,T+1,1,Akasa Air,8915.94,10877,2026-08-19,True
2026-08-18,17,DEL-PNQ,DEL,PNQ,T+1,1,Akasa Air,8883.48,10837,2026-08-19,True
2026-08-18,17,DEL-PNQ,DEL,PNQ,T+1,1,IndiGo,8771.52,10701,2026-08-19,True
2026-08-18,17,DEL-PNQ,DEL,PNQ,T+1,1,IndiGo,9079.76,11077,2026-08-19,True
2026-08-18,17,DEL-PNQ,DEL,PNQ,T+1,1,IndiGo,9147.66,11160,2026-08-19,True
2026-08-18,17,DEL-PNQ,DEL,PNQ,T+1,1,IndiGo,9034.81,11022,2026-08-19,True
2026-08-18,17,DEL-PNQ,DEL,PNQ,T+1,1,IndiGo,8372.93,10214,2026-08-19,True
2026-08-18,17,DEL-PNQ,DEL,PNQ,T+7,7,Air India,7578.47,9245,2026-08-25,False
2026-08-18,17,DEL-PNQ,DEL,PNQ,T+7,7,Air India,8119.73,9906,2026-08-25,False
2026-08-18,17,DEL-PNQ,DEL,PNQ,T+7,7,Air India,7441.17,9078,2026-08-25,False
2026-08-18,17,DEL-PNQ,DEL,PNQ,T+7,7,Air India,7344.1,8959,2026-08-25,False
2026-08-18,17,DEL-PNQ,DEL,PNQ,T+7,7,Air India,7634.62,9314,2026-08-25,False
2026-08-18,17,DEL-PNQ,DEL,PNQ,T+15,15,IndiGo,4916.85,5998,2026-09-02,False
2026-08-18,17,DEL-PNQ,DEL,PNQ,T+15,15,Air India,5973.39,7287,2026-09-02,False
2026-08-18,17,DEL-PNQ,DEL,PNQ,T+15,15,IndiGo,4649.55,5672,2026-09-02,False
2026-08-18,17,DEL-PNQ,DEL,PNQ,T+15,15,IndiGo,4988.18,6085,2026-09-02,False
2026-08-18,17,DEL-PNQ,DEL,PNQ,T+15,15,Air India,5852.51,7140,2026-09-02,False
2026-08-18,17,DEL-PNQ,DEL,PNQ,T+30,30,Akasa Air,4017.13,4900,2026-09-17,False
2026-08-18,17,DEL-PNQ,DEL,PNQ,T+30,30,IndiGo,4218.28,5146,2026-09-17,False
2026-08-18,17,DEL-PNQ,DEL,PNQ,T+45,45,IndiGo,3839.18,4683,2026-10-02,False
2026-08-18,17,DEL-PNQ,DEL,PNQ,T+45,45,Air India,4502.16,5492,2026-10-02,False
2026-08-19,18,DEL-BOM,DEL,BOM,T+1,1,IndiGo,9389.67,11455,2026-08-20,True
2026-08-19,18,DEL-BOM,DEL,BOM,T+1,1,IndiGo,10061.73,12275,2026-08-20,True
2026-08-19,18,DEL-BOM,DEL,BOM,T+1,1,IndiGo,9758.82,11905,2026-08-20,True
2026-08-19,18,DEL-BOM,DEL,BOM,T+1,1,IndiGo,9805.91,11963,2026-08-20,True
2026-08-19,18,DEL-BOM,DEL,BOM,T+1,1,IndiGo,9806.02,11963,2026-08-20,True
2026-08-19,18,DEL-BOM,DEL,BOM,T+1,1,IndiGo,9729.53,11870,2026-08-20,True
2026-08-19,18,DEL-BOM,DEL,BOM,T+1,1,IndiGo,10188.92,12430,2026-08-20,True
2026-08-19,18,DEL-BOM,DEL,BOM,T+1,1,IndiGo,9752.3,11897,2026-08-20,True
2026-08-19,18,DEL-BOM,DEL,BOM,T+1,1,IndiGo,9397.7,11465,2026-08-20,True
2026-08-19,18,DEL-BOM,DEL,BOM,T+1,1,IndiGo,9646.24,11768,2026-08-20,True
2026-08-19,18,DEL-BOM,DEL,BOM,T+1,1,Air India,11603.36,14156,2026-08-20,True
2026-08-19,18,DEL-BOM,DEL,BOM,T+1,1,IndiGo,10201.76,12446,2026-08-20,True
2026-08-19,18,DEL-BOM,DEL,BOM,T+1,1,IndiGo,9987.42,12184,2026-08-20,True
2026-08-19,18,DEL-BOM,DEL,BOM,T+1,1,IndiGo,9489.79,11577,2026-08-20,True
2026-08-19,18,DEL-BOM,DEL,BOM,T+7,7,IndiGo,7523.99,9179,2026-08-26,False
2026-08-19,18,DEL-BOM,DEL,BOM,T+7,7,Akasa Air,6765.45,8253,2026-08-26,False
2026-08-19,18,DEL-BOM,DEL,BOM,T+7,7,IndiGo,7230.9,8821,2026-08-26,False
2026-08-19,18,DEL-BOM,DEL,BOM,T+7,7,Air India,8117.24,9903,2026-08-26,False
2026-08-19,18,DEL-BOM,DEL,BOM,T+7,7,IndiGo,7051.13,8602,2026-08-26,False
2026-08-19,18,DEL-BOM,DEL,BOM,T+15,15,IndiGo,5421.41,6614,2026-09-03,False
2026-08-19,18,DEL-BOM,DEL,BOM,T+15,15,IndiGo,5491.23,6699,2026-09-03,False
2026-08-19,18,DEL-BOM,DEL,BOM,T+15,15,Air India,6438.92,7855,2026-09-03,False
2026-08-19,18,DEL-BOM,DEL,BOM,T+15,15,IndiGo,5427.45,6621,2026-09-03,False
2026-08-19,18,DEL-BOM,DEL,BOM,T+15,15,IndiGo,5208.59,6354,2026-09-03,False
2026-08-19,18,DEL-BOM,DEL,BOM,T+30,30,IndiGo,4423.95,5397,2026-09-18,False
2026-08-19,18,DEL-BOM,DEL,BOM,T+30,30,IndiGo,4566.84,5571,2026-09-18,False
2026-08-19,18,DEL-BOM,DEL,BOM,T+45,45,IndiGo,4143.75,5055,2026-10-03,False
2026-08-19,18,DEL-BOM,DEL,BOM,T+45,45,IndiGo,3981.42,4857,2026-10-03,False
2026-08-19,18,BOM-DEL,BOM,DEL,T+1,1,IndiGo,10145.61,12377,2026-08-20,True
2026-08-19,18,BOM-DEL,BOM,DEL,T+1,1,IndiGo,10278.24,12539,2026-08-20,True
2026-08-19,18,BOM-DEL,BOM,DEL,T+1,1,IndiGo,9467.27,11550,2026-08-20,True
2026-08-19,18,BOM-DEL,BOM,DEL,T+1,1,IndiGo,9494.46,11583,2026-08-20,True
2026-08-19,18,BOM-DEL,BOM,DEL,T+1,1,IndiGo,9732.91,11874,2026-08-20,True
2026-08-19,18,BOM-DEL,BOM,DEL,T+1,1,IndiGo,9886.27,12061,2026-08-20,True
2026-08-19,18,BOM-DEL,BOM,DEL,T+1,1,IndiGo,9601.38,11713,2026-08-20,True
2026-08-19,18,BOM-DEL,BOM,DEL,T+1,1,Air India,12076.98,14733,2026-08-20,True
2026-08-19,18,BOM-DEL,BOM,DEL,T+1,1,IndiGo,9926.13,12109,2026-08-20,True
2026-08-19,18,BOM-DEL,BOM,DEL,T+1,1,SpiceJet,9278.97,11320,2026-08-20,True
2026-08-19,18,BOM-DEL,BOM,DEL,T+1,1,Air India,10951.72,13361,2026-08-20,True
2026-08-19,18,BOM-DEL,BOM,DEL,T+1,1,Akasa Air,9035.87,11023,2026-08-20,True
2026-08-19,18,BOM-DEL,BOM,DEL,T+1,1,IndiGo,9877.16,12050,2026-08-20,True
2026-08-19,18,BOM-DEL,BOM,DEL,T+1,1,Air India,10670.54,13018,2026-08-20,True
2026-08-19,18,BOM-DEL,BOM,DEL,T+7,7,IndiGo,7167.24,8744,2026-08-26,False
2026-08-19,18,BOM-DEL,BOM,DEL,T+7,7,Air India,8115.4,9900,2026-08-26,False
2026-08-19,18,BOM-DEL,BOM,DEL,T+7,7,IndiGo,7707.61,9403,2026-08-26,False
2026-08-19,18,BOM-DEL,BOM,DEL,T+7,7,IndiGo,7481.04,9126,2026-08-26,False
2026-08-19,18,BOM-DEL,BOM,DEL,T+7,7,Akasa Air,6660.75,8126,2026-08-26,False
2026-08-19,18,BOM-DEL,BOM,DEL,T+15,15,Air India,6186.02,7546,2026-09-03,False
2026-08-19,18,BOM-DEL,BOM,DEL,T+15,15,IndiGo,5450.19,6649,2026-09-03,False
2026-08-19,18,BOM-DEL,BOM,DEL,T+15,15,Air India,6579.26,8026,2026-09-03,False
2026-08-19,18,BOM-DEL,BOM,DEL,T+15,15,Akasa Air,4807.95,5865,2026-09-03,False
2026-08-19,18,BOM-DEL,BOM,DEL,T+15,15,IndiGo,4937.38,6023,2026-09-03,False
2026-08-19,18,BOM-DEL,BOM,DEL,T+30,30,IndiGo,4416.01,5387,2026-09-18,False
2026-08-19,18,BOM-DEL,BOM,DEL,T+30,30,IndiGo,4606.36,5619,2026-09-18,False
2026-08-19,18,BOM-DEL,BOM,DEL,T+45,45,Air India,4813.04,5871,2026-10-03,False
2026-08-19,18,BOM-DEL,BOM,DEL,T+45,45,Air India,4907.89,5987,2026-10-03,False
2026-08-19,18,DEL-BLR,DEL,BLR,T+1,1,IndiGo,11532.63,14069,2026-08-20,True
2026-08-19,18,DEL-BLR,DEL,BLR,T+1,1,Air India,13041.79,15910,2026-08-20,True
2026-08-19,18,DEL-BLR,DEL,BLR,T+1,1,IndiGo,12399.62,15127,2026-08-20,True
2026-08-19,18,DEL-BLR,DEL,BLR,T+1,1,IndiGo,11689.16,14260,2026-08-20,True
2026-08-19,18,DEL-BLR,DEL,BLR,T+1,1,Air India,13189.65,16091,2026-08-20,True
2026-08-19,18,DEL-BLR,DEL,BLR,T+1,1,IndiGo,12099.23,14761,2026-08-20,True
2026-08-19,18,DEL-BLR,DEL,BLR,T+1,1,IndiGo,12372.3,15094,2026-08-20,True
2026-08-19,18,DEL-BLR,DEL,BLR,T+1,1,Akasa Air,11608.15,14161,2026-08-20,True
2026-08-19,18,DEL-BLR,DEL,BLR,T+1,1,IndiGo,11845.2,14451,2026-08-20,True
2026-08-19,18,DEL-BLR,DEL,BLR,T+1,1,Akasa Air,11592.93,14143,2026-08-20,True
2026-08-19,18,DEL-BLR,DEL,BLR,T+1,1,IndiGo,11881.97,14496,2026-08-20,True
2026-08-19,18,DEL-BLR,DEL,BLR,T+1,1,IndiGo,11470.13,13993,2026-08-20,True
2026-08-19,18,DEL-BLR,DEL,BLR,T+1,1,IndiGo,11736.99,14319,2026-08-20,True
2026-08-19,18,DEL-BLR,DEL,BLR,T+1,1,Air India,14451.23,17630,2026-08-20,True
2026-08-19,18,DEL-BLR,DEL,BLR,T+7,7,Air India,10156.86,12391,2026-08-26,False
2026-08-19,18,DEL-BLR,DEL,BLR,T+7,7,Air India,10102.86,12325,2026-08-26,False
2026-08-19,18,DEL-BLR,DEL,BLR,T+7,7,IndiGo,8222.55,10031,2026-08-26,False
2026-08-19,18,DEL-BLR,DEL,BLR,T+7,7,IndiGo,8465.16,10327,2026-08-26,False
2026-08-19,18,DEL-BLR,DEL,BLR,T+7,7,IndiGo,7870.13,9601,2026-08-26,False
2026-08-19,18,DEL-BLR,DEL,BLR,T+15,15,Air India,7689.74,9381,2026-09-03,False
2026-08-19,18,DEL-BLR,DEL,BLR,T+15,15,Akasa Air,6591.29,8041,2026-09-03,False
2026-08-19,18,DEL-BLR,DEL,BLR,T+15,15,Air India,7247.72,8842,2026-09-03,False
2026-08-19,18,DEL-BLR,DEL,BLR,T+15,15,IndiGo,6349.13,7745,2026-09-03,False
2026-08-19,18,DEL-BLR,DEL,BLR,T+15,15,Akasa Air,6349.67,7746,2026-09-03,False
2026-08-19,18,DEL-BLR,DEL,BLR,T+30,30,Air India,6837.52,8341,2026-09-18,False
2026-08-19,18,DEL-BLR,DEL,BLR,T+30,30,IndiGo,5468.89,6672,2026-09-18,False
2026-08-19,18,DEL-BLR,DEL,BLR,T+45,45,IndiGo,4819.05,5879,2026-10-03,False
2026-08-19,18,DEL-BLR,DEL,BLR,T+45,45,IndiGo,4598.37,5610,2026-10-03,False
2026-08-19,18,BOM-BLR,BOM,BLR,T+1,1,IndiGo,7739.83,9442,2026-08-20,True
2026-08-19,18,BOM-BLR,BOM,BLR,T+1,1,IndiGo,8263.1,10080,2026-08-20,True
2026-08-19,18,BOM-BLR,BOM,BLR,T+1,1,Air India,9180.2,11199,2026-08-20,True
2026-08-19,18,BOM-BLR,BOM,BLR,T+1,1,IndiGo,7705.9,9401,2026-08-20,True
2026-08-19,18,BOM-BLR,BOM,BLR,T+1,1,IndiGo,7798.85,9514,2026-08-20,True
2026-08-19,18,BOM-BLR,BOM,BLR,T+1,1,IndiGo,7708.92,9404,2026-08-20,True
2026-08-19,18,BOM-BLR,BOM,BLR,T+1,1,IndiGo,7492.47,9140,2026-08-20,True
2026-08-19,18,BOM-BLR,BOM,BLR,T+1,1,IndiGo,7934.13,9679,2026-08-20,True
2026-08-19,18,BOM-BLR,BOM,BLR,T+1,1,IndiGo,7772.85,9482,2026-08-20,True
2026-08-19,18,BOM-BLR,BOM,BLR,T+1,1,IndiGo,7716.67,9414,2026-08-20,True
2026-08-19,18,BOM-BLR,BOM,BLR,T+1,1,IndiGo,7448.64,9087,2026-08-20,True
2026-08-19,18,BOM-BLR,BOM,BLR,T+1,1,Air India,9506.74,11598,2026-08-20,True
2026-08-19,18,BOM-BLR,BOM,BLR,T+1,1,IndiGo,7891.33,9627,2026-08-20,True
2026-08-19,18,BOM-BLR,BOM,BLR,T+1,1,IndiGo,7562.67,9226,2026-08-20,True
2026-08-19,18,BOM-BLR,BOM,BLR,T+7,7,IndiGo,5649.03,6891,2026-08-26,False
2026-08-19,18,BOM-BLR,BOM,BLR,T+7,7,Air India,6322.24,7713,2026-08-26,False
2026-08-19,18,BOM-BLR,BOM,BLR,T+7,7,IndiGo,5308.28,6476,2026-08-26,False
2026-08-19,18,BOM-BLR,BOM,BLR,T+7,7,Air India,6263.21,7641,2026-08-26,False
2026-08-19,18,BOM-BLR,BOM,BLR,T+7,7,IndiGo,5119.35,6245,2026-08-26,False
2026-08-19,18,BOM-BLR,BOM,BLR,T+15,15,Air India,4976.46,6071,2026-09-03,False
2026-08-19,18,BOM-BLR,BOM,BLR,T+15,15,IndiGo,3886.43,4741,2026-09-03,False
2026-08-19,18,BOM-BLR,BOM,BLR,T+15,15,Air India,4685.17,5715,2026-09-03,False
2026-08-19,18,BOM-BLR,BOM,BLR,T+15,15,IndiGo,3850.9,4698,2026-09-03,False
2026-08-19,18,BOM-BLR,BOM,BLR,T+15,15,IndiGo,4140.06,5050,2026-09-03,False
2026-08-19,18,BOM-BLR,BOM,BLR,T+30,30,Air India,4174.2,5092,2026-09-18,False
2026-08-19,18,BOM-BLR,BOM,BLR,T+30,30,IndiGo,3518.65,4292,2026-09-18,False
2026-08-19,18,BOM-BLR,BOM,BLR,T+45,45,IndiGo,3048.41,3719,2026-10-03,False
2026-08-19,18,BOM-BLR,BOM,BLR,T+45,45,Air India,3576.99,4363,2026-10-03,False
2026-08-19,18,DEL-CCU,DEL,CCU,T+1,1,IndiGo,11086.85,13525,2026-08-20,True
2026-08-19,18,DEL-CCU,DEL,CCU,T+1,1,IndiGo,10699.31,13053,2026-08-20,True
2026-08-19,18,DEL-CCU,DEL,CCU,T+1,1,IndiGo,11030.33,13457,2026-08-20,True
2026-08-19,18,DEL-CCU,DEL,CCU,T+1,1,IndiGo,10571.52,12897,2026-08-20,True
2026-08-19,18,DEL-CCU,DEL,CCU,T+1,1,Air India,12943.27,15790,2026-08-20,True
2026-08-19,18,DEL-CCU,DEL,CCU,T+1,1,IndiGo,11407.17,13916,2026-08-20,True
2026-08-19,18,DEL-CCU,DEL,CCU,T+1,1,Akasa Air,10781.77,13153,2026-08-20,True
2026-08-19,18,DEL-CCU,DEL,CCU,T+1,1,IndiGo,10752.06,13117,2026-08-20,True
2026-08-19,18,DEL-CCU,DEL,CCU,T+1,1,Air India,12977.55,15832,2026-08-20,True
2026-08-19,18,DEL-CCU,DEL,CCU,T+1,1,Air India,12753.43,15559,2026-08-20,True
2026-08-19,18,DEL-CCU,DEL,CCU,T+1,1,Air India,12865.31,15695,2026-08-20,True
2026-08-19,18,DEL-CCU,DEL,CCU,T+1,1,Air India,12715.19,15512,2026-08-20,True
2026-08-19,18,DEL-CCU,DEL,CCU,T+1,1,IndiGo,10846.79,13233,2026-08-20,True
2026-08-19,18,DEL-CCU,DEL,CCU,T+1,1,Akasa Air,10643.45,12985,2026-08-20,True
2026-08-19,18,DEL-CCU,DEL,CCU,T+7,7,IndiGo,7452.17,9091,2026-08-26,False
2026-08-19,18,DEL-CCU,DEL,CCU,T+7,7,IndiGo,7446.08,9084,2026-08-26,False
2026-08-19,18,DEL-CCU,DEL,CCU,T+7,7,IndiGo,7345.38,8961,2026-08-26,False
2026-08-19,18,DEL-CCU,DEL,CCU,T+7,7,IndiGo,7288.17,8891,2026-08-26,False
2026-08-19,18,DEL-CCU,DEL,CCU,T+7,7,IndiGo,7391.66,9017,2026-08-26,False
2026-08-19,18,DEL-CCU,DEL,CCU,T+15,15,IndiGo,5907.15,7206,2026-09-03,False
2026-08-19,18,DEL-CCU,DEL,CCU,T+15,15,Akasa Air,5511.1,6723,2026-09-03,False
2026-08-19,18,DEL-CCU,DEL,CCU,T+15,15,IndiGo,5979.96,7295,2026-09-03,False
2026-08-19,18,DEL-CCU,DEL,CCU,T+15,15,Air India,6933.98,8459,2026-09-03,False
2026-08-19,18,DEL-CCU,DEL,CCU,T+15,15,Air India,6448.41,7867,2026-09-03,False
2026-08-19,18,DEL-CCU,DEL,CCU,T+30,30,IndiGo,5150.6,6283,2026-09-18,False
2026-08-19,18,DEL-CCU,DEL,CCU,T+30,30,IndiGo,5178.06,6317,2026-09-18,False
2026-08-19,18,DEL-CCU,DEL,CCU,T+45,45,IndiGo,4320.02,5270,2026-10-03,False
2026-08-19,18,DEL-CCU,DEL,CCU,T+45,45,IndiGo,4541.53,5540,2026-10-03,False
2026-08-19,18,BLR-HYD,BLR,HYD,T+1,1,IndiGo,5838.62,7123,2026-08-20,True
2026-08-19,18,BLR-HYD,BLR,HYD,T+1,1,IndiGo,6039.63,7368,2026-08-20,True
2026-08-19,18,BLR-HYD,BLR,HYD,T+1,1,Air India,6782.09,8274,2026-08-20,True
2026-08-19,18,BLR-HYD,BLR,HYD,T+1,1,IndiGo,5641.31,6882,2026-08-20,True
2026-08-19,18,BLR-HYD,BLR,HYD,T+1,1,IndiGo,5938.41,7244,2026-08-20,True
2026-08-19,18,BLR-HYD,BLR,HYD,T+1,1,Air India,7065.42,8619,2026-08-20,True
2026-08-19,18,BLR-HYD,BLR,HYD,T+1,1,Air India,6997.38,8536,2026-08-20,True
2026-08-19,18,BLR-HYD,BLR,HYD,T+1,1,Air India,6802.07,8298,2026-08-20,True
2026-08-19,18,BLR-HYD,BLR,HYD,T+1,1,Akasa Air,5747.39,7011,2026-08-20,True
2026-08-19,18,BLR-HYD,BLR,HYD,T+1,1,SpiceJet,5756.01,7022,2026-08-20,True
2026-08-19,18,BLR-HYD,BLR,HYD,T+1,1,IndiGo,6009.6,7331,2026-08-20,True
2026-08-19,18,BLR-HYD,BLR,HYD,T+1,1,IndiGo,6057.5,7390,2026-08-20,True
2026-08-19,18,BLR-HYD,BLR,HYD,T+1,1,IndiGo,5877.88,7171,2026-08-20,True
2026-08-19,18,BLR-HYD,BLR,HYD,T+1,1,IndiGo,6265.9,7644,2026-08-20,True
2026-08-19,18,BLR-HYD,BLR,HYD,T+7,7,IndiGo,4084.29,4982,2026-08-26,False
2026-08-19,18,BLR-HYD,BLR,HYD,T+7,7,Air India,5107.59,6231,2026-08-26,False
2026-08-19,18,BLR-HYD,BLR,HYD,T+7,7,IndiGo,4435.84,5411,2026-08-26,False
2026-08-19,18,BLR-HYD,BLR,HYD,T+7,7,IndiGo,4331.33,5284,2026-08-26,False
2026-08-19,18,BLR-HYD,BLR,HYD,T+7,7,IndiGo,4229.44,5159,2026-08-26,False
2026-08-19,18,BLR-HYD,BLR,HYD,T+15,15,IndiGo,3181.1,3880,2026-09-03,False
2026-08-19,18,BLR-HYD,BLR,HYD,T+15,15,IndiGo,3358.56,4097,2026-09-03,False
2026-08-19,18,BLR-HYD,BLR,HYD,T+15,15,IndiGo,3079.61,3757,2026-09-03,False
2026-08-19,18,BLR-HYD,BLR,HYD,T+15,15,Air India,3691.26,4503,2026-09-03,False
2026-08-19,18,BLR-HYD,BLR,HYD,T+15,15,IndiGo,3195.93,3899,2026-09-03,False
2026-08-19,18,BLR-HYD,BLR,HYD,T+30,30,IndiGo,2898.36,3535,2026-09-18,False
2026-08-19,18,BLR-HYD,BLR,HYD,T+30,30,IndiGo,2814.95,3434,2026-09-18,False
2026-08-19,18,BLR-HYD,BLR,HYD,T+45,45,IndiGo,2385.69,2910,2026-10-03,False
2026-08-19,18,BLR-HYD,BLR,HYD,T+45,45,IndiGo,2442.54,2979,2026-10-03,False
2026-08-19,18,MAA-DEL,MAA,DEL,T+1,1,IndiGo,11227.12,13697,2026-08-20,True
2026-08-19,18,MAA-DEL,MAA,DEL,T+1,1,IndiGo,11188.78,13650,2026-08-20,True
2026-08-19,18,MAA-DEL,MAA,DEL,T+1,1,IndiGo,11866.93,14477,2026-08-20,True
2026-08-19,18,MAA-DEL,MAA,DEL,T+1,1,IndiGo,10922.95,13325,2026-08-20,True
2026-08-19,18,MAA-DEL,MAA,DEL,T+1,1,IndiGo,12119.88,14786,2026-08-20,True
2026-08-19,18,MAA-DEL,MAA,DEL,T+1,1,IndiGo,11806.42,14403,2026-08-20,True
2026-08-19,18,MAA-DEL,MAA,DEL,T+1,1,IndiGo,11911.89,14532,2026-08-20,True
2026-08-19,18,MAA-DEL,MAA,DEL,T+1,1,Air India,13307.85,16235,2026-08-20,True
2026-08-19,18,MAA-DEL,MAA,DEL,T+1,1,IndiGo,11413.61,13924,2026-08-20,True
2026-08-19,18,MAA-DEL,MAA,DEL,T+1,1,Air India,12848.51,15675,2026-08-20,True
2026-08-19,18,MAA-DEL,MAA,DEL,T+1,1,IndiGo,11263.12,13741,2026-08-20,True
2026-08-19,18,MAA-DEL,MAA,DEL,T+1,1,Air India,13760.75,16788,2026-08-20,True
2026-08-19,18,MAA-DEL,MAA,DEL,T+1,1,Air India,14140.65,17251,2026-08-20,True
2026-08-19,18,MAA-DEL,MAA,DEL,T+1,1,IndiGo,11029.2,13455,2026-08-20,True
2026-08-19,18,MAA-DEL,MAA,DEL,T+7,7,IndiGo,8016.06,9779,2026-08-26,False
2026-08-19,18,MAA-DEL,MAA,DEL,T+7,7,IndiGo,8076.94,9853,2026-08-26,False
2026-08-19,18,MAA-DEL,MAA,DEL,T+7,7,IndiGo,7723.25,9422,2026-08-26,False
2026-08-19,18,MAA-DEL,MAA,DEL,T+7,7,IndiGo,8287.99,10111,2026-08-26,False
2026-08-19,18,MAA-DEL,MAA,DEL,T+7,7,IndiGo,7914.18,9655,2026-08-26,False
2026-08-19,18,MAA-DEL,MAA,DEL,T+15,15,Air India,7233.97,8825,2026-09-03,False
2026-08-19,18,MAA-DEL,MAA,DEL,T+15,15,Air India,7168.57,8745,2026-09-03,False
2026-08-19,18,MAA-DEL,MAA,DEL,T+15,15,IndiGo,6007.53,7329,2026-09-03,False
2026-08-19,18,MAA-DEL,MAA,DEL,T+15,15,IndiGo,6176.69,7535,2026-09-03,False
2026-08-19,18,MAA-DEL,MAA,DEL,T+15,15,IndiGo,6131.59,7480,2026-09-03,False
2026-08-19,18,MAA-DEL,MAA,DEL,T+30,30,Air India,6161.99,7517,2026-09-18,False
2026-08-19,18,MAA-DEL,MAA,DEL,T+30,30,IndiGo,5160.59,6295,2026-09-18,False
2026-08-19,18,MAA-DEL,MAA,DEL,T+45,45,IndiGo,4759.85,5807,2026-10-03,False
2026-08-19,18,MAA-DEL,MAA,DEL,T+45,45,IndiGo,4979.65,6075,2026-10-03,False
2026-08-19,18,DEL-PNQ,DEL,PNQ,T+1,1,IndiGo,9072.78,11068,2026-08-20,True
2026-08-19,18,DEL-PNQ,DEL,PNQ,T+1,1,IndiGo,9343.35,11398,2026-08-20,True
2026-08-19,18,DEL-PNQ,DEL,PNQ,T+1,1,IndiGo,8589.27,10478,2026-08-20,True
2026-08-19,18,DEL-PNQ,DEL,PNQ,T+1,1,IndiGo,9078.43,11075,2026-08-20,True
2026-08-19,18,DEL-PNQ,DEL,PNQ,T+1,1,IndiGo,8681.81,10591,2026-08-20,True
2026-08-19,18,DEL-PNQ,DEL,PNQ,T+1,1,Air India,10094.0,12314,2026-08-20,True
2026-08-19,18,DEL-PNQ,DEL,PNQ,T+1,1,IndiGo,8794.94,10729,2026-08-20,True
2026-08-19,18,DEL-PNQ,DEL,PNQ,T+1,1,IndiGo,9405.22,11474,2026-08-20,True
2026-08-19,18,DEL-PNQ,DEL,PNQ,T+1,1,SpiceJet,8837.8,10782,2026-08-20,True
2026-08-19,18,DEL-PNQ,DEL,PNQ,T+1,1,IndiGo,9105.37,11108,2026-08-20,True
2026-08-19,18,DEL-PNQ,DEL,PNQ,T+1,1,Air India,10073.22,12289,2026-08-20,True
2026-08-19,18,DEL-PNQ,DEL,PNQ,T+1,1,IndiGo,8966.55,10939,2026-08-20,True
2026-08-19,18,DEL-PNQ,DEL,PNQ,T+1,1,IndiGo,9123.92,11131,2026-08-20,True
2026-08-19,18,DEL-PNQ,DEL,PNQ,T+1,1,Air India,10709.62,13065,2026-08-20,True
2026-08-19,18,DEL-PNQ,DEL,PNQ,T+7,7,Air India,7046.72,8596,2026-08-26,False
2026-08-19,18,DEL-PNQ,DEL,PNQ,T+7,7,IndiGo,6190.35,7552,2026-08-26,False
2026-08-19,18,DEL-PNQ,DEL,PNQ,T+7,7,IndiGo,6375.13,7777,2026-08-26,False
2026-08-19,18,DEL-PNQ,DEL,PNQ,T+7,7,IndiGo,6509.39,7941,2026-08-26,False
2026-08-19,18,DEL-PNQ,DEL,PNQ,T+7,7,IndiGo,5898.33,7195,2026-08-26,False
2026-08-19,18,DEL-PNQ,DEL,PNQ,T+15,15,IndiGo,4833.96,5897,2026-09-03,False
2026-08-19,18,DEL-PNQ,DEL,PNQ,T+15,15,Air India,5760.2,7027,2026-09-03,False
2026-08-19,18,DEL-PNQ,DEL,PNQ,T+15,15,Air India,5901.94,7200,2026-09-03,False
2026-08-19,18,DEL-PNQ,DEL,PNQ,T+15,15,Air India,5870.49,7161,2026-09-03,False
2026-08-19,18,DEL-PNQ,DEL,PNQ,T+15,15,IndiGo,4960.67,6052,2026-09-03,False
2026-08-19,18,DEL-PNQ,DEL,PNQ,T+30,30,IndiGo,4050.37,4941,2026-09-18,False
2026-08-19,18,DEL-PNQ,DEL,PNQ,T+30,30,IndiGo,3888.76,4744,2026-09-18,False
2026-08-19,18,DEL-PNQ,DEL,PNQ,T+45,45,IndiGo,3653.08,4456,2026-10-03,False
2026-08-19,18,DEL-PNQ,DEL,PNQ,T+45,45,IndiGo,3833.89,4677,2026-10-03,False
2026-08-20,19,DEL-BOM,DEL,BOM,T+1,1,Akasa Air,9931.07,12115,2026-08-21,True
2026-08-20,19,DEL-BOM,DEL,BOM,T+1,1,IndiGo,10021.2,12225,2026-08-21,True
2026-08-20,19,DEL-BOM,DEL,BOM,T+1,1,Akasa Air,9611.54,11726,2026-08-21,True
2026-08-20,19,DEL-BOM,DEL,BOM,T+1,1,Air India,11680.95,14250,2026-08-21,True
2026-08-20,19,DEL-BOM,DEL,BOM,T+1,1,IndiGo,9587.71,11697,2026-08-21,True
2026-08-20,19,DEL-BOM,DEL,BOM,T+1,1,IndiGo,9733.52,11874,2026-08-21,True
2026-08-20,19,DEL-BOM,DEL,BOM,T+1,1,IndiGo,10349.23,12626,2026-08-21,True
2026-08-20,19,DEL-BOM,DEL,BOM,T+1,1,IndiGo,9455.45,11535,2026-08-21,True
2026-08-20,19,DEL-BOM,DEL,BOM,T+1,1,IndiGo,10330.65,12603,2026-08-21,True
2026-08-20,19,DEL-BOM,DEL,BOM,T+1,1,IndiGo,9667.82,11794,2026-08-21,True
2026-08-20,19,DEL-BOM,DEL,BOM,T+1,1,IndiGo,10231.63,12482,2026-08-21,True
2026-08-20,19,DEL-BOM,DEL,BOM,T+1,1,IndiGo,9296.57,11341,2026-08-21,True
2026-08-20,19,DEL-BOM,DEL,BOM,T+1,1,Air India,11764.17,14352,2026-08-21,True
2026-08-20,19,DEL-BOM,DEL,BOM,T+1,1,IndiGo,9525.88,11621,2026-08-21,True
2026-08-20,19,DEL-BOM,DEL,BOM,T+7,7,IndiGo,6577.06,8024,2026-08-27,False
2026-08-20,19,DEL-BOM,DEL,BOM,T+7,7,IndiGo,6972.76,8506,2026-08-27,False
2026-08-20,19,DEL-BOM,DEL,BOM,T+7,7,IndiGo,7164.32,8740,2026-08-27,False
2026-08-20,19,DEL-BOM,DEL,BOM,T+7,7,Akasa Air,6503.14,7933,2026-08-27,False
2026-08-20,19,DEL-BOM,DEL,BOM,T+7,7,IndiGo,6556.78,7999,2026-08-27,False
2026-08-20,19,DEL-BOM,DEL,BOM,T+15,15,Air India,6187.31,7548,2026-09-04,False
2026-08-20,19,DEL-BOM,DEL,BOM,T+15,15,IndiGo,5248.98,6403,2026-09-04,False
2026-08-20,19,DEL-BOM,DEL,BOM,T+15,15,Air India,6326.39,7718,2026-09-04,False
2026-08-20,19,DEL-BOM,DEL,BOM,T+15,15,Air India,6413.57,7824,2026-09-04,False
2026-08-20,19,DEL-BOM,DEL,BOM,T+15,15,IndiGo,5254.14,6410,2026-09-04,False
2026-08-20,19,DEL-BOM,DEL,BOM,T+30,30,IndiGo,4806.02,5863,2026-09-19,False
2026-08-20,19,DEL-BOM,DEL,BOM,T+30,30,IndiGo,4548.35,5548,2026-09-19,False
2026-08-20,19,DEL-BOM,DEL,BOM,T+45,45,IndiGo,3962.86,4834,2026-10-04,False
2026-08-20,19,DEL-BOM,DEL,BOM,T+45,45,IndiGo,3785.23,4617,2026-10-04,False
2026-08-20,19,BOM-DEL,BOM,DEL,T+1,1,IndiGo,9688.14,11819,2026-08-21,True
2026-08-20,19,BOM-DEL,BOM,DEL,T+1,1,Air India,11392.06,13898,2026-08-21,True
2026-08-20,19,BOM-DEL,BOM,DEL,T+1,1,IndiGo,10106.67,12330,2026-08-21,True
2026-08-20,19,BOM-DEL,BOM,DEL,T+1,1,IndiGo,9936.3,12122,2026-08-21,True
2026-08-20,19,BOM-DEL,BOM,DEL,T+1,1,Air India,11051.94,13483,2026-08-21,True
2026-08-20,19,BOM-DEL,BOM,DEL,T+1,1,IndiGo,9836.98,12001,2026-08-21,True
2026-08-20,19,BOM-DEL,BOM,DEL,T+1,1,IndiGo,10007.84,12209,2026-08-21,True
2026-08-20,19,BOM-DEL,BOM,DEL,T+1,1,Air India,12144.3,14816,2026-08-21,True
2026-08-20,19,BOM-DEL,BOM,DEL,T+1,1,IndiGo,10081.76,12299,2026-08-21,True
2026-08-20,19,BOM-DEL,BOM,DEL,T+1,1,IndiGo,10038.41,12246,2026-08-21,True
2026-08-20,19,BOM-DEL,BOM,DEL,T+1,1,IndiGo,9798.59,11954,2026-08-21,True
2026-08-20,19,BOM-DEL,BOM,DEL,T+1,1,IndiGo,9910.92,12091,2026-08-21,True
2026-08-20,19,BOM-DEL,BOM,DEL,T+1,1,IndiGo,10205.65,12450,2026-08-21,True
2026-08-20,19,BOM-DEL,BOM,DEL,T+1,1,IndiGo,9321.91,11372,2026-08-21,True
2026-08-20,19,BOM-DEL,BOM,DEL,T+7,7,IndiGo,6835.2,8338,2026-08-27,False
2026-08-20,19,BOM-DEL,BOM,DEL,T+7,7,IndiGo,6732.72,8213,2026-08-27,False
2026-08-20,19,BOM-DEL,BOM,DEL,T+7,7,IndiGo,7011.66,8554,2026-08-27,False
2026-08-20,19,BOM-DEL,BOM,DEL,T+7,7,IndiGo,7217.79,8805,2026-08-27,False
2026-08-20,19,BOM-DEL,BOM,DEL,T+7,7,IndiGo,6775.25,8265,2026-08-27,False
2026-08-20,19,BOM-DEL,BOM,DEL,T+15,15,Air India,5687.96,6939,2026-09-04,False
2026-08-20,19,BOM-DEL,BOM,DEL,T+15,15,IndiGo,5189.13,6330,2026-09-04,False
2026-08-20,19,BOM-DEL,BOM,DEL,T+15,15,IndiGo,5433.42,6628,2026-09-04,False
2026-08-20,19,BOM-DEL,BOM,DEL,T+15,15,Air India,6324.07,7715,2026-09-04,False
2026-08-20,19,BOM-DEL,BOM,DEL,T+15,15,Air India,6300.29,7686,2026-09-04,False
2026-08-20,19,BOM-DEL,BOM,DEL,T+30,30,IndiGo,4468.71,5451,2026-09-19,False
2026-08-20,19,BOM-DEL,BOM,DEL,T+30,30,IndiGo,4310.91,5259,2026-09-19,False
2026-08-20,19,BOM-DEL,BOM,DEL,T+45,45,IndiGo,4083.85,4982,2026-10-04,False
2026-08-20,19,BOM-DEL,BOM,DEL,T+45,45,IndiGo,3894.36,4751,2026-10-04,False
2026-08-20,19,DEL-BLR,DEL,BLR,T+1,1,Air India,15272.62,18632,2026-08-21,True
2026-08-20,19,DEL-BLR,DEL,BLR,T+1,1,IndiGo,12274.8,14975,2026-08-21,True
2026-08-20,19,DEL-BLR,DEL,BLR,T+1,1,IndiGo,11789.92,14383,2026-08-21,True
2026-08-20,19,DEL-BLR,DEL,BLR,T+1,1,IndiGo,11776.97,14367,2026-08-21,True
2026-08-20,19,DEL-BLR,DEL,BLR,T+1,1,IndiGo,11995.34,14634,2026-08-21,True
2026-08-20,19,DEL-BLR,DEL,BLR,T+1,1,IndiGo,11933.61,14559,2026-08-21,True
2026-08-20,19,DEL-BLR,DEL,BLR,T+1,1,IndiGo,12504.91,15255,2026-08-21,True
2026-08-20,19,DEL-BLR,DEL,BLR,T+1,1,IndiGo,12113.01,14777,2026-08-21,True
2026-08-20,19,DEL-BLR,DEL,BLR,T+1,1,IndiGo,11726.33,14306,2026-08-21,True
2026-08-20,19,DEL-BLR,DEL,BLR,T+1,1,IndiGo,12830.76,15653,2026-08-21,True
2026-08-20,19,DEL-BLR,DEL,BLR,T+1,1,IndiGo,12055.26,14707,2026-08-21,True
2026-08-20,19,DEL-BLR,DEL,BLR,T+1,1,Akasa Air,11968.07,14601,2026-08-21,True
2026-08-20,19,DEL-BLR,DEL,BLR,T+1,1,IndiGo,11778.3,14369,2026-08-21,True
2026-08-20,19,DEL-BLR,DEL,BLR,T+1,1,IndiGo,12187.44,14868,2026-08-21,True
2026-08-20,19,DEL-BLR,DEL,BLR,T+7,7,IndiGo,8609.46,10503,2026-08-27,False
2026-08-20,19,DEL-BLR,DEL,BLR,T+7,7,Air India,9376.69,11439,2026-08-27,False
2026-08-20,19,DEL-BLR,DEL,BLR,T+7,7,Air India,10748.98,13113,2026-08-27,False
2026-08-20,19,DEL-BLR,DEL,BLR,T+7,7,IndiGo,8901.44,10859,2026-08-27,False
2026-08-20,19,DEL-BLR,DEL,BLR,T+7,7,IndiGo,8398.32,10245,2026-08-27,False
2026-08-20,19,DEL-BLR,DEL,BLR,T+15,15,IndiGo,6230.11,7600,2026-09-04,False
2026-08-20,19,DEL-BLR,DEL,BLR,T+15,15,SpiceJet,6213.73,7580,2026-09-04,False
2026-08-20,19,DEL-BLR,DEL,BLR,T+15,15,Air India,7662.89,9348,2026-09-04,False
2026-08-20,19,DEL-BLR,DEL,BLR,T+15,15,IndiGo,6560.78,8004,2026-09-04,False
2026-08-20,19,DEL-BLR,DEL,BLR,T+15,15,Air India,7690.94,9382,2026-09-04,False
2026-08-20,19,DEL-BLR,DEL,BLR,T+30,30,IndiGo,5652.8,6896,2026-09-19,False
2026-08-20,19,DEL-BLR,DEL,BLR,T+30,30,Air India,6880.03,8393,2026-09-19,False
2026-08-20,19,DEL-BLR,DEL,BLR,T+45,45,Air India,5936.47,7242,2026-10-04,False
2026-08-20,19,DEL-BLR,DEL,BLR,T+45,45,IndiGo,4755.84,5802,2026-10-04,False
2026-08-20,19,BOM-BLR,BOM,BLR,T+1,1,IndiGo,8077.27,9854,2026-08-21,True
2026-08-20,19,BOM-BLR,BOM,BLR,T+1,1,IndiGo,8152.29,9945,2026-08-21,True
2026-08-20,19,BOM-BLR,BOM,BLR,T+1,1,Air India,10091.95,12312,2026-08-21,True
2026-08-20,19,BOM-BLR,BOM,BLR,T+1,1,IndiGo,7406.44,9035,2026-08-21,True
2026-08-20,19,BOM-BLR,BOM,BLR,T+1,1,IndiGo,7775.14,9485,2026-08-21,True
2026-08-20,19,BOM-BLR,BOM,BLR,T+1,1,IndiGo,7147.77,8720,2026-08-21,True
2026-08-20,19,BOM-BLR,BOM,BLR,T+1,1,IndiGo,7858.86,9587,2026-08-21,True
2026-08-20,19,BOM-BLR,BOM,BLR,T+1,1,IndiGo,7561.67,9225,2026-08-21,True
2026-08-20,19,BOM-BLR,BOM,BLR,T+1,1,IndiGo,8228.61,10038,2026-08-21,True
2026-08-20,19,BOM-BLR,BOM,BLR,T+1,1,IndiGo,7500.58,9150,2026-08-21,True
2026-08-20,19,BOM-BLR,BOM,BLR,T+1,1,Air India,8551.84,10433,2026-08-21,True
2026-08-20,19,BOM-BLR,BOM,BLR,T+1,1,IndiGo,7582.43,9250,2026-08-21,True
2026-08-20,19,BOM-BLR,BOM,BLR,T+1,1,IndiGo,7176.54,8755,2026-08-21,True
2026-08-20,19,BOM-BLR,BOM,BLR,T+1,1,IndiGo,7912.27,9652,2026-08-21,True
2026-08-20,19,BOM-BLR,BOM,BLR,T+7,7,IndiGo,5061.67,6175,2026-08-27,False
2026-08-20,19,BOM-BLR,BOM,BLR,T+7,7,IndiGo,5461.46,6662,2026-08-27,False
2026-08-20,19,BOM-BLR,BOM,BLR,T+7,7,IndiGo,5059.24,6172,2026-08-27,False
2026-08-20,19,BOM-BLR,BOM,BLR,T+7,7,IndiGo,5394.86,6581,2026-08-27,False
2026-08-20,19,BOM-BLR,BOM,BLR,T+7,7,Air India,6802.34,8298,2026-08-27,False
2026-08-20,19,BOM-BLR,BOM,BLR,T+15,15,IndiGo,4203.72,5128,2026-09-04,False
2026-08-20,19,BOM-BLR,BOM,BLR,T+15,15,IndiGo,4025.86,4911,2026-09-04,False
2026-08-20,19,BOM-BLR,BOM,BLR,T+15,15,IndiGo,4146.79,5059,2026-09-04,False
2026-08-20,19,BOM-BLR,BOM,BLR,T+15,15,IndiGo,4153.94,5067,2026-09-04,False
2026-08-20,19,BOM-BLR,BOM,BLR,T+15,15,IndiGo,4219.99,5148,2026-09-04,False
2026-08-20,19,BOM-BLR,BOM,BLR,T+30,30,Air India,3994.33,4873,2026-09-19,False
2026-08-20,19,BOM-BLR,BOM,BLR,T+30,30,Air India,4282.02,5224,2026-09-19,False
2026-08-20,19,BOM-BLR,BOM,BLR,T+45,45,Air India,3375.95,4118,2026-10-04,False
2026-08-20,19,BOM-BLR,BOM,BLR,T+45,45,IndiGo,3093.18,3773,2026-10-04,False
2026-08-20,19,DEL-CCU,DEL,CCU,T+1,1,IndiGo,10719.88,13078,2026-08-21,True
2026-08-20,19,DEL-CCU,DEL,CCU,T+1,1,IndiGo,11148.01,13600,2026-08-21,True
2026-08-20,19,DEL-CCU,DEL,CCU,T+1,1,IndiGo,10914.9,13316,2026-08-21,True
2026-08-20,19,DEL-CCU,DEL,CCU,T+1,1,IndiGo,10369.73,12651,2026-08-21,True
2026-08-20,19,DEL-CCU,DEL,CCU,T+1,1,IndiGo,10530.27,12846,2026-08-21,True
2026-08-20,19,DEL-CCU,DEL,CCU,T+1,1,Air India,12947.32,15795,2026-08-21,True
2026-08-20,19,DEL-CCU,DEL,CCU,T+1,1,Air India,12822.32,15643,2026-08-21,True
2026-08-20,19,DEL-CCU,DEL,CCU,T+1,1,IndiGo,10685.2,13035,2026-08-21,True
2026-08-20,19,DEL-CCU,DEL,CCU,T+1,1,IndiGo,10722.72,13081,2026-08-21,True
2026-08-20,19,DEL-CCU,DEL,CCU,T+1,1,Air India,13171.2,16068,2026-08-21,True
2026-08-20,19,DEL-CCU,DEL,CCU,T+1,1,Air India,12624.93,15402,2026-08-21,True
2026-08-20,19,DEL-CCU,DEL,CCU,T+1,1,Air India,12818.26,15638,2026-08-21,True
2026-08-20,19,DEL-CCU,DEL,CCU,T+1,1,IndiGo,11734.57,14316,2026-08-21,True
2026-08-20,19,DEL-CCU,DEL,CCU,T+1,1,IndiGo,10362.81,12642,2026-08-21,True
2026-08-20,19,DEL-CCU,DEL,CCU,T+7,7,IndiGo,7218.02,8805,2026-08-27,False
2026-08-20,19,DEL-CCU,DEL,CCU,T+7,7,IndiGo,7929.95,9674,2026-08-27,False
2026-08-20,19,DEL-CCU,DEL,CCU,T+7,7,Air India,8883.31,10837,2026-08-27,False
2026-08-20,19,DEL-CCU,DEL,CCU,T+7,7,IndiGo,7632.31,9311,2026-08-27,False
2026-08-20,19,DEL-CCU,DEL,CCU,T+7,7,Air India,8850.66,10797,2026-08-27,False
2026-08-20,19,DEL-CCU,DEL,CCU,T+15,15,IndiGo,5819.2,7099,2026-09-04,False
2026-08-20,19,DEL-CCU,DEL,CCU,T+15,15,IndiGo,6201.17,7565,2026-09-04,False
2026-08-20,19,DEL-CCU,DEL,CCU,T+15,15,Air India,7117.86,8683,2026-09-04,False
2026-08-20,19,DEL-CCU,DEL,CCU,T+15,15,Air India,7132.42,8701,2026-09-04,False
2026-08-20,19,DEL-CCU,DEL,CCU,T+15,15,IndiGo,5581.51,6809,2026-09-04,False
2026-08-20,19,DEL-CCU,DEL,CCU,T+30,30,IndiGo,4830.85,5893,2026-09-19,False
2026-08-20,19,DEL-CCU,DEL,CCU,T+30,30,IndiGo,4533.48,5530,2026-09-19,False
2026-08-20,19,DEL-CCU,DEL,CCU,T+45,45,IndiGo,4347.61,5304,2026-10-04,False
2026-08-20,19,DEL-CCU,DEL,CCU,T+45,45,Air India,5451.67,6651,2026-10-04,False
2026-08-20,19,BLR-HYD,BLR,HYD,T+1,1,IndiGo,6126.12,7473,2026-08-21,True
2026-08-20,19,BLR-HYD,BLR,HYD,T+1,1,IndiGo,5970.6,7284,2026-08-21,True
2026-08-20,19,BLR-HYD,BLR,HYD,T+1,1,IndiGo,6012.55,7335,2026-08-21,True
2026-08-20,19,BLR-HYD,BLR,HYD,T+1,1,IndiGo,5872.17,7164,2026-08-21,True
2026-08-20,19,BLR-HYD,BLR,HYD,T+1,1,IndiGo,6060.37,7393,2026-08-21,True
2026-08-20,19,BLR-HYD,BLR,HYD,T+1,1,Air India,7284.18,8886,2026-08-21,True
2026-08-20,19,BLR-HYD,BLR,HYD,T+1,1,IndiGo,5676.94,6925,2026-08-21,True
2026-08-20,19,BLR-HYD,BLR,HYD,T+1,1,IndiGo,6080.35,7418,2026-08-21,True
2026-08-20,19,BLR-HYD,BLR,HYD,T+1,1,IndiGo,6213.62,7580,2026-08-21,True
2026-08-20,19,BLR-HYD,BLR,HYD,T+1,1,Air India,6990.95,8528,2026-08-21,True
2026-08-20,19,BLR-HYD,BLR,HYD,T+1,1,Air India,7267.99,8866,2026-08-21,True
2026-08-20,19,BLR-HYD,BLR,HYD,T+1,1,IndiGo,6610.02,8064,2026-08-21,True
2026-08-20,19,BLR-HYD,BLR,HYD,T+1,1,Air India,7068.11,8623,2026-08-21,True
2026-08-20,19,BLR-HYD,BLR,HYD,T+1,1,IndiGo,6100.08,7442,2026-08-21,True
2026-08-20,19,BLR-HYD,BLR,HYD,T+7,7,IndiGo,4148.36,5060,2026-08-27,False
2026-08-20,19,BLR-HYD,BLR,HYD,T+7,7,IndiGo,4285.37,5228,2026-08-27,False
2026-08-20,19,BLR-HYD,BLR,HYD,T+7,7,IndiGo,4326.96,5278,2026-08-27,False
2026-08-20,19,BLR-HYD,BLR,HYD,T+7,7,IndiGo,4287.4,5230,2026-08-27,False
2026-08-20,19,BLR-HYD,BLR,HYD,T+7,7,IndiGo,4106.38,5009,2026-08-27,False
2026-08-20,19,BLR-HYD,BLR,HYD,T+15,15,Air India,3847.45,4693,2026-09-04,False
2026-08-20,19,BLR-HYD,BLR,HYD,T+15,15,Air India,4015.34,4898,2026-09-04,False
2026-08-20,19,BLR-HYD,BLR,HYD,T+15,15,Air India,3879.84,4733,2026-09-04,False
2026-08-20,19,BLR-HYD,BLR,HYD,T+15,15,IndiGo,3349.15,4085,2026-09-04,False
2026-08-20,19,BLR-HYD,BLR,HYD,T+15,15,Air India,3788.17,4621,2026-09-04,False
2026-08-20,19,BLR-HYD,BLR,HYD,T+30,30,IndiGo,2850.08,3477,2026-09-19,False
2026-08-20,19,BLR-HYD,BLR,HYD,T+30,30,Air India,3306.16,4033,2026-09-19,False
2026-08-20,19,BLR-HYD,BLR,HYD,T+45,45,IndiGo,2386.45,2911,2026-10-04,False
2026-08-20,19,BLR-HYD,BLR,HYD,T+45,45,IndiGo,2496.13,3045,2026-10-04,False
2026-08-20,19,MAA-DEL,MAA,DEL,T+1,1,IndiGo,11072.25,13508,2026-08-21,True
2026-08-20,19,MAA-DEL,MAA,DEL,T+1,1,IndiGo,11216.3,13683,2026-08-21,True
2026-08-20,19,MAA-DEL,MAA,DEL,T+1,1,IndiGo,11546.39,14086,2026-08-21,True
2026-08-20,19,MAA-DEL,MAA,DEL,T+1,1,Air India,13663.66,16669,2026-08-21,True
2026-08-20,19,MAA-DEL,MAA,DEL,T+1,1,Air India,12960.1,15811,2026-08-21,True
2026-08-20,19,MAA-DEL,MAA,DEL,T+1,1,IndiGo,11893.51,14510,2026-08-21,True
2026-08-20,19,MAA-DEL,MAA,DEL,T+1,1,Akasa Air,11330.54,13823,2026-08-21,True
2026-08-20,19,MAA-DEL,MAA,DEL,T+1,1,IndiGo,11187.45,13648,2026-08-21,True
2026-08-20,19,MAA-DEL,MAA,DEL,T+1,1,IndiGo,10853.09,13240,2026-08-21,True
2026-08-20,19,MAA-DEL,MAA,DEL,T+1,1,IndiGo,11412.2,13922,2026-08-21,True
2026-08-20,19,MAA-DEL,MAA,DEL,T+1,1,Air India,13311.9,16240,2026-08-21,True
2026-08-20,19,MAA-DEL,MAA,DEL,T+1,1,IndiGo,11515.8,14049,2026-08-21,True
2026-08-20,19,MAA-DEL,MAA,DEL,T+1,1,IndiGo,11324.6,13816,2026-08-21,True
2026-08-20,19,MAA-DEL,MAA,DEL,T+1,1,IndiGo,10664.46,13010,2026-08-21,True
2026-08-20,19,MAA-DEL,MAA,DEL,T+7,7,IndiGo,8007.16,9768,2026-08-27,False
2026-08-20,19,MAA-DEL,MAA,DEL,T+7,7,IndiGo,8030.67,9797,2026-08-27,False
2026-08-20,19,MAA-DEL,MAA,DEL,T+7,7,IndiGo,8297.53,10122,2026-08-27,False
2026-08-20,19,MAA-DEL,MAA,DEL,T+7,7,Akasa Air,7669.05,9356,2026-08-27,False
2026-08-20,19,MAA-DEL,MAA,DEL,T+7,7,IndiGo,8594.43,10485,2026-08-27,False
2026-08-20,19,MAA-DEL,MAA,DEL,T+15,15,IndiGo,5763.11,7030,2026-09-04,False
2026-08-20,19,MAA-DEL,MAA,DEL,T+15,15,Air India,7615.76,9291,2026-09-04,False
2026-08-20,19,MAA-DEL,MAA,DEL,T+15,15,IndiGo,6127.87,7476,2026-09-04,False
2026-08-20,19,MAA-DEL,MAA,DEL,T+15,15,Akasa Air,6161.26,7516,2026-09-04,False
2026-08-20,19,MAA-DEL,MAA,DEL,T+15,15,Air India,7301.94,8908,2026-09-04,False
2026-08-20,19,MAA-DEL,MAA,DEL,T+30,30,IndiGo,5505.17,6716,2026-09-19,False
2026-08-20,19,MAA-DEL,MAA,DEL,T+30,30,IndiGo,5222.25,6371,2026-09-19,False
2026-08-20,19,MAA-DEL,MAA,DEL,T+45,45,IndiGo,4524.85,5520,2026-10-04,False
2026-08-20,19,MAA-DEL,MAA,DEL,T+45,45,IndiGo,4939.76,6026,2026-10-04,False
2026-08-20,19,DEL-PNQ,DEL,PNQ,T+1,1,Air India,10598.76,12930,2026-08-21,True
2026-08-20,19,DEL-PNQ,DEL,PNQ,T+1,1,IndiGo,9095.86,11096,2026-08-21,True
2026-08-20,19,DEL-PNQ,DEL,PNQ,T+1,1,IndiGo,9415.94,11487,2026-08-21,True
2026-08-20,19,DEL-PNQ,DEL,PNQ,T+1,1,IndiGo,8699.87,10613,2026-08-21,True
2026-08-20,19,DEL-PNQ,DEL,PNQ,T+1,1,IndiGo,9213.99,11241,2026-08-21,True
2026-08-20,19,DEL-PNQ,DEL,PNQ,T+1,1,IndiGo,8839.52,10784,2026-08-21,True
2026-08-20,19,DEL-PNQ,DEL,PNQ,T+1,1,IndiGo,8984.12,10960,2026-08-21,True
2026-08-20,19,DEL-PNQ,DEL,PNQ,T+1,1,IndiGo,9048.7,11039,2026-08-21,True
2026-08-20,19,DEL-PNQ,DEL,PNQ,T+1,1,IndiGo,8551.94,10433,2026-08-21,True
2026-08-20,19,DEL-PNQ,DEL,PNQ,T+1,1,IndiGo,8779.83,10711,2026-08-21,True
2026-08-20,19,DEL-PNQ,DEL,PNQ,T+1,1,IndiGo,9452.68,11532,2026-08-21,True
2026-08-20,19,DEL-PNQ,DEL,PNQ,T+1,1,SpiceJet,8816.04,10755,2026-08-21,True
2026-08-20,19,DEL-PNQ,DEL,PNQ,T+1,1,Air India,10617.7,12953,2026-08-21,True
2026-08-20,19,DEL-PNQ,DEL,PNQ,T+1,1,IndiGo,9102.67,11105,2026-08-21,True
2026-08-20,19,DEL-PNQ,DEL,PNQ,T+7,7,IndiGo,6321.76,7712,2026-08-27,False
2026-08-20,19,DEL-PNQ,DEL,PNQ,T+7,7,IndiGo,6690.82,8162,2026-08-27,False
2026-08-20,19,DEL-PNQ,DEL,PNQ,T+7,7,IndiGo,6342.75,7738,2026-08-27,False
2026-08-20,19,DEL-PNQ,DEL,PNQ,T+7,7,Air India,7591.68,9261,2026-08-27,False
2026-08-20,19,DEL-PNQ,DEL,PNQ,T+7,7,IndiGo,6643.75,8105,2026-08-27,False
2026-08-20,19,DEL-PNQ,DEL,PNQ,T+15,15,IndiGo,4727.85,5767,2026-09-04,False
2026-08-20,19,DEL-PNQ,DEL,PNQ,T+15,15,IndiGo,5125.24,6252,2026-09-04,False
2026-08-20,19,DEL-PNQ,DEL,PNQ,T+15,15,Air India,5422.86,6615,2026-09-04,False
2026-08-20,19,DEL-PNQ,DEL,PNQ,T+15,15,Air India,6056.6,7389,2026-09-04,False
2026-08-20,19,DEL-PNQ,DEL,PNQ,T+15,15,IndiGo,4796.69,5851,2026-09-04,False
2026-08-20,19,DEL-PNQ,DEL,PNQ,T+30,30,Akasa Air,3999.97,4879,2026-09-19,False
2026-08-20,19,DEL-PNQ,DEL,PNQ,T+30,30,IndiGo,3890.22,4746,2026-09-19,False
2026-08-20,19,DEL-PNQ,DEL,PNQ,T+45,45,IndiGo,3643.98,4445,2026-10-04,False
2026-08-20,19,DEL-PNQ,DEL,PNQ,T+45,45,IndiGo,3568.16,4353,2026-10-04,False
2026-08-21,20,DEL-BOM,DEL,BOM,T+1,1,Air India,11281.39,13763,2026-08-22,True
2026-08-21,20,DEL-BOM,DEL,BOM,T+1,1,IndiGo,9729.98,11870,2026-08-22,True
2026-08-21,20,DEL-BOM,DEL,BOM,T+1,1,IndiGo,10104.72,12327,2026-08-22,True
2026-08-21,20,DEL-BOM,DEL,BOM,T+1,1,IndiGo,9848.01,12014,2026-08-22,True
2026-08-21,20,DEL-BOM,DEL,BOM,T+1,1,IndiGo,9882.26,12056,2026-08-22,True
2026-08-21,20,DEL-BOM,DEL,BOM,T+1,1,IndiGo,9402.09,11470,2026-08-22,True
2026-08-21,20,DEL-BOM,DEL,BOM,T+1,1,IndiGo,9475.58,11560,2026-08-22,True
2026-08-21,20,DEL-BOM,DEL,BOM,T+1,1,Akasa Air,10064.3,12278,2026-08-22,True
2026-08-21,20,DEL-BOM,DEL,BOM,T+1,1,Air India,11229.93,13700,2026-08-22,True
2026-08-21,20,DEL-BOM,DEL,BOM,T+1,1,Akasa Air,10017.07,12220,2026-08-22,True
2026-08-21,20,DEL-BOM,DEL,BOM,T+1,1,Air India,11428.48,13942,2026-08-22,True
2026-08-21,20,DEL-BOM,DEL,BOM,T+1,1,Air India,11527.46,14063,2026-08-22,True
2026-08-21,20,DEL-BOM,DEL,BOM,T+1,1,IndiGo,10143.24,12374,2026-08-22,True
2026-08-21,20,DEL-BOM,DEL,BOM,T+1,1,Air India,12039.65,14688,2026-08-22,True
2026-08-21,20,DEL-BOM,DEL,BOM,T+7,7,Akasa Air,6674.6,8143,2026-08-28,False
2026-08-21,20,DEL-BOM,DEL,BOM,T+7,7,IndiGo,6825.07,8326,2026-08-28,False
2026-08-21,20,DEL-BOM,DEL,BOM,T+7,7,Air India,8141.27,9932,2026-08-28,False
2026-08-21,20,DEL-BOM,DEL,BOM,T+7,7,Air India,8253.73,10069,2026-08-28,False
2026-08-21,20,DEL-BOM,DEL,BOM,T+7,7,Akasa Air,6909.62,8429,2026-08-28,False
2026-08-21,20,DEL-BOM,DEL,BOM,T+15,15,IndiGo,5265.3,6423,2026-09-05,False
2026-08-21,20,DEL-BOM,DEL,BOM,T+15,15,IndiGo,5378.56,6561,2026-09-05,False
2026-08-21,20,DEL-BOM,DEL,BOM,T+15,15,IndiGo,5566.4,6791,2026-09-05,False
2026-08-21,20,DEL-BOM,DEL,BOM,T+15,15,IndiGo,5334.78,6508,2026-09-05,False
2026-08-21,20,DEL-BOM,DEL,BOM,T+15,15,IndiGo,5321.95,6492,2026-09-05,False
2026-08-21,20,DEL-BOM,DEL,BOM,T+30,30,IndiGo,4272.56,5212,2026-09-20,False
2026-08-21,20,DEL-BOM,DEL,BOM,T+30,30,IndiGo,4096.96,4998,2026-09-20,False
2026-08-21,20,DEL-BOM,DEL,BOM,T+45,45,SpiceJet,3851.61,4698,2026-10-05,False
2026-08-21,20,DEL-BOM,DEL,BOM,T+45,45,Air India,4713.14,5750,2026-10-05,False
2026-08-21,20,BOM-DEL,BOM,DEL,T+1,1,IndiGo,9600.82,11713,2026-08-22,True
2026-08-21,20,BOM-DEL,BOM,DEL,T+1,1,IndiGo,9860.31,12029,2026-08-22,True
2026-08-21,20,BOM-DEL,BOM,DEL,T+1,1,Akasa Air,9448.21,11526,2026-08-22,True
2026-08-21,20,BOM-DEL,BOM,DEL,T+1,1,IndiGo,10162.89,12398,2026-08-22,True
2026-08-21,20,BOM-DEL,BOM,DEL,T+1,1,IndiGo,9806.44,11963,2026-08-22,True
2026-08-21,20,BOM-DEL,BOM,DEL,T+1,1,Air India,11225.2,13694,2026-08-22,True
2026-08-21,20,BOM-DEL,BOM,DEL,T+1,1,IndiGo,10115.8,12341,2026-08-22,True
2026-08-21,20,BOM-DEL,BOM,DEL,T+1,1,IndiGo,9702.67,11837,2026-08-22,True
2026-08-21,20,BOM-DEL,BOM,DEL,T+1,1,Air India,11738.95,14321,2026-08-22,True
2026-08-21,20,BOM-DEL,BOM,DEL,T+1,1,Air India,11333.93,13827,2026-08-22,True
2026-08-21,20,BOM-DEL,BOM,DEL,T+1,1,IndiGo,9554.6,11656,2026-08-22,True
2026-08-21,20,BOM-DEL,BOM,DEL,T+1,1,Air India,11560.49,14103,2026-08-22,True
2026-08-21,20,BOM-DEL,BOM,DEL,T+1,1,IndiGo,9781.36,11933,2026-08-22,True
2026-08-21,20,BOM-DEL,BOM,DEL,T+1,1,IndiGo,9941.16,12128,2026-08-22,True
2026-08-21,20,BOM-DEL,BOM,DEL,T+7,7,Air India,8080.54,9858,2026-08-28,False
2026-08-21,20,BOM-DEL,BOM,DEL,T+7,7,IndiGo,6474.38,7898,2026-08-28,False
2026-08-21,20,BOM-DEL,BOM,DEL,T+7,7,Akasa Air,6599.1,8050,2026-08-28,False
2026-08-21,20,BOM-DEL,BOM,DEL,T+7,7,Air India,8383.88,10228,2026-08-28,False
2026-08-21,20,BOM-DEL,BOM,DEL,T+7,7,Air India,8072.34,9848,2026-08-28,False
2026-08-21,20,BOM-DEL,BOM,DEL,T+15,15,IndiGo,5219.12,6367,2026-09-05,False
2026-08-21,20,BOM-DEL,BOM,DEL,T+15,15,IndiGo,5446.27,6644,2026-09-05,False
2026-08-21,20,BOM-DEL,BOM,DEL,T+15,15,Air India,6051.93,7383,2026-09-05,False
2026-08-21,20,BOM-DEL,BOM,DEL,T+15,15,Air India,5871.45,7163,2026-09-05,False
2026-08-21,20,BOM-DEL,BOM,DEL,T+15,15,IndiGo,5234.93,6386,2026-09-05,False
2026-08-21,20,BOM-DEL,BOM,DEL,T+30,30,IndiGo,4435.98,5411,2026-09-20,False
2026-08-21,20,BOM-DEL,BOM,DEL,T+30,30,IndiGo,4359.84,5319,2026-09-20,False
2026-08-21,20,BOM-DEL,BOM,DEL,T+45,45,IndiGo,3986.44,4863,2026-10-05,False
2026-08-21,20,BOM-DEL,BOM,DEL,T+45,45,IndiGo,4080.07,4977,2026-10-05,False
2026-08-21,20,DEL-BLR,DEL,BLR,T+1,1,IndiGo,12029.28,14675,2026-08-22,True
2026-08-21,20,DEL-BLR,DEL,BLR,T+1,1,Air India,14338.93,17493,2026-08-22,True
2026-08-21,20,DEL-BLR,DEL,BLR,T+1,1,Air India,15086.91,18406,2026-08-22,True
2026-08-21,20,DEL-BLR,DEL,BLR,T+1,1,Air India,14016.25,17099,2026-08-22,True
2026-08-21,20,DEL-BLR,DEL,BLR,T+1,1,IndiGo,12150.42,14823,2026-08-22,True
2026-08-21,20,DEL-BLR,DEL,BLR,T+1,1,Air India,13933.66,16999,2026-08-22,True
2026-08-21,20,DEL-BLR,DEL,BLR,T+1,1,IndiGo,11676.74,14245,2026-08-22,True
2026-08-21,20,DEL-BLR,DEL,BLR,T+1,1,IndiGo,11786.85,14379,2026-08-22,True
2026-08-21,20,DEL-BLR,DEL,BLR,T+1,1,IndiGo,11831.56,14434,2026-08-22,True
2026-08-21,20,DEL-BLR,DEL,BLR,T+1,1,IndiGo,12184.59,14865,2026-08-22,True
2026-08-21,20,DEL-BLR,DEL,BLR,T+1,1,IndiGo,13022.54,15887,2026-08-22,True
2026-08-21,20,DEL-BLR,DEL,BLR,T+1,1,Akasa Air,11361.15,13860,2026-08-22,True
2026-08-21,20,DEL-BLR,DEL,BLR,T+1,1,Air India,13979.64,17055,2026-08-22,True
2026-08-21,20,DEL-BLR,DEL,BLR,T+1,1,Air India,14155.16,17269,2026-08-22,True
2026-08-21,20,DEL-BLR,DEL,BLR,T+7,7,IndiGo,8633.77,10533,2026-08-28,False
2026-08-21,20,DEL-BLR,DEL,BLR,T+7,7,Akasa Air,8322.95,10153,2026-08-28,False
2026-08-21,20,DEL-BLR,DEL,BLR,T+7,7,Air India,10490.9,12798,2026-08-28,False
2026-08-21,20,DEL-BLR,DEL,BLR,T+7,7,IndiGo,7792.61,9506,2026-08-28,False
2026-08-21,20,DEL-BLR,DEL,BLR,T+7,7,IndiGo,7804.37,9521,2026-08-28,False
2026-08-21,20,DEL-BLR,DEL,BLR,T+15,15,IndiGo,6366.96,7767,2026-09-05,False
2026-08-21,20,DEL-BLR,DEL,BLR,T+15,15,IndiGo,6728.26,8208,2026-09-05,False
2026-08-21,20,DEL-BLR,DEL,BLR,T+15,15,Air India,7220.29,8808,2026-09-05,False
2026-08-21,20,DEL-BLR,DEL,BLR,T+15,15,IndiGo,5797.34,7072,2026-09-05,False
2026-08-21,20,DEL-BLR,DEL,BLR,T+15,15,IndiGo,6608.94,8062,2026-09-05,False
2026-08-21,20,DEL-BLR,DEL,BLR,T+30,30,IndiGo,5601.14,6833,2026-09-20,False
2026-08-21,20,DEL-BLR,DEL,BLR,T+30,30,IndiGo,5341.86,6517,2026-09-20,False
2026-08-21,20,DEL-BLR,DEL,BLR,T+45,45,Air India,5619.35,6855,2026-10-05,False
2026-08-21,20,DEL-BLR,DEL,BLR,T+45,45,IndiGo,4769.14,5818,2026-10-05,False
2026-08-21,20,BOM-BLR,BOM,BLR,T+1,1,Akasa Air,7494.21,9142,2026-08-22,True
2026-08-21,20,BOM-BLR,BOM,BLR,T+1,1,Air India,8889.01,10844,2026-08-22,True
2026-08-21,20,BOM-BLR,BOM,BLR,T+1,1,IndiGo,7842.07,9567,2026-08-22,True
2026-08-21,20,BOM-BLR,BOM,BLR,T+1,1,Air India,8180.21,9979,2026-08-22,True
2026-08-21,20,BOM-BLR,BOM,BLR,T+1,1,IndiGo,7477.58,9122,2026-08-22,True
2026-08-21,20,BOM-BLR,BOM,BLR,T+1,1,IndiGo,7404.95,9034,2026-08-22,True
2026-08-21,20,BOM-BLR,BOM,BLR,T+1,1,IndiGo,7639.6,9320,2026-08-22,True
2026-08-21,20,BOM-BLR,BOM,BLR,T+1,1,IndiGo,7563.6,9227,2026-08-22,True
2026-08-21,20,BOM-BLR,BOM,BLR,T+1,1,IndiGo,7924.03,9667,2026-08-22,True
2026-08-21,20,BOM-BLR,BOM,BLR,T+1,1,IndiGo,7207.1,8792,2026-08-22,True
2026-08-21,20,BOM-BLR,BOM,BLR,T+1,1,IndiGo,7721.04,9419,2026-08-22,True
2026-08-21,20,BOM-BLR,BOM,BLR,T+1,1,IndiGo,7859.41,9588,2026-08-22,True
2026-08-21,20,BOM-BLR,BOM,BLR,T+1,1,IndiGo,8209.7,10015,2026-08-22,True
2026-08-21,20,BOM-BLR,BOM,BLR,T+1,1,IndiGo,7578.78,9246,2026-08-22,True
2026-08-21,20,BOM-BLR,BOM,BLR,T+7,7,IndiGo,5517.39,6731,2026-08-28,False
2026-08-21,20,BOM-BLR,BOM,BLR,T+7,7,IndiGo,5111.0,6235,2026-08-28,False
2026-08-21,20,BOM-BLR,BOM,BLR,T+7,7,IndiGo,4998.71,6098,2026-08-28,False
2026-08-21,20,BOM-BLR,BOM,BLR,T+7,7,Air India,6621.84,8078,2026-08-28,False
2026-08-21,20,BOM-BLR,BOM,BLR,T+7,7,IndiGo,5454.37,6654,2026-08-28,False
2026-08-21,20,BOM-BLR,BOM,BLR,T+15,15,Air India,5095.52,6216,2026-09-05,False
2026-08-21,20,BOM-BLR,BOM,BLR,T+15,15,IndiGo,3951.34,4820,2026-09-05,False
2026-08-21,20,BOM-BLR,BOM,BLR,T+15,15,IndiGo,4226.41,5156,2026-09-05,False
2026-08-21,20,BOM-BLR,BOM,BLR,T+15,15,IndiGo,4422.38,5395,2026-09-05,False
2026-08-21,20,BOM-BLR,BOM,BLR,T+15,15,IndiGo,4211.85,5138,2026-09-05,False
2026-08-21,20,BOM-BLR,BOM,BLR,T+30,30,IndiGo,3592.33,4382,2026-09-20,False
2026-08-21,20,BOM-BLR,BOM,BLR,T+30,30,IndiGo,3558.96,4341,2026-09-20,False
2026-08-21,20,BOM-BLR,BOM,BLR,T+45,45,IndiGo,2988.69,3646,2026-10-05,False
2026-08-21,20,BOM-BLR,BOM,BLR,T+45,45,IndiGo,3312.62,4041,2026-10-05,False
2026-08-21,20,DEL-CCU,DEL,CCU,T+1,1,IndiGo,10671.93,13019,2026-08-22,True
2026-08-21,20,DEL-CCU,DEL,CCU,T+1,1,IndiGo,11097.63,13539,2026-08-22,True
2026-08-21,20,DEL-CCU,DEL,CCU,T+1,1,IndiGo,10308.51,12576,2026-08-22,True
2026-08-21,20,DEL-CCU,DEL,CCU,T+1,1,Akasa Air,10124.75,12352,2026-08-22,True
2026-08-21,20,DEL-CCU,DEL,CCU,T+1,1,IndiGo,11452.82,13972,2026-08-22,True
2026-08-21,20,DEL-CCU,DEL,CCU,T+1,1,Air India,12700.24,15494,2026-08-22,True
2026-08-21,20,DEL-CCU,DEL,CCU,T+1,1,IndiGo,11459.77,13980,2026-08-22,True
2026-08-21,20,DEL-CCU,DEL,CCU,T+1,1,IndiGo,10875.22,13267,2026-08-22,True
2026-08-21,20,DEL-CCU,DEL,CCU,T+1,1,SpiceJet,9665.12,11791,2026-08-22,True
2026-08-21,20,DEL-CCU,DEL,CCU,T+1,1,Air India,13257.93,16174,2026-08-22,True
2026-08-21,20,DEL-CCU,DEL,CCU,T+1,1,IndiGo,10679.93,13029,2026-08-22,True
2026-08-21,20,DEL-CCU,DEL,CCU,T+1,1,Air India,13170.91,16068,2026-08-22,True
2026-08-21,20,DEL-CCU,DEL,CCU,T+1,1,Air India,12867.86,15698,2026-08-22,True
2026-08-21,20,DEL-CCU,DEL,CCU,T+1,1,IndiGo,10316.11,12585,2026-08-22,True
2026-08-21,20,DEL-CCU,DEL,CCU,T+7,7,IndiGo,7761.82,9469,2026-08-28,False
2026-08-21,20,DEL-CCU,DEL,CCU,T+7,7,IndiGo,8310.67,10139,2026-08-28,False
2026-08-21,20,DEL-CCU,DEL,CCU,T+7,7,IndiGo,7850.6,9577,2026-08-28,False
2026-08-21,20,DEL-CCU,DEL,CCU,T+7,7,Air India,9080.14,11077,2026-08-28,False
2026-08-21,20,DEL-CCU,DEL,CCU,T+7,7,IndiGo,8007.9,9769,2026-08-28,False
2026-08-21,20,DEL-CCU,DEL,CCU,T+15,15,Air India,6973.78,8508,2026-09-05,False
2026-08-21,20,DEL-CCU,DEL,CCU,T+15,15,IndiGo,5915.03,7216,2026-09-05,False
2026-08-21,20,DEL-CCU,DEL,CCU,T+15,15,IndiGo,5647.62,6890,2026-09-05,False
2026-08-21,20,DEL-CCU,DEL,CCU,T+15,15,IndiGo,5920.03,7222,2026-09-05,False
2026-08-21,20,DEL-CCU,DEL,CCU,T+15,15,IndiGo,6084.77,7423,2026-09-05,False
2026-08-21,20,DEL-CCU,DEL,CCU,T+30,30,IndiGo,4885.84,5960,2026-09-20,False
2026-08-21,20,DEL-CCU,DEL,CCU,T+30,30,IndiGo,5284.05,6446,2026-09-20,False
2026-08-21,20,DEL-CCU,DEL,CCU,T+45,45,Air India,5257.54,6414,2026-10-05,False
2026-08-21,20,DEL-CCU,DEL,CCU,T+45,45,IndiGo,4334.87,5288,2026-10-05,False
2026-08-21,20,BLR-HYD,BLR,HYD,T+1,1,IndiGo,6226.68,7596,2026-08-22,True
2026-08-21,20,BLR-HYD,BLR,HYD,T+1,1,IndiGo,5956.2,7266,2026-08-22,True
2026-08-21,20,BLR-HYD,BLR,HYD,T+1,1,Air India,7281.81,8883,2026-08-22,True
2026-08-21,20,BLR-HYD,BLR,HYD,T+1,1,Akasa Air,5767.1,7035,2026-08-22,True
2026-08-21,20,BLR-HYD,BLR,HYD,T+1,1,IndiGo,6004.0,7324,2026-08-22,True
2026-08-21,20,BLR-HYD,BLR,HYD,T+1,1,IndiGo,6120.53,7467,2026-08-22,True
2026-08-21,20,BLR-HYD,BLR,HYD,T+1,1,IndiGo,6077.85,7414,2026-08-22,True
2026-08-21,20,BLR-HYD,BLR,HYD,T+1,1,IndiGo,5596.38,6827,2026-08-22,True
2026-08-21,20,BLR-HYD,BLR,HYD,T+1,1,Air India,6814.89,8314,2026-08-22,True
2026-08-21,20,BLR-HYD,BLR,HYD,T+1,1,IndiGo,6212.31,7579,2026-08-22,True
2026-08-21,20,BLR-HYD,BLR,HYD,T+1,1,Air India,7060.45,8613,2026-08-22,True
2026-08-21,20,BLR-HYD,BLR,HYD,T+1,1,IndiGo,5906.31,7205,2026-08-22,True
2026-08-21,20,BLR-HYD,BLR,HYD,T+1,1,Air India,6755.97,8242,2026-08-22,True
2026-08-21,20,BLR-HYD,BLR,HYD,T+1,1,Air India,6825.19,8326,2026-08-22,True
2026-08-21,20,BLR-HYD,BLR,HYD,T+7,7,IndiGo,3956.6,4827,2026-08-28,False
2026-08-21,20,BLR-HYD,BLR,HYD,T+7,7,IndiGo,4242.81,5176,2026-08-28,False
2026-08-21,20,BLR-HYD,BLR,HYD,T+7,7,IndiGo,4168.72,5085,2026-08-28,False
2026-08-21,20,BLR-HYD,BLR,HYD,T+7,7,IndiGo,4113.85,5018,2026-08-28,False
2026-08-21,20,BLR-HYD,BLR,HYD,T+7,7,IndiGo,4247.75,5182,2026-08-28,False
2026-08-21,20,BLR-HYD,BLR,HYD,T+15,15,Air India,3868.1,4719,2026-09-05,False
2026-08-21,20,BLR-HYD,BLR,HYD,T+15,15,IndiGo,3477.05,4242,2026-09-05,False
2026-08-21,20,BLR-HYD,BLR,HYD,T+15,15,IndiGo,3068.27,3743,2026-09-05,False
2026-08-21,20,BLR-HYD,BLR,HYD,T+15,15,IndiGo,3371.17,4112,2026-09-05,False
2026-08-21,20,BLR-HYD,BLR,HYD,T+15,15,Air India,3949.53,4818,2026-09-05,False
2026-08-21,20,BLR-HYD,BLR,HYD,T+30,30,IndiGo,2701.17,3295,2026-09-20,False
2026-08-21,20,BLR-HYD,BLR,HYD,T+30,30,IndiGo,2796.64,3411,2026-09-20,False
2026-08-21,20,BLR-HYD,BLR,HYD,T+45,45,IndiGo,2428.81,2963,2026-10-05,False
2026-08-21,20,BLR-HYD,BLR,HYD,T+45,45,IndiGo,2484.39,3030,2026-10-05,False
2026-08-21,20,MAA-DEL,MAA,DEL,T+1,1,IndiGo,12074.93,14731,2026-08-22,True
2026-08-21,20,MAA-DEL,MAA,DEL,T+1,1,IndiGo,11712.24,14288,2026-08-22,True
2026-08-21,20,MAA-DEL,MAA,DEL,T+1,1,IndiGo,11673.3,14241,2026-08-22,True
2026-08-21,20,MAA-DEL,MAA,DEL,T+1,1,IndiGo,11296.4,13781,2026-08-22,True
2026-08-21,20,MAA-DEL,MAA,DEL,T+1,1,IndiGo,10873.41,13265,2026-08-22,True
2026-08-21,20,MAA-DEL,MAA,DEL,T+1,1,Air India,13422.85,16375,2026-08-22,True
2026-08-21,20,MAA-DEL,MAA,DEL,T+1,1,IndiGo,11953.5,14583,2026-08-22,True
2026-08-21,20,MAA-DEL,MAA,DEL,T+1,1,IndiGo,10856.1,13244,2026-08-22,True
2026-08-21,20,MAA-DEL,MAA,DEL,T+1,1,Akasa Air,10696.8,13050,2026-08-22,True
2026-08-21,20,MAA-DEL,MAA,DEL,T+1,1,IndiGo,11519.83,14054,2026-08-22,True
2026-08-21,20,MAA-DEL,MAA,DEL,T+1,1,IndiGo,11073.88,13510,2026-08-22,True
2026-08-21,20,MAA-DEL,MAA,DEL,T+1,1,IndiGo,11151.0,13604,2026-08-22,True
2026-08-21,20,MAA-DEL,MAA,DEL,T+1,1,Air India,13321.04,16251,2026-08-22,True
2026-08-21,20,MAA-DEL,MAA,DEL,T+1,1,Air India,12875.23,15707,2026-08-22,True
2026-08-21,20,MAA-DEL,MAA,DEL,T+7,7,Akasa Air,7592.32,9262,2026-08-28,False
2026-08-21,20,MAA-DEL,MAA,DEL,T+7,7,Air India,9804.66,11961,2026-08-28,False
2026-08-21,20,MAA-DEL,MAA,DEL,T+7,7,IndiGo,7745.22,9449,2026-08-28,False
2026-08-21,20,MAA-DEL,MAA,DEL,T+7,7,IndiGo,7662.69,9348,2026-08-28,False
2026-08-21,20,MAA-DEL,MAA,DEL,T+7,7,IndiGo,7937.64,9683,2026-08-28,False
2026-08-21,20,MAA-DEL,MAA,DEL,T+15,15,IndiGo,6333.9,7727,2026-09-05,False
2026-08-21,20,MAA-DEL,MAA,DEL,T+15,15,Air India,7230.63,8821,2026-09-05,False
2026-08-21,20,MAA-DEL,MAA,DEL,T+15,15,IndiGo,6075.27,7411,2026-09-05,False
2026-08-21,20,MAA-DEL,MAA,DEL,T+15,15,IndiGo,6185.28,7546,2026-09-05,False
2026-08-21,20,MAA-DEL,MAA,DEL,T+15,15,IndiGo,5798.36,7073,2026-09-05,False
2026-08-21,20,MAA-DEL,MAA,DEL,T+30,30,Air India,6348.75,7745,2026-09-20,False
2026-08-21,20,MAA-DEL,MAA,DEL,T+30,30,IndiGo,5364.49,6544,2026-09-20,False
2026-08-21,20,MAA-DEL,MAA,DEL,T+45,45,IndiGo,4637.88,5658,2026-10-05,False
2026-08-21,20,MAA-DEL,MAA,DEL,T+45,45,IndiGo,4870.95,5942,2026-10-05,False
2026-08-21,20,DEL-PNQ,DEL,PNQ,T+1,1,IndiGo,8668.75,10575,2026-08-22,True
2026-08-21,20,DEL-PNQ,DEL,PNQ,T+1,1,Air India,11059.91,13493,2026-08-22,True
2026-08-21,20,DEL-PNQ,DEL,PNQ,T+1,1,IndiGo,9073.7,11069,2026-08-22,True
2026-08-21,20,DEL-PNQ,DEL,PNQ,T+1,1,IndiGo,8918.59,10880,2026-08-22,True
2026-08-21,20,DEL-PNQ,DEL,PNQ,T+1,1,IndiGo,9018.62,11002,2026-08-22,True
2026-08-21,20,DEL-PNQ,DEL,PNQ,T+1,1,IndiGo,8991.01,10969,2026-08-22,True
2026-08-21,20,DEL-PNQ,DEL,PNQ,T+1,1,IndiGo,9410.35,11480,2026-08-22,True
2026-08-21,20,DEL-PNQ,DEL,PNQ,T+1,1,Air India,10238.93,12491,2026-08-22,True
2026-08-21,20,DEL-PNQ,DEL,PNQ,T+1,1,IndiGo,8784.04,10716,2026-08-22,True
2026-08-21,20,DEL-PNQ,DEL,PNQ,T+1,1,Air India,11025.79,13451,2026-08-22,True
2026-08-21,20,DEL-PNQ,DEL,PNQ,T+1,1,Air India,10418.1,12710,2026-08-22,True
2026-08-21,20,DEL-PNQ,DEL,PNQ,T+1,1,IndiGo,9309.35,11357,2026-08-22,True
2026-08-21,20,DEL-PNQ,DEL,PNQ,T+1,1,IndiGo,9561.7,11665,2026-08-22,True
2026-08-21,20,DEL-PNQ,DEL,PNQ,T+1,1,Akasa Air,8616.99,10512,2026-08-22,True
2026-08-21,20,DEL-PNQ,DEL,PNQ,T+7,7,IndiGo,6539.16,7977,2026-08-28,False
2026-08-21,20,DEL-PNQ,DEL,PNQ,T+7,7,IndiGo,6128.95,7477,2026-08-28,False
2026-08-21,20,DEL-PNQ,DEL,PNQ,T+7,7,IndiGo,6555.56,7997,2026-08-28,False
2026-08-21,20,DEL-PNQ,DEL,PNQ,T+7,7,Akasa Air,6228.33,7598,2026-08-28,False
2026-08-21,20,DEL-PNQ,DEL,PNQ,T+7,7,Air India,7654.42,9338,2026-08-28,False
2026-08-21,20,DEL-PNQ,DEL,PNQ,T+15,15,IndiGo,4749.76,5794,2026-09-05,False
2026-08-21,20,DEL-PNQ,DEL,PNQ,T+15,15,IndiGo,4577.03,5583,2026-09-05,False
2026-08-21,20,DEL-PNQ,DEL,PNQ,T+15,15,IndiGo,4945.15,6033,2026-09-05,False
2026-08-21,20,DEL-PNQ,DEL,PNQ,T+15,15,IndiGo,4508.61,5500,2026-09-05,False
2026-08-21,20,DEL-PNQ,DEL,PNQ,T+15,15,IndiGo,4805.58,5862,2026-09-05,False
2026-08-21,20,DEL-PNQ,DEL,PNQ,T+30,30,IndiGo,4302.55,5249,2026-09-20,False
2026-08-21,20,DEL-PNQ,DEL,PNQ,T+30,30,IndiGo,4193.31,5115,2026-09-20,False
2026-08-21,20,DEL-PNQ,DEL,PNQ,T+45,45,IndiGo,3955.0,4825,2026-10-05,False
2026-08-21,20,DEL-PNQ,DEL,PNQ,T+45,45,IndiGo,3835.36,4679,2026-10-05,False
2026-08-22,21,DEL-BOM,DEL,BOM,T+1,1,IndiGo,9554.45,11656,2026-08-23,True
2026-08-22,21,DEL-BOM,DEL,BOM,T+1,1,Air India,11539.05,14077,2026-08-23,True
2026-08-22,21,DEL-BOM,DEL,BOM,T+1,1,IndiGo,9762.03,11909,2026-08-23,True
2026-08-22,21,DEL-BOM,DEL,BOM,T+1,1,IndiGo,9236.76,11268,2026-08-23,True
2026-08-22,21,DEL-BOM,DEL,BOM,T+1,1,IndiGo,9456.4,11536,2026-08-23,True
2026-08-22,21,DEL-BOM,DEL,BOM,T+1,1,IndiGo,9586.33,11695,2026-08-23,True
2026-08-22,21,DEL-BOM,DEL,BOM,T+1,1,IndiGo,9081.37,11079,2026-08-23,True
2026-08-22,21,DEL-BOM,DEL,BOM,T+1,1,Air India,11547.19,14087,2026-08-23,True
2026-08-22,21,DEL-BOM,DEL,BOM,T+1,1,Air India,11427.54,13941,2026-08-23,True
2026-08-22,21,DEL-BOM,DEL,BOM,T+1,1,IndiGo,9205.71,11230,2026-08-23,True
2026-08-22,21,DEL-BOM,DEL,BOM,T+1,1,IndiGo,9916.58,12098,2026-08-23,True
2026-08-22,21,DEL-BOM,DEL,BOM,T+1,1,IndiGo,10023.24,12228,2026-08-23,True
2026-08-22,21,DEL-BOM,DEL,BOM,T+1,1,Air India,11619.64,14175,2026-08-23,True
2026-08-22,21,DEL-BOM,DEL,BOM,T+1,1,Akasa Air,9362.05,11421,2026-08-23,True
2026-08-22,21,DEL-BOM,DEL,BOM,T+7,7,IndiGo,7063.23,8617,2026-08-29,False
2026-08-22,21,DEL-BOM,DEL,BOM,T+7,7,IndiGo,7084.73,8643,2026-08-29,False
2026-08-22,21,DEL-BOM,DEL,BOM,T+7,7,IndiGo,6994.44,8533,2026-08-29,False
2026-08-22,21,DEL-BOM,DEL,BOM,T+7,7,IndiGo,6720.26,8198,2026-08-29,False
2026-08-22,21,DEL-BOM,DEL,BOM,T+7,7,IndiGo,6986.98,8524,2026-08-29,False
2026-08-22,21,DEL-BOM,DEL,BOM,T+15,15,IndiGo,5485.51,6692,2026-09-06,False
2026-08-22,21,DEL-BOM,DEL,BOM,T+15,15,IndiGo,5155.26,6289,2026-09-06,False
2026-08-22,21,DEL-BOM,DEL,BOM,T+15,15,IndiGo,5651.82,6895,2026-09-06,False
2026-08-22,21,DEL-BOM,DEL,BOM,T+15,15,IndiGo,5168.34,6305,2026-09-06,False
2026-08-22,21,DEL-BOM,DEL,BOM,T+15,15,IndiGo,5271.18,6430,2026-09-06,False
2026-08-22,21,DEL-BOM,DEL,BOM,T+30,30,IndiGo,4406.81,5376,2026-09-21,False
2026-08-22,21,DEL-BOM,DEL,BOM,T+30,30,Air India,5362.21,6541,2026-09-21,False
2026-08-22,21,DEL-BOM,DEL,BOM,T+45,45,IndiGo,3766.97,4595,2026-10-06,False
2026-08-22,21,DEL-BOM,DEL,BOM,T+45,45,IndiGo,3934.92,4800,2026-10-06,False
2026-08-22,21,BOM-DEL,BOM,DEL,T+1,1,IndiGo,9404.47,11473,2026-08-23,True
2026-08-22,21,BOM-DEL,BOM,DEL,T+1,1,IndiGo,9824.56,11985,2026-08-23,True
2026-08-22,21,BOM-DEL,BOM,DEL,T+1,1,IndiGo,10118.58,12344,2026-08-23,True
2026-08-22,21,BOM-DEL,BOM,DEL,T+1,1,Air India,11788.68,14382,2026-08-23,True
2026-08-22,21,BOM-DEL,BOM,DEL,T+1,1,Air India,10571.11,12896,2026-08-23,True
2026-08-22,21,BOM-DEL,BOM,DEL,T+1,1,Air India,12351.97,15069,2026-08-23,True
2026-08-22,21,BOM-DEL,BOM,DEL,T+1,1,Air India,11647.17,14209,2026-08-23,True
2026-08-22,21,BOM-DEL,BOM,DEL,T+1,1,IndiGo,9512.49,11605,2026-08-23,True
2026-08-22,21,BOM-DEL,BOM,DEL,T+1,1,Air India,11591.43,14141,2026-08-23,True
2026-08-22,21,BOM-DEL,BOM,DEL,T+1,1,Air India,11599.12,14150,2026-08-23,True
2026-08-22,21,BOM-DEL,BOM,DEL,T+1,1,IndiGo,9550.02,11651,2026-08-23,True
2026-08-22,21,BOM-DEL,BOM,DEL,T+1,1,Air India,11607.89,14161,2026-08-23,True
2026-08-22,21,BOM-DEL,BOM,DEL,T+1,1,IndiGo,9570.34,11675,2026-08-23,True
2026-08-22,21,BOM-DEL,BOM,DEL,T+1,1,IndiGo,9639.85,11760,2026-08-23,True
2026-08-22,21,BOM-DEL,BOM,DEL,T+7,7,IndiGo,6753.77,8239,2026-08-29,False
2026-08-22,21,BOM-DEL,BOM,DEL,T+7,7,IndiGo,6572.99,8019,2026-08-29,False
2026-08-22,21,BOM-DEL,BOM,DEL,T+7,7,IndiGo,6955.31,8485,2026-08-29,False
2026-08-22,21,BOM-DEL,BOM,DEL,T+7,7,IndiGo,7061.74,8615,2026-08-29,False
2026-08-22,21,BOM-DEL,BOM,DEL,T+7,7,IndiGo,7044.69,8594,2026-08-29,False
2026-08-22,21,BOM-DEL,BOM,DEL,T+15,15,IndiGo,5416.3,6607,2026-09-06,False
2026-08-22,21,BOM-DEL,BOM,DEL,T+15,15,IndiGo,5324.98,6496,2026-09-06,False
2026-08-22,21,BOM-DEL,BOM,DEL,T+15,15,IndiGo,5167.03,6303,2026-09-06,False
2026-08-22,21,BOM-DEL,BOM,DEL,T+15,15,IndiGo,5419.94,6612,2026-09-06,False
2026-08-22,21,BOM-DEL,BOM,DEL,T+15,15,IndiGo,5015.04,6118,2026-09-06,False
2026-08-22,21,BOM-DEL,BOM,DEL,T+30,30,IndiGo,4370.77,5332,2026-09-21,False
2026-08-22,21,BOM-DEL,BOM,DEL,T+30,30,Air India,5141.07,6272,2026-09-21,False
2026-08-22,21,BOM-DEL,BOM,DEL,T+45,45,Air India,4908.23,5988,2026-10-06,False
2026-08-22,21,BOM-DEL,BOM,DEL,T+45,45,IndiGo,4143.96,5055,2026-10-06,False
2026-08-22,21,DEL-BLR,DEL,BLR,T+1,1,IndiGo,12240.02,14932,2026-08-23,True
2026-08-22,21,DEL-BLR,DEL,BLR,T+1,1,IndiGo,12486.27,15233,2026-08-23,True
2026-08-22,21,DEL-BLR,DEL,BLR,T+1,1,IndiGo,11664.39,14230,2026-08-23,True
2026-08-22,21,DEL-BLR,DEL,BLR,T+1,1,IndiGo,12181.59,14861,2026-08-23,True
2026-08-22,21,DEL-BLR,DEL,BLR,T+1,1,Air India,14126.19,17233,2026-08-23,True
2026-08-22,21,DEL-BLR,DEL,BLR,T+1,1,SpiceJet,11739.3,14321,2026-08-23,True
2026-08-22,21,DEL-BLR,DEL,BLR,T+1,1,IndiGo,11986.22,14623,2026-08-23,True
2026-08-22,21,DEL-BLR,DEL,BLR,T+1,1,Air India,13997.19,17076,2026-08-23,True
2026-08-22,21,DEL-BLR,DEL,BLR,T+1,1,IndiGo,12262.6,14960,2026-08-23,True
2026-08-22,21,DEL-BLR,DEL,BLR,T+1,1,Air India,14623.44,17840,2026-08-23,True
2026-08-22,21,DEL-BLR,DEL,BLR,T+1,1,Akasa Air,11382.08,13886,2026-08-23,True
2026-08-22,21,DEL-BLR,DEL,BLR,T+1,1,IndiGo,12009.03,14651,2026-08-23,True
2026-08-22,21,DEL-BLR,DEL,BLR,T+1,1,Air India,13662.73,16668,2026-08-23,True
2026-08-22,21,DEL-BLR,DEL,BLR,T+1,1,IndiGo,10982.53,13398,2026-08-23,True
2026-08-22,21,DEL-BLR,DEL,BLR,T+7,7,IndiGo,8576.66,10463,2026-08-29,False
2026-08-22,21,DEL-BLR,DEL,BLR,T+7,7,IndiGo,8698.41,10612,2026-08-29,False
2026-08-22,21,DEL-BLR,DEL,BLR,T+7,7,Air India,10133.08,12362,2026-08-29,False
2026-08-22,21,DEL-BLR,DEL,BLR,T+7,7,Air India,9355.84,11414,2026-08-29,False
2026-08-22,21,DEL-BLR,DEL,BLR,T+7,7,Air India,9917.68,12099,2026-08-29,False
2026-08-22,21,DEL-BLR,DEL,BLR,T+15,15,IndiGo,5977.11,7292,2026-09-06,False
2026-08-22,21,DEL-BLR,DEL,BLR,T+15,15,Air India,8006.13,9767,2026-09-06,False
2026-08-22,21,DEL-BLR,DEL,BLR,T+15,15,IndiGo,6233.93,7605,2026-09-06,False
2026-08-22,21,DEL-BLR,DEL,BLR,T+15,15,Air India,7975.57,9730,2026-09-06,False
2026-08-22,21,DEL-BLR,DEL,BLR,T+15,15,IndiGo,6694.79,8167,2026-09-06,False
2026-08-22,21,DEL-BLR,DEL,BLR,T+30,30,Air India,6342.06,7737,2026-09-21,False
2026-08-22,21,DEL-BLR,DEL,BLR,T+30,30,IndiGo,5334.28,6507,2026-09-21,False
2026-08-22,21,DEL-BLR,DEL,BLR,T+45,45,IndiGo,4997.88,6097,2026-10-06,False
2026-08-22,21,DEL-BLR,DEL,BLR,T+45,45,Air India,5648.85,6891,2026-10-06,False
2026-08-22,21,BOM-BLR,BOM,BLR,T+1,1,IndiGo,7737.42,9439,2026-08-23,True
2026-08-22,21,BOM-BLR,BOM,BLR,T+1,1,Akasa Air,7340.13,8954,2026-08-23,True
2026-08-22,21,BOM-BLR,BOM,BLR,T+1,1,IndiGo,7229.14,8819,2026-08-23,True
2026-08-22,21,BOM-BLR,BOM,BLR,T+1,1,Air India,8379.83,10223,2026-08-23,True
2026-08-22,21,BOM-BLR,BOM,BLR,T+1,1,IndiGo,7770.94,9480,2026-08-23,True
2026-08-22,21,BOM-BLR,BOM,BLR,T+1,1,IndiGo,7558.23,9221,2026-08-23,True
2026-08-22,21,BOM-BLR,BOM,BLR,T+1,1,IndiGo,7560.52,9223,2026-08-23,True
2026-08-22,21,BOM-BLR,BOM,BLR,T+1,1,IndiGo,7897.54,9634,2026-08-23,True
2026-08-22,21,BOM-BLR,BOM,BLR,T+1,1,Akasa Air,7772.94,9482,2026-08-23,True
2026-08-22,21,BOM-BLR,BOM,BLR,T+1,1,IndiGo,7636.22,9316,2026-08-23,True
2026-08-22,21,BOM-BLR,BOM,BLR,T+1,1,IndiGo,7617.86,9293,2026-08-23,True
2026-08-22,21,BOM-BLR,BOM,BLR,T+1,1,IndiGo,7844.73,9570,2026-08-23,True
2026-08-22,21,BOM-BLR,BOM,BLR,T+1,1,IndiGo,7343.61,8959,2026-08-23,True
2026-08-22,21,BOM-BLR,BOM,BLR,T+1,1,Air India,9160.4,11175,2026-08-23,True
2026-08-22,21,BOM-BLR,BOM,BLR,T+7,7,Air India,6556.76,7999,2026-08-29,False
2026-08-22,21,BOM-BLR,BOM,BLR,T+7,7,IndiGo,5586.04,6814,2026-08-29,False
2026-08-22,21,BOM-BLR,BOM,BLR,T+7,7,IndiGo,5086.29,6205,2026-08-29,False
2026-08-22,21,BOM-BLR,BOM,BLR,T+7,7,IndiGo,5310.75,6479,2026-08-29,False
2026-08-22,21,BOM-BLR,BOM,BLR,T+7,7,IndiGo,5288.42,6451,2026-08-29,False
2026-08-22,21,BOM-BLR,BOM,BLR,T+15,15,IndiGo,4165.93,5082,2026-09-06,False
2026-08-22,21,BOM-BLR,BOM,BLR,T+15,15,IndiGo,4221.26,5149,2026-09-06,False
2026-08-22,21,BOM-BLR,BOM,BLR,T+15,15,IndiGo,4368.88,5330,2026-09-06,False
2026-08-22,21,BOM-BLR,BOM,BLR,T+15,15,Air India,4809.51,5867,2026-09-06,False
2026-08-22,21,BOM-BLR,BOM,BLR,T+15,15,IndiGo,4079.12,4976,2026-09-06,False
2026-08-22,21,BOM-BLR,BOM,BLR,T+30,30,IndiGo,3701.54,4515,2026-09-21,False
2026-08-22,21,BOM-BLR,BOM,BLR,T+30,30,Air India,4238.66,5171,2026-09-21,False
2026-08-22,21,BOM-BLR,BOM,BLR,T+45,45,IndiGo,3303.32,4030,2026-10-06,False
2026-08-22,21,BOM-BLR,BOM,BLR,T+45,45,IndiGo,3194.94,3897,2026-10-06,False
2026-08-22,21,DEL-CCU,DEL,CCU,T+1,1,IndiGo,10464.8,12767,2026-08-23,True
2026-08-22,21,DEL-CCU,DEL,CCU,T+1,1,IndiGo,10397.61,12685,2026-08-23,True
2026-08-22,21,DEL-CCU,DEL,CCU,T+1,1,IndiGo,10314.24,12583,2026-08-23,True
2026-08-22,21,DEL-CCU,DEL,CCU,T+1,1,IndiGo,11159.22,13614,2026-08-23,True
2026-08-22,21,DEL-CCU,DEL,CCU,T+1,1,IndiGo,11360.22,13859,2026-08-23,True
2026-08-22,21,DEL-CCU,DEL,CCU,T+1,1,Air India,13690.47,16702,2026-08-23,True
2026-08-22,21,DEL-CCU,DEL,CCU,T+1,1,SpiceJet,10637.37,12977,2026-08-23,True
2026-08-22,21,DEL-CCU,DEL,CCU,T+1,1,IndiGo,11350.39,13847,2026-08-23,True
2026-08-22,21,DEL-CCU,DEL,CCU,T+1,1,IndiGo,10685.09,13035,2026-08-23,True
2026-08-22,21,DEL-CCU,DEL,CCU,T+1,1,IndiGo,10465.06,12767,2026-08-23,True
2026-08-22,21,DEL-CCU,DEL,CCU,T+1,1,Air India,13240.76,16153,2026-08-23,True
2026-08-22,21,DEL-CCU,DEL,CCU,T+1,1,Air India,13046.16,15916,2026-08-23,True
2026-08-22,21,DEL-CCU,DEL,CCU,T+1,1,IndiGo,10947.51,13355,2026-08-23,True
2026-08-22,21,DEL-CCU,DEL,CCU,T+1,1,IndiGo,11054.37,13486,2026-08-23,True
2026-08-22,21,DEL-CCU,DEL,CCU,T+7,7,Akasa Air,7559.26,9222,2026-08-29,False
2026-08-22,21,DEL-CCU,DEL,CCU,T+7,7,Air India,9508.52,11600,2026-08-29,False
2026-08-22,21,DEL-CCU,DEL,CCU,T+7,7,Air India,9512.08,11604,2026-08-29,False
2026-08-22,21,DEL-CCU,DEL,CCU,T+7,7,Air India,9272.97,11313,2026-08-29,False
2026-08-22,21,DEL-CCU,DEL,CCU,T+7,7,IndiGo,7946.94,9695,2026-08-29,False
2026-08-22,21,DEL-CCU,DEL,CCU,T+15,15,IndiGo,5978.39,7293,2026-09-06,False
2026-08-22,21,DEL-CCU,DEL,CCU,T+15,15,Air India,6811.89,8310,2026-09-06,False
2026-08-22,21,DEL-CCU,DEL,CCU,T+15,15,IndiGo,6028.24,7354,2026-09-06,False
2026-08-22,21,DEL-CCU,DEL,CCU,T+15,15,IndiGo,5586.1,6815,2026-09-06,False
2026-08-22,21,DEL-CCU,DEL,CCU,T+15,15,Air India,7179.03,8758,2026-09-06,False
2026-08-22,21,DEL-CCU,DEL,CCU,T+30,30,IndiGo,4823.32,5884,2026-09-21,False
2026-08-22,21,DEL-CCU,DEL,CCU,T+30,30,IndiGo,5084.12,6202,2026-09-21,False
2026-08-22,21,DEL-CCU,DEL,CCU,T+45,45,IndiGo,4342.1,5297,2026-10-06,False
2026-08-22,21,DEL-CCU,DEL,CCU,T+45,45,Air India,5377.33,6560,2026-10-06,False
2026-08-22,21,BLR-HYD,BLR,HYD,T+1,1,IndiGo,6010.23,7332,2026-08-23,True
2026-08-22,21,BLR-HYD,BLR,HYD,T+1,1,IndiGo,5681.51,6931,2026-08-23,True
2026-08-22,21,BLR-HYD,BLR,HYD,T+1,1,IndiGo,6105.98,7449,2026-08-23,True
2026-08-22,21,BLR-HYD,BLR,HYD,T+1,1,Air India,6950.68,8479,2026-08-23,True
2026-08-22,21,BLR-HYD,BLR,HYD,T+1,1,IndiGo,6202.96,7567,2026-08-23,True
2026-08-22,21,BLR-HYD,BLR,HYD,T+1,1,Air India,7094.5,8655,2026-08-23,True
2026-08-22,21,BLR-HYD,BLR,HYD,T+1,1,Air India,7192.35,8774,2026-08-23,True
2026-08-22,21,BLR-HYD,BLR,HYD,T+1,1,IndiGo,5815.71,7095,2026-08-23,True
2026-08-22,21,BLR-HYD,BLR,HYD,T+1,1,IndiGo,5893.26,7189,2026-08-23,True
2026-08-22,21,BLR-HYD,BLR,HYD,T+1,1,IndiGo,5920.79,7223,2026-08-23,True
2026-08-22,21,BLR-HYD,BLR,HYD,T+1,1,IndiGo,6197.81,7561,2026-08-23,True
2026-08-22,21,BLR-HYD,BLR,HYD,T+1,1,IndiGo,6370.65,7772,2026-08-23,True
2026-08-22,21,BLR-HYD,BLR,HYD,T+1,1,IndiGo,5847.8,7134,2026-08-23,True
2026-08-22,21,BLR-HYD,BLR,HYD,T+1,1,IndiGo,6244.17,7617,2026-08-23,True
2026-08-22,21,BLR-HYD,BLR,HYD,T+7,7,IndiGo,3935.07,4800,2026-08-29,False
2026-08-22,21,BLR-HYD,BLR,HYD,T+7,7,IndiGo,4080.46,4978,2026-08-29,False
2026-08-22,21,BLR-HYD,BLR,HYD,T+7,7,IndiGo,4115.55,5020,2026-08-29,False
2026-08-22,21,BLR-HYD,BLR,HYD,T+7,7,IndiGo,4056.87,4949,2026-08-29,False
2026-08-22,21,BLR-HYD,BLR,HYD,T+7,7,Air India,4742.23,5785,2026-08-29,False
2026-08-22,21,BLR-HYD,BLR,HYD,T+15,15,Air India,3875.16,4727,2026-09-06,False
2026-08-22,21,BLR-HYD,BLR,HYD,T+15,15,IndiGo,3215.85,3923,2026-09-06,False
2026-08-22,21,BLR-HYD,BLR,HYD,T+15,15,Air India,3870.66,4722,2026-09-06,False
2026-08-22,21,BLR-HYD,BLR,HYD,T+15,15,IndiGo,3318.43,4048,2026-09-06,False
2026-08-22,21,BLR-HYD,BLR,HYD,T+15,15,IndiGo,3270.25,3989,2026-09-06,False
2026-08-22,21,BLR-HYD,BLR,HYD,T+30,30,IndiGo,2841.19,3466,2026-09-21,False
2026-08-22,21,BLR-HYD,BLR,HYD,T+30,30,IndiGo,2770.49,3379,2026-09-21,False
2026-08-22,21,BLR-HYD,BLR,HYD,T+45,45,IndiGo,2366.11,2886,2026-10-06,False
2026-08-22,21,BLR-HYD,BLR,HYD,T+45,45,IndiGo,2560.07,3123,2026-10-06,False
2026-08-22,21,MAA-DEL,MAA,DEL,T+1,1,IndiGo,11234.12,13705,2026-08-23,True
2026-08-22,21,MAA-DEL,MAA,DEL,T+1,1,IndiGo,11095.01,13535,2026-08-23,True
2026-08-22,21,MAA-DEL,MAA,DEL,T+1,1,IndiGo,11399.2,13907,2026-08-23,True
2026-08-22,21,MAA-DEL,MAA,DEL,T+1,1,IndiGo,11104.16,13547,2026-08-23,True
2026-08-22,21,MAA-DEL,MAA,DEL,T+1,1,IndiGo,11303.04,13789,2026-08-23,True
2026-08-22,21,MAA-DEL,MAA,DEL,T+1,1,IndiGo,11608.76,14162,2026-08-23,True
2026-08-22,21,MAA-DEL,MAA,DEL,T+1,1,Air India,13688.14,16699,2026-08-23,True
2026-08-22,21,MAA-DEL,MAA,DEL,T+1,1,IndiGo,11110.17,13554,2026-08-23,True
2026-08-22,21,MAA-DEL,MAA,DEL,T+1,1,Air India,13292.43,16216,2026-08-23,True
2026-08-22,21,MAA-DEL,MAA,DEL,T+1,1,IndiGo,11901.94,14520,2026-08-23,True
2026-08-22,21,MAA-DEL,MAA,DEL,T+1,1,IndiGo,11669.92,14237,2026-08-23,True
2026-08-22,21,MAA-DEL,MAA,DEL,T+1,1,IndiGo,12303.71,15010,2026-08-23,True
2026-08-22,21,MAA-DEL,MAA,DEL,T+1,1,IndiGo,11944.42,14572,2026-08-23,True
2026-08-22,21,MAA-DEL,MAA,DEL,T+1,1,Air India,14064.88,17159,2026-08-23,True
2026-08-22,21,MAA-DEL,MAA,DEL,T+7,7,IndiGo,7723.36,9422,2026-08-29,False
2026-08-22,21,MAA-DEL,MAA,DEL,T+7,7,IndiGo,8334.7,10168,2026-08-29,False
2026-08-22,21,MAA-DEL,MAA,DEL,T+7,7,Air India,9552.52,11654,2026-08-29,False
2026-08-22,21,MAA-DEL,MAA,DEL,T+7,7,IndiGo,7961.13,9712,2026-08-29,False
2026-08-22,21,MAA-DEL,MAA,DEL,T+7,7,IndiGo,8165.41,9961,2026-08-29,False
2026-08-22,21,MAA-DEL,MAA,DEL,T+15,15,IndiGo,6380.83,7784,2026-09-06,False
2026-08-22,21,MAA-DEL,MAA,DEL,T+15,15,IndiGo,6284.76,7667,2026-09-06,False
2026-08-22,21,MAA-DEL,MAA,DEL,T+15,15,Air India,7057.87,8610,2026-09-06,False
2026-08-22,21,MAA-DEL,MAA,DEL,T+15,15,IndiGo,6336.99,7731,2026-09-06,False
2026-08-22,21,MAA-DEL,MAA,DEL,T+15,15,IndiGo,6038.66,7367,2026-09-06,False
2026-08-22,21,MAA-DEL,MAA,DEL,T+30,30,Air India,6288.84,7672,2026-09-21,False
2026-08-22,21,MAA-DEL,MAA,DEL,T+30,30,IndiGo,5237.93,6390,2026-09-21,False
2026-08-22,21,MAA-DEL,MAA,DEL,T+45,45,Air India,5505.51,6716,2026-10-06,False
2026-08-22,21,MAA-DEL,MAA,DEL,T+45,45,IndiGo,4832.1,5895,2026-10-06,False
2026-08-22,21,DEL-PNQ,DEL,PNQ,T+1,1,IndiGo,8697.46,10610,2026-08-23,True
2026-08-22,21,DEL-PNQ,DEL,PNQ,T+1,1,Akasa Air,9336.14,11390,2026-08-23,True
2026-08-22,21,DEL-PNQ,DEL,PNQ,T+1,1,IndiGo,8450.76,10309,2026-08-23,True
2026-08-22,21,DEL-PNQ,DEL,PNQ,T+1,1,IndiGo,8837.26,10781,2026-08-23,True
2026-08-22,21,DEL-PNQ,DEL,PNQ,T+1,1,Air India,10779.14,13150,2026-08-23,True
2026-08-22,21,DEL-PNQ,DEL,PNQ,T+1,1,Air India,10858.88,13247,2026-08-23,True
2026-08-22,21,DEL-PNQ,DEL,PNQ,T+1,1,IndiGo,8994.33,10973,2026-08-23,True
2026-08-22,21,DEL-PNQ,DEL,PNQ,T+1,1,IndiGo,9007.94,10989,2026-08-23,True
2026-08-22,21,DEL-PNQ,DEL,PNQ,T+1,1,IndiGo,9155.77,11170,2026-08-23,True
2026-08-22,21,DEL-PNQ,DEL,PNQ,T+1,1,IndiGo,8953.07,10922,2026-08-23,True
2026-08-22,21,DEL-PNQ,DEL,PNQ,T+1,1,Akasa Air,9167.26,11184,2026-08-23,True
2026-08-22,21,DEL-PNQ,DEL,PNQ,T+1,1,Akasa Air,8997.82,10977,2026-08-23,True
2026-08-22,21,DEL-PNQ,DEL,PNQ,T+1,1,IndiGo,9301.8,11348,2026-08-23,True
2026-08-22,21,DEL-PNQ,DEL,PNQ,T+1,1,Air India,10281.42,12543,2026-08-23,True
2026-08-22,21,DEL-PNQ,DEL,PNQ,T+7,7,IndiGo,6369.93,7771,2026-08-29,False
2026-08-22,21,DEL-PNQ,DEL,PNQ,T+7,7,IndiGo,6320.5,7711,2026-08-29,False
2026-08-22,21,DEL-PNQ,DEL,PNQ,T+7,7,IndiGo,6162.86,7518,2026-08-29,False
2026-08-22,21,DEL-PNQ,DEL,PNQ,T+7,7,IndiGo,6468.2,7891,2026-08-29,False
2026-08-22,21,DEL-PNQ,DEL,PNQ,T+7,7,IndiGo,6267.48,7646,2026-08-29,False
2026-08-22,21,DEL-PNQ,DEL,PNQ,T+15,15,IndiGo,4971.68,6065,2026-09-06,False
2026-08-22,21,DEL-PNQ,DEL,PNQ,T+15,15,Air India,5515.29,6728,2026-09-06,False
2026-08-22,21,DEL-PNQ,DEL,PNQ,T+15,15,IndiGo,5152.61,6286,2026-09-06,False
2026-08-22,21,DEL-PNQ,DEL,PNQ,T+15,15,IndiGo,4707.72,5743,2026-09-06,False
2026-08-22,21,DEL-PNQ,DEL,PNQ,T+15,15,IndiGo,4897.5,5974,2026-09-06,False
2026-08-22,21,DEL-PNQ,DEL,PNQ,T+30,30,IndiGo,4281.34,5223,2026-09-21,False
2026-08-22,21,DEL-PNQ,DEL,PNQ,T+30,30,IndiGo,4082.67,4980,2026-09-21,False
2026-08-22,21,DEL-PNQ,DEL,PNQ,T+45,45,Air India,4495.9,5484,2026-10-06,False
2026-08-22,21,DEL-PNQ,DEL,PNQ,T+45,45,Air India,4177.83,5096,2026-10-06,False
2026-08-23,22,DEL-BOM,DEL,BOM,T+1,1,IndiGo,10279.36,12540,2026-08-24,True
2026-08-23,22,DEL-BOM,DEL,BOM,T+1,1,IndiGo,9787.03,11940,2026-08-24,True
2026-08-23,22,DEL-BOM,DEL,BOM,T+1,1,IndiGo,9577.99,11685,2026-08-24,True
2026-08-23,22,DEL-BOM,DEL,BOM,T+1,1,IndiGo,9679.76,11809,2026-08-24,True
2026-08-23,22,DEL-BOM,DEL,BOM,T+1,1,IndiGo,10059.14,12272,2026-08-24,True
2026-08-23,22,DEL-BOM,DEL,BOM,T+1,1,SpiceJet,9077.76,11074,2026-08-24,True
2026-08-23,22,DEL-BOM,DEL,BOM,T+1,1,IndiGo,9525.63,11621,2026-08-24,True
2026-08-23,22,DEL-BOM,DEL,BOM,T+1,1,IndiGo,9706.34,11841,2026-08-24,True
2026-08-23,22,DEL-BOM,DEL,BOM,T+1,1,IndiGo,9379.22,11442,2026-08-24,True
2026-08-23,22,DEL-BOM,DEL,BOM,T+1,1,SpiceJet,9857.84,12026,2026-08-24,True
2026-08-23,22,DEL-BOM,DEL,BOM,T+1,1,IndiGo,9588.27,11697,2026-08-24,True
2026-08-23,22,DEL-BOM,DEL,BOM,T+1,1,IndiGo,10066.91,12281,2026-08-24,True
2026-08-23,22,DEL-BOM,DEL,BOM,T+1,1,Air India,11617.24,14173,2026-08-24,True
2026-08-23,22,DEL-BOM,DEL,BOM,T+1,1,IndiGo,9445.11,11523,2026-08-24,True
2026-08-23,22,DEL-BOM,DEL,BOM,T+7,7,Air India,8159.89,9955,2026-08-30,False
2026-08-23,22,DEL-BOM,DEL,BOM,T+7,7,IndiGo,7112.74,8677,2026-08-30,False
2026-08-23,22,DEL-BOM,DEL,BOM,T+7,7,IndiGo,6877.16,8390,2026-08-30,False
2026-08-23,22,DEL-BOM,DEL,BOM,T+7,7,IndiGo,7211.87,8798,2026-08-30,False
2026-08-23,22,DEL-BOM,DEL,BOM,T+7,7,Air India,8453.39,10313,2026-08-30,False
2026-08-23,22,DEL-BOM,DEL,BOM,T+15,15,Air India,6409.63,7819,2026-09-07,False
2026-08-23,22,DEL-BOM,DEL,BOM,T+15,15,IndiGo,5182.59,6322,2026-09-07,False
2026-08-23,22,DEL-BOM,DEL,BOM,T+15,15,Akasa Air,4908.21,5988,2026-09-07,False
2026-08-23,22,DEL-BOM,DEL,BOM,T+15,15,IndiGo,5154.21,6288,2026-09-07,False
2026-08-23,22,DEL-BOM,DEL,BOM,T+15,15,IndiGo,5303.51,6470,2026-09-07,False
2026-08-23,22,DEL-BOM,DEL,BOM,T+30,30,Air India,5424.46,6617,2026-09-22,False
2026-08-23,22,DEL-BOM,DEL,BOM,T+30,30,Akasa Air,4039.97,4928,2026-09-22,False
2026-08-23,22,DEL-BOM,DEL,BOM,T+45,45,IndiGo,4012.07,4894,2026-10-07,False
2026-08-23,22,DEL-BOM,DEL,BOM,T+45,45,IndiGo,4035.41,4923,2026-10-07,False
2026-08-23,22,BOM-DEL,BOM,DEL,T+1,1,SpiceJet,9177.31,11196,2026-08-24,True
2026-08-23,22,BOM-DEL,BOM,DEL,T+1,1,IndiGo,10224.29,12473,2026-08-24,True
2026-08-23,22,BOM-DEL,BOM,DEL,T+1,1,IndiGo,9926.6,12110,2026-08-24,True
2026-08-23,22,BOM-DEL,BOM,DEL,T+1,1,IndiGo,10230.77,12481,2026-08-24,True
2026-08-23,22,BOM-DEL,BOM,DEL,T+1,1,Air India,11445.51,13963,2026-08-24,True
2026-08-23,22,BOM-DEL,BOM,DEL,T+1,1,IndiGo,10103.16,12325,2026-08-24,True
2026-08-23,22,BOM-DEL,BOM,DEL,T+1,1,Air India,12192.67,14875,2026-08-24,True
2026-08-23,22,BOM-DEL,BOM,DEL,T+1,1,Air India,12062.14,14715,2026-08-24,True
2026-08-23,22,BOM-DEL,BOM,DEL,T+1,1,IndiGo,9408.26,11478,2026-08-24,True
2026-08-23,22,BOM-DEL,BOM,DEL,T+1,1,IndiGo,9695.34,11828,2026-08-24,True
2026-08-23,22,BOM-DEL,BOM,DEL,T+1,1,IndiGo,9664.01,11790,2026-08-24,True
2026-08-23,22,BOM-DEL,BOM,DEL,T+1,1,Air India,11730.17,14310,2026-08-24,True
2026-08-23,22,BOM-DEL,BOM,DEL,T+1,1,IndiGo,10017.18,12220,2026-08-24,True
2026-08-23,22,BOM-DEL,BOM,DEL,T+1,1,IndiGo,9494.97,11583,2026-08-24,True
2026-08-23,22,BOM-DEL,BOM,DEL,T+7,7,IndiGo,6939.22,8465,2026-08-30,False
2026-08-23,22,BOM-DEL,BOM,DEL,T+7,7,IndiGo,6433.36,7848,2026-08-30,False
2026-08-23,22,BOM-DEL,BOM,DEL,T+7,7,IndiGo,7272.16,8872,2026-08-30,False
2026-08-23,22,BOM-DEL,BOM,DEL,T+7,7,IndiGo,6798.63,8294,2026-08-30,False
2026-08-23,22,BOM-DEL,BOM,DEL,T+7,7,IndiGo,6936.31,8462,2026-08-30,False
2026-08-23,22,BOM-DEL,BOM,DEL,T+15,15,Air India,6142.61,7493,2026-09-07,False
2026-08-23,22,BOM-DEL,BOM,DEL,T+15,15,IndiGo,5478.61,6683,2026-09-07,False
2026-08-23,22,BOM-DEL,BOM,DEL,T+15,15,IndiGo,4744.22,5787,2026-09-07,False
2026-08-23,22,BOM-DEL,BOM,DEL,T+15,15,Air India,6206.3,7571,2026-09-07,False
2026-08-23,22,BOM-DEL,BOM,DEL,T+15,15,Air India,6186.91,7548,2026-09-07,False
2026-08-23,22,BOM-DEL,BOM,DEL,T+30,30,Air India,5238.27,6390,2026-09-22,False
2026-08-23,22,BOM-DEL,BOM,DEL,T+30,30,Air India,5644.37,6886,2026-09-22,False
2026-08-23,22,BOM-DEL,BOM,DEL,T+45,45,IndiGo,3888.57,4744,2026-10-07,False
2026-08-23,22,BOM-DEL,BOM,DEL,T+45,45,Air India,4859.17,5928,2026-10-07,False
2026-08-23,22,DEL-BLR,DEL,BLR,T+1,1,Air India,14371.06,17532,2026-08-24,True
2026-08-23,22,DEL-BLR,DEL,BLR,T+1,1,IndiGo,12571.2,15336,2026-08-24,True
2026-08-23,22,DEL-BLR,DEL,BLR,T+1,1,Air India,13862.62,16912,2026-08-24,True
2026-08-23,22,DEL-BLR,DEL,BLR,T+1,1,IndiGo,11730.75,14311,2026-08-24,True
2026-08-23,22,DEL-BLR,DEL,BLR,T+1,1,IndiGo,12501.49,15251,2026-08-24,True
2026-08-23,22,DEL-BLR,DEL,BLR,T+1,1,Air India,14405.37,17574,2026-08-24,True
2026-08-23,22,DEL-BLR,DEL,BLR,T+1,1,IndiGo,11388.6,13894,2026-08-24,True
2026-08-23,22,DEL-BLR,DEL,BLR,T+1,1,IndiGo,11812.36,14411,2026-08-24,True
2026-08-23,22,DEL-BLR,DEL,BLR,T+1,1,IndiGo,12202.43,14886,2026-08-24,True
2026-08-23,22,DEL-BLR,DEL,BLR,T+1,1,Air India,14610.27,17824,2026-08-24,True
2026-08-23,22,DEL-BLR,DEL,BLR,T+1,1,IndiGo,11753.4,14339,2026-08-24,True
2026-08-23,22,DEL-BLR,DEL,BLR,T+1,1,Air India,12746.29,15550,2026-08-24,True
2026-08-23,22,DEL-BLR,DEL,BLR,T+1,1,IndiGo,12260.1,14957,2026-08-24,True
2026-08-23,22,DEL-BLR,DEL,BLR,T+1,1,Air India,13587.83,16577,2026-08-24,True
2026-08-23,22,DEL-BLR,DEL,BLR,T+7,7,Air India,9335.79,11389,2026-08-30,False
2026-08-23,22,DEL-BLR,DEL,BLR,T+7,7,IndiGo,7675.71,9364,2026-08-30,False
2026-08-23,22,DEL-BLR,DEL,BLR,T+7,7,IndiGo,8763.08,10690,2026-08-30,False
2026-08-23,22,DEL-BLR,DEL,BLR,T+7,7,IndiGo,8558.7,10441,2026-08-30,False
2026-08-23,22,DEL-BLR,DEL,BLR,T+7,7,IndiGo,8453.05,10312,2026-08-30,False
2026-08-23,22,DEL-BLR,DEL,BLR,T+15,15,Air India,8014.53,9777,2026-09-07,False
2026-08-23,22,DEL-BLR,DEL,BLR,T+15,15,IndiGo,6627.48,8085,2026-09-07,False
2026-08-23,22,DEL-BLR,DEL,BLR,T+15,15,IndiGo,6849.61,8356,2026-09-07,False
2026-08-23,22,DEL-BLR,DEL,BLR,T+15,15,IndiGo,6166.86,7523,2026-09-07,False
2026-08-23,22,DEL-BLR,DEL,BLR,T+15,15,IndiGo,6475.03,7899,2026-09-07,False
2026-08-23,22,DEL-BLR,DEL,BLR,T+30,30,IndiGo,5242.32,6395,2026-09-22,False
2026-08-23,22,DEL-BLR,DEL,BLR,T+30,30,IndiGo,5512.13,6724,2026-09-22,False
2026-08-23,22,DEL-BLR,DEL,BLR,T+45,45,IndiGo,4896.35,5973,2026-10-07,False
2026-08-23,22,DEL-BLR,DEL,BLR,T+45,45,IndiGo,5047.66,6158,2026-10-07,False
2026-08-23,22,BOM-BLR,BOM,BLR,T+1,1,Air India,9107.58,11111,2026-08-24,True
2026-08-23,22,BOM-BLR,BOM,BLR,T+1,1,IndiGo,7881.17,9615,2026-08-24,True
2026-08-23,22,BOM-BLR,BOM,BLR,T+1,1,IndiGo,7902.77,9641,2026-08-24,True
2026-08-23,22,BOM-BLR,BOM,BLR,T+1,1,IndiGo,8294.6,10119,2026-08-24,True
2026-08-23,22,BOM-BLR,BOM,BLR,T+1,1,IndiGo,7627.76,9305,2026-08-24,True
2026-08-23,22,BOM-BLR,BOM,BLR,T+1,1,IndiGo,7458.85,9099,2026-08-24,True
2026-08-23,22,BOM-BLR,BOM,BLR,T+1,1,IndiGo,7779.31,9490,2026-08-24,True
2026-08-23,22,BOM-BLR,BOM,BLR,T+1,1,IndiGo,7496.3,9145,2026-08-24,True
2026-08-23,22,BOM-BLR,BOM,BLR,T+1,1,IndiGo,8112.94,9897,2026-08-24,True
2026-08-23,22,BOM-BLR,BOM,BLR,T+1,1,IndiGo,7636.42,9316,2026-08-24,True
2026-08-23,22,BOM-BLR,BOM,BLR,T+1,1,IndiGo,7560.2,9223,2026-08-24,True
2026-08-23,22,BOM-BLR,BOM,BLR,T+1,1,IndiGo,7585.65,9254,2026-08-24,True
2026-08-23,22,BOM-BLR,BOM,BLR,T+1,1,IndiGo,7906.82,9646,2026-08-24,True
2026-08-23,22,BOM-BLR,BOM,BLR,T+1,1,IndiGo,7670.3,9357,2026-08-24,True
2026-08-23,22,BOM-BLR,BOM,BLR,T+7,7,IndiGo,5335.76,6509,2026-08-30,False
2026-08-23,22,BOM-BLR,BOM,BLR,T+7,7,Air India,6810.19,8308,2026-08-30,False
2026-08-23,22,BOM-BLR,BOM,BLR,T+7,7,IndiGo,5294.78,6459,2026-08-30,False
2026-08-23,22,BOM-BLR,BOM,BLR,T+7,7,IndiGo,5465.14,6667,2026-08-30,False
2026-08-23,22,BOM-BLR,BOM,BLR,T+7,7,IndiGo,5582.96,6811,2026-08-30,False
2026-08-23,22,BOM-BLR,BOM,BLR,T+15,15,IndiGo,3915.96,4777,2026-09-07,False
2026-08-23,22,BOM-BLR,BOM,BLR,T+15,15,IndiGo,4222.9,5151,2026-09-07,False
2026-08-23,22,BOM-BLR,BOM,BLR,T+15,15,IndiGo,3999.72,4879,2026-09-07,False
2026-08-23,22,BOM-BLR,BOM,BLR,T+15,15,IndiGo,4272.69,5212,2026-09-07,False
2026-08-23,22,BOM-BLR,BOM,BLR,T+15,15,Air India,4731.3,5772,2026-09-07,False
2026-08-23,22,BOM-BLR,BOM,BLR,T+30,30,IndiGo,3646.1,4448,2026-09-22,False
2026-08-23,22,BOM-BLR,BOM,BLR,T+30,30,IndiGo,3697.57,4511,2026-09-22,False
2026-08-23,22,BOM-BLR,BOM,BLR,T+45,45,Air India,3842.97,4688,2026-10-07,False
2026-08-23,22,BOM-BLR,BOM,BLR,T+45,45,IndiGo,3192.09,3894,2026-10-07,False
2026-08-23,22,DEL-CCU,DEL,CCU,T+1,1,Air India,12759.24,15566,2026-08-24,True
2026-08-23,22,DEL-CCU,DEL,CCU,T+1,1,IndiGo,10690.78,13042,2026-08-24,True
2026-08-23,22,DEL-CCU,DEL,CCU,T+1,1,Air India,13525.67,16501,2026-08-24,True
2026-08-23,22,DEL-CCU,DEL,CCU,T+1,1,IndiGo,10643.78,12985,2026-08-24,True
2026-08-23,22,DEL-CCU,DEL,CCU,T+1,1,IndiGo,10514.87,12828,2026-08-24,True
2026-08-23,22,DEL-CCU,DEL,CCU,T+1,1,IndiGo,11164.99,13621,2026-08-24,True
2026-08-23,22,DEL-CCU,DEL,CCU,T+1,1,IndiGo,10606.87,12940,2026-08-24,True
2026-08-23,22,DEL-CCU,DEL,CCU,T+1,1,IndiGo,10548.09,12868,2026-08-24,True
2026-08-23,22,DEL-CCU,DEL,CCU,T+1,1,IndiGo,10359.62,12638,2026-08-24,True
2026-08-23,22,DEL-CCU,DEL,CCU,T+1,1,Akasa Air,10387.76,12673,2026-08-24,True
2026-08-23,22,DEL-CCU,DEL,CCU,T+1,1,IndiGo,10879.31,13272,2026-08-24,True
2026-08-23,22,DEL-CCU,DEL,CCU,T+1,1,SpiceJet,10424.59,12717,2026-08-24,True
2026-08-23,22,DEL-CCU,DEL,CCU,T+1,1,IndiGo,11274.19,13754,2026-08-24,True
2026-08-23,22,DEL-CCU,DEL,CCU,T+1,1,IndiGo,11112.11,13556,2026-08-24,True
2026-08-23,22,DEL-CCU,DEL,CCU,T+7,7,IndiGo,7669.98,9357,2026-08-30,False
2026-08-23,22,DEL-CCU,DEL,CCU,T+7,7,Air India,9040.17,11029,2026-08-30,False
2026-08-23,22,DEL-CCU,DEL,CCU,T+7,7,IndiGo,7859.43,9588,2026-08-30,False
2026-08-23,22,DEL-CCU,DEL,CCU,T+7,7,IndiGo,8065.48,9839,2026-08-30,False
2026-08-23,22,DEL-CCU,DEL,CCU,T+7,7,Air India,9143.56,11155,2026-08-30,False
2026-08-23,22,DEL-CCU,DEL,CCU,T+15,15,Air India,6812.71,8311,2026-09-07,False
2026-08-23,22,DEL-CCU,DEL,CCU,T+15,15,IndiGo,5670.94,6918,2026-09-07,False
2026-08-23,22,DEL-CCU,DEL,CCU,T+15,15,IndiGo,5577.93,6805,2026-09-07,False
2026-08-23,22,DEL-CCU,DEL,CCU,T+15,15,Akasa Air,5822.25,7103,2026-09-07,False
2026-08-23,22,DEL-CCU,DEL,CCU,T+15,15,Air India,7066.55,8621,2026-09-07,False
2026-08-23,22,DEL-CCU,DEL,CCU,T+30,30,Air India,6056.92,7389,2026-09-22,False
2026-08-23,22,DEL-CCU,DEL,CCU,T+30,30,Air India,5910.21,7210,2026-09-22,False
2026-08-23,22,DEL-CCU,DEL,CCU,T+45,45,IndiGo,4696.69,5729,2026-10-07,False
2026-08-23,22,DEL-CCU,DEL,CCU,T+45,45,Air India,5187.86,6329,2026-10-07,False
2026-08-23,22,BLR-HYD,BLR,HYD,T+1,1,IndiGo,6221.08,7589,2026-08-24,True
2026-08-23,22,BLR-HYD,BLR,HYD,T+1,1,IndiGo,6011.65,7334,2026-08-24,True
2026-08-23,22,BLR-HYD,BLR,HYD,T+1,1,IndiGo,5891.63,7187,2026-08-24,True
2026-08-23,22,BLR-HYD,BLR,HYD,T+1,1,IndiGo,6144.65,7496,2026-08-24,True
2026-08-23,22,BLR-HYD,BLR,HYD,T+1,1,IndiGo,6106.12,7449,2026-08-24,True
2026-08-23,22,BLR-HYD,BLR,HYD,T+1,1,IndiGo,6095.02,7435,2026-08-24,True
2026-08-23,22,BLR-HYD,BLR,HYD,T+1,1,IndiGo,6036.93,7365,2026-08-24,True
2026-08-23,22,BLR-HYD,BLR,HYD,T+1,1,IndiGo,6011.82,7334,2026-08-24,True
2026-08-23,22,BLR-HYD,BLR,HYD,T+1,1,IndiGo,6523.02,7958,2026-08-24,True
2026-08-23,22,BLR-HYD,BLR,HYD,T+1,1,Air India,7391.2,9017,2026-08-24,True
2026-08-23,22,BLR-HYD,BLR,HYD,T+1,1,IndiGo,6172.1,7529,2026-08-24,True
2026-08-23,22,BLR-HYD,BLR,HYD,T+1,1,Air India,7124.81,8692,2026-08-24,True
2026-08-23,22,BLR-HYD,BLR,HYD,T+1,1,IndiGo,6232.01,7603,2026-08-24,True
2026-08-23,22,BLR-HYD,BLR,HYD,T+1,1,IndiGo,6128.95,7477,2026-08-24,True
2026-08-23,22,BLR-HYD,BLR,HYD,T+7,7,Air India,5027.12,6133,2026-08-30,False
2026-08-23,22,BLR-HYD,BLR,HYD,T+7,7,IndiGo,4214.91,5142,2026-08-30,False
2026-08-23,22,BLR-HYD,BLR,HYD,T+7,7,IndiGo,4248.11,5182,2026-08-30,False
2026-08-23,22,BLR-HYD,BLR,HYD,T+7,7,IndiGo,3787.44,4620,2026-08-30,False
2026-08-23,22,BLR-HYD,BLR,HYD,T+7,7,Air India,5059.54,6172,2026-08-30,False
2026-08-23,22,BLR-HYD,BLR,HYD,T+15,15,IndiGo,3186.02,3886,2026-09-07,False
2026-08-23,22,BLR-HYD,BLR,HYD,T+15,15,IndiGo,3422.12,4174,2026-09-07,False
2026-08-23,22,BLR-HYD,BLR,HYD,T+15,15,IndiGo,3243.63,3957,2026-09-07,False
2026-08-23,22,BLR-HYD,BLR,HYD,T+15,15,IndiGo,3106.55,3789,2026-09-07,False
2026-08-23,22,BLR-HYD,BLR,HYD,T+15,15,IndiGo,3235.78,3947,2026-09-07,False
2026-08-23,22,BLR-HYD,BLR,HYD,T+30,30,IndiGo,2676.64,3265,2026-09-22,False
2026-08-23,22,BLR-HYD,BLR,HYD,T+30,30,Air India,3329.83,4062,2026-09-22,False
2026-08-23,22,BLR-HYD,BLR,HYD,T+45,45,IndiGo,2494.81,3043,2026-10-07,False
2026-08-23,22,BLR-HYD,BLR,HYD,T+45,45,Air India,3009.21,3671,2026-10-07,False
2026-08-23,22,MAA-DEL,MAA,DEL,T+1,1,IndiGo,11157.61,13612,2026-08-24,True
2026-08-23,22,MAA-DEL,MAA,DEL,T+1,1,Air India,13544.83,16524,2026-08-24,True
2026-08-23,22,MAA-DEL,MAA,DEL,T+1,1,IndiGo,10927.02,13330,2026-08-24,True
2026-08-23,22,MAA-DEL,MAA,DEL,T+1,1,IndiGo,11757.0,14343,2026-08-24,True
2026-08-23,22,MAA-DEL,MAA,DEL,T+1,1,IndiGo,11683.66,14254,2026-08-24,True
2026-08-23,22,MAA-DEL,MAA,DEL,T+1,1,Akasa Air,11305.73,13792,2026-08-24,True
2026-08-23,22,MAA-DEL,MAA,DEL,T+1,1,IndiGo,11475.91,14000,2026-08-24,True
2026-08-23,22,MAA-DEL,MAA,DEL,T+1,1,IndiGo,11641.85,14203,2026-08-24,True
2026-08-23,22,MAA-DEL,MAA,DEL,T+1,1,Air India,14288.39,17431,2026-08-24,True
2026-08-23,22,MAA-DEL,MAA,DEL,T+1,1,IndiGo,11360.76,13860,2026-08-24,True
2026-08-23,22,MAA-DEL,MAA,DEL,T+1,1,IndiGo,11530.94,14067,2026-08-24,True
2026-08-23,22,MAA-DEL,MAA,DEL,T+1,1,IndiGo,11039.03,13467,2026-08-24,True
2026-08-23,22,MAA-DEL,MAA,DEL,T+1,1,IndiGo,11126.54,13574,2026-08-24,True
2026-08-23,22,MAA-DEL,MAA,DEL,T+1,1,Air India,13575.04,16561,2026-08-24,True
2026-08-23,22,MAA-DEL,MAA,DEL,T+7,7,IndiGo,8434.73,10290,2026-08-30,False
2026-08-23,22,MAA-DEL,MAA,DEL,T+7,7,IndiGo,8048.11,9818,2026-08-30,False
2026-08-23,22,MAA-DEL,MAA,DEL,T+7,7,IndiGo,8053.9,9825,2026-08-30,False
2026-08-23,22,MAA-DEL,MAA,DEL,T+7,7,IndiGo,8005.3,9766,2026-08-30,False
2026-08-23,22,MAA-DEL,MAA,DEL,T+7,7,IndiGo,7968.96,9722,2026-08-30,False
2026-08-23,22,MAA-DEL,MAA,DEL,T+15,15,IndiGo,6242.78,7616,2026-09-07,False
2026-08-23,22,MAA-DEL,MAA,DEL,T+15,15,IndiGo,5855.18,7143,2026-09-07,False
2026-08-23,22,MAA-DEL,MAA,DEL,T+15,15,IndiGo,6456.01,7876,2026-09-07,False
2026-08-23,22,MAA-DEL,MAA,DEL,T+15,15,IndiGo,6035.08,7362,2026-09-07,False
2026-08-23,22,MAA-DEL,MAA,DEL,T+15,15,IndiGo,6335.11,7728,2026-09-07,False
2026-08-23,22,MAA-DEL,MAA,DEL,T+30,30,Akasa Air,4901.04,5979,2026-09-22,False
2026-08-23,22,MAA-DEL,MAA,DEL,T+30,30,IndiGo,5420.26,6612,2026-09-22,False
2026-08-23,22,MAA-DEL,MAA,DEL,T+45,45,Air India,5680.78,6930,2026-10-07,False
2026-08-23,22,MAA-DEL,MAA,DEL,T+45,45,IndiGo,4771.1,5820,2026-10-07,False
2026-08-23,22,DEL-PNQ,DEL,PNQ,T+1,1,Air India,10275.04,12535,2026-08-24,True
2026-08-23,22,DEL-PNQ,DEL,PNQ,T+1,1,Air India,10738.54,13101,2026-08-24,True
2026-08-23,22,DEL-PNQ,DEL,PNQ,T+1,1,Air India,10204.76,12449,2026-08-24,True
2026-08-23,22,DEL-PNQ,DEL,PNQ,T+1,1,IndiGo,8949.83,10918,2026-08-24,True
2026-08-23,22,DEL-PNQ,DEL,PNQ,T+1,1,IndiGo,9355.05,11413,2026-08-24,True
2026-08-23,22,DEL-PNQ,DEL,PNQ,T+1,1,IndiGo,9281.5,11323,2026-08-24,True
2026-08-23,22,DEL-PNQ,DEL,PNQ,T+1,1,IndiGo,9034.51,11022,2026-08-24,True
2026-08-23,22,DEL-PNQ,DEL,PNQ,T+1,1,Air India,10282.35,12544,2026-08-24,True
2026-08-23,22,DEL-PNQ,DEL,PNQ,T+1,1,IndiGo,9233.74,11265,2026-08-24,True
2026-08-23,22,DEL-PNQ,DEL,PNQ,T+1,1,IndiGo,9035.84,11023,2026-08-24,True
2026-08-23,22,DEL-PNQ,DEL,PNQ,T+1,1,IndiGo,8296.4,10121,2026-08-24,True
2026-08-23,22,DEL-PNQ,DEL,PNQ,T+1,1,Akasa Air,8984.09,10960,2026-08-24,True
2026-08-23,22,DEL-PNQ,DEL,PNQ,T+1,1,IndiGo,9022.05,11006,2026-08-24,True
2026-08-23,22,DEL-PNQ,DEL,PNQ,T+1,1,IndiGo,9409.73,11479,2026-08-24,True
2026-08-23,22,DEL-PNQ,DEL,PNQ,T+7,7,IndiGo,6145.29,7497,2026-08-30,False
2026-08-23,22,DEL-PNQ,DEL,PNQ,T+7,7,IndiGo,5679.76,6929,2026-08-30,False
2026-08-23,22,DEL-PNQ,DEL,PNQ,T+7,7,IndiGo,6452.68,7872,2026-08-30,False
2026-08-23,22,DEL-PNQ,DEL,PNQ,T+7,7,Akasa Air,6251.61,7626,2026-08-30,False
2026-08-23,22,DEL-PNQ,DEL,PNQ,T+7,7,Air India,7087.98,8647,2026-08-30,False
2026-08-23,22,DEL-PNQ,DEL,PNQ,T+15,15,IndiGo,4695.64,5728,2026-09-07,False
2026-08-23,22,DEL-PNQ,DEL,PNQ,T+15,15,IndiGo,5331.02,6503,2026-09-07,False
2026-08-23,22,DEL-PNQ,DEL,PNQ,T+15,15,IndiGo,4810.15,5868,2026-09-07,False
2026-08-23,22,DEL-PNQ,DEL,PNQ,T+15,15,IndiGo,4986.54,6083,2026-09-07,False
2026-08-23,22,DEL-PNQ,DEL,PNQ,T+15,15,IndiGo,4751.43,5796,2026-09-07,False
2026-08-23,22,DEL-PNQ,DEL,PNQ,T+30,30,Air India,4553.87,5555,2026-09-22,False
2026-08-23,22,DEL-PNQ,DEL,PNQ,T+30,30,Air India,4884.05,5958,2026-09-22,False
2026-08-23,22,DEL-PNQ,DEL,PNQ,T+45,45,IndiGo,3670.06,4477,2026-10-07,False
2026-08-23,22,DEL-PNQ,DEL,PNQ,T+45,45,Air India,4306.28,5253,2026-10-07,False
2026-08-24,23,DEL-BOM,DEL,BOM,T+1,1,IndiGo,9749.78,11894,2026-08-25,True
2026-08-24,23,DEL-BOM,DEL,BOM,T+1,1,IndiGo,9879.6,12053,2026-08-25,True
2026-08-24,23,DEL-BOM,DEL,BOM,T+1,1,SpiceJet,9225.12,11254,2026-08-25,True
2026-08-24,23,DEL-BOM,DEL,BOM,T+1,1,Akasa Air,9060.54,11053,2026-08-25,True
2026-08-24,23,DEL-BOM,DEL,BOM,T+1,1,IndiGo,9955.63,12145,2026-08-25,True
2026-08-24,23,DEL-BOM,DEL,BOM,T+1,1,Akasa Air,8833.13,10776,2026-08-25,True
2026-08-24,23,DEL-BOM,DEL,BOM,T+1,1,Air India,10712.59,13069,2026-08-25,True
2026-08-24,23,DEL-BOM,DEL,BOM,T+1,1,IndiGo,10042.32,12251,2026-08-25,True
2026-08-24,23,DEL-BOM,DEL,BOM,T+1,1,IndiGo,9962.77,12154,2026-08-25,True
2026-08-24,23,DEL-BOM,DEL,BOM,T+1,1,Akasa Air,9460.89,11542,2026-08-25,True
2026-08-24,23,DEL-BOM,DEL,BOM,T+1,1,IndiGo,9310.95,11359,2026-08-25,True
2026-08-24,23,DEL-BOM,DEL,BOM,T+1,1,IndiGo,9546.52,11646,2026-08-25,True
2026-08-24,23,DEL-BOM,DEL,BOM,T+1,1,Air India,11434.65,13950,2026-08-25,True
2026-08-24,23,DEL-BOM,DEL,BOM,T+1,1,Air India,10896.16,13293,2026-08-25,True
2026-08-24,23,DEL-BOM,DEL,BOM,T+7,7,Air India,7956.07,9706,2026-08-31,False
2026-08-24,23,DEL-BOM,DEL,BOM,T+7,7,Air India,8353.8,10191,2026-08-31,False
2026-08-24,23,DEL-BOM,DEL,BOM,T+7,7,IndiGo,7273.72,8873,2026-08-31,False
2026-08-24,23,DEL-BOM,DEL,BOM,T+7,7,IndiGo,6825.94,8327,2026-08-31,False
2026-08-24,23,DEL-BOM,DEL,BOM,T+7,7,IndiGo,7111.07,8675,2026-08-31,False
2026-08-24,23,DEL-BOM,DEL,BOM,T+15,15,Akasa Air,4762.61,5810,2026-09-08,False
2026-08-24,23,DEL-BOM,DEL,BOM,T+15,15,Air India,6357.7,7756,2026-09-08,False
2026-08-24,23,DEL-BOM,DEL,BOM,T+15,15,Akasa Air,4960.94,6052,2026-09-08,False
2026-08-24,23,DEL-BOM,DEL,BOM,T+15,15,IndiGo,5327.73,6499,2026-09-08,False
2026-08-24,23,DEL-BOM,DEL,BOM,T+15,15,Air India,6160.38,7515,2026-09-08,False
2026-08-24,23,DEL-BOM,DEL,BOM,T+30,30,IndiGo,4726.83,5766,2026-09-23,False
2026-08-24,23,DEL-BOM,DEL,BOM,T+30,30,IndiGo,4379.75,5343,2026-09-23,False
2026-08-24,23,DEL-BOM,DEL,BOM,T+45,45,Air India,4838.68,5903,2026-10-08,False
2026-08-24,23,DEL-BOM,DEL,BOM,T+45,45,IndiGo,3976.74,4851,2026-10-08,False
2026-08-24,23,BOM-DEL,BOM,DEL,T+1,1,IndiGo,9734.82,11876,2026-08-25,True
2026-08-24,23,BOM-DEL,BOM,DEL,T+1,1,IndiGo,9726.07,11865,2026-08-25,True
2026-08-24,23,BOM-DEL,BOM,DEL,T+1,1,IndiGo,9499.32,11589,2026-08-25,True
2026-08-24,23,BOM-DEL,BOM,DEL,T+1,1,IndiGo,9784.23,11936,2026-08-25,True
2026-08-24,23,BOM-DEL,BOM,DEL,T+1,1,Air India,11515.48,14048,2026-08-25,True
2026-08-24,23,BOM-DEL,BOM,DEL,T+1,1,IndiGo,9871.71,12043,2026-08-25,True
2026-08-24,23,BOM-DEL,BOM,DEL,T+1,1,Air India,11574.92,14121,2026-08-25,True
2026-08-24,23,BOM-DEL,BOM,DEL,T+1,1,IndiGo,10062.47,12276,2026-08-25,True
2026-08-24,23,BOM-DEL,BOM,DEL,T+1,1,IndiGo,10105.47,12328,2026-08-25,True
2026-08-24,23,BOM-DEL,BOM,DEL,T+1,1,IndiGo,9429.1,11503,2026-08-25,True
2026-08-24,23,BOM-DEL,BOM,DEL,T+1,1,Air India,11891.71,14507,2026-08-25,True
2026-08-24,23,BOM-DEL,BOM,DEL,T+1,1,IndiGo,9382.6,11446,2026-08-25,True
2026-08-24,23,BOM-DEL,BOM,DEL,T+1,1,Air India,11778.24,14369,2026-08-25,True
2026-08-24,23,BOM-DEL,BOM,DEL,T+1,1,IndiGo,10001.39,12201,2026-08-25,True
2026-08-24,23,BOM-DEL,BOM,DEL,T+7,7,IndiGo,6464.21,7886,2026-08-31,False
2026-08-24,23,BOM-DEL,BOM,DEL,T+7,7,IndiGo,6950.19,8479,2026-08-31,False
2026-08-24,23,BOM-DEL,BOM,DEL,T+7,7,IndiGo,6814.05,8313,2026-08-31,False
2026-08-24,23,BOM-DEL,BOM,DEL,T+7,7,Air India,7950.43,9699,2026-08-31,False
2026-08-24,23,BOM-DEL,BOM,DEL,T+7,7,IndiGo,7255.18,8851,2026-08-31,False
2026-08-24,23,BOM-DEL,BOM,DEL,T+15,15,IndiGo,5150.44,6283,2026-09-08,False
2026-08-24,23,BOM-DEL,BOM,DEL,T+15,15,IndiGo,5122.27,6249,2026-09-08,False
2026-08-24,23,BOM-DEL,BOM,DEL,T+15,15,Air India,6230.73,7601,2026-09-08,False
2026-08-24,23,BOM-DEL,BOM,DEL,T+15,15,SpiceJet,5113.43,6238,2026-09-08,False
2026-08-24,23,BOM-DEL,BOM,DEL,T+15,15,Air India,6183.46,7543,2026-09-08,False
2026-08-24,23,BOM-DEL,BOM,DEL,T+30,30,IndiGo,4702.47,5737,2026-09-23,False
2026-08-24,23,BOM-DEL,BOM,DEL,T+30,30,Air India,5425.51,6619,2026-09-23,False
2026-08-24,23,BOM-DEL,BOM,DEL,T+45,45,Akasa Air,3592.7,4383,2026-10-08,False
2026-08-24,23,BOM-DEL,BOM,DEL,T+45,45,Air India,4646.94,5669,2026-10-08,False
2026-08-24,23,DEL-BLR,DEL,BLR,T+1,1,IndiGo,11811.15,14409,2026-08-25,True
2026-08-24,23,DEL-BLR,DEL,BLR,T+1,1,IndiGo,12250.21,14945,2026-08-25,True
2026-08-24,23,DEL-BLR,DEL,BLR,T+1,1,IndiGo,10941.23,13348,2026-08-25,True
2026-08-24,23,DEL-BLR,DEL,BLR,T+1,1,IndiGo,13122.95,16009,2026-08-25,True
2026-08-24,23,DEL-BLR,DEL,BLR,T+1,1,IndiGo,12272.0,14971,2026-08-25,True
2026-08-24,23,DEL-BLR,DEL,BLR,T+1,1,IndiGo,12110.85,14775,2026-08-25,True
2026-08-24,23,DEL-BLR,DEL,BLR,T+1,1,Air India,14791.45,18045,2026-08-25,True
2026-08-24,23,DEL-BLR,DEL,BLR,T+1,1,IndiGo,13036.35,15904,2026-08-25,True
2026-08-24,23,DEL-BLR,DEL,BLR,T+1,1,IndiGo,12415.25,15146,2026-08-25,True
2026-08-24,23,DEL-BLR,DEL,BLR,T+1,1,IndiGo,12448.17,15186,2026-08-25,True
2026-08-24,23,DEL-BLR,DEL,BLR,T+1,1,Air India,14269.02,17408,2026-08-25,True
2026-08-24,23,DEL-BLR,DEL,BLR,T+1,1,IndiGo,11988.39,14625,2026-08-25,True
2026-08-24,23,DEL-BLR,DEL,BLR,T+1,1,IndiGo,11847.44,14453,2026-08-25,True
2026-08-24,23,DEL-BLR,DEL,BLR,T+1,1,Air India,13793.35,16827,2026-08-25,True
2026-08-24,23,DEL-BLR,DEL,BLR,T+7,7,Air India,9810.38,11968,2026-08-31,False
2026-08-24,23,DEL-BLR,DEL,BLR,T+7,7,IndiGo,8123.29,9910,2026-08-31,False
2026-08-24,23,DEL-BLR,DEL,BLR,T+7,7,IndiGo,8503.69,10374,2026-08-31,False
2026-08-24,23,DEL-BLR,DEL,BLR,T+7,7,Air India,9459.39,11540,2026-08-31,False
2026-08-24,23,DEL-BLR,DEL,BLR,T+7,7,IndiGo,8583.3,10471,2026-08-31,False
2026-08-24,23,DEL-BLR,DEL,BLR,T+15,15,SpiceJet,6138.17,7488,2026-09-08,False
2026-08-24,23,DEL-BLR,DEL,BLR,T+15,15,IndiGo,6520.79,7955,2026-09-08,False
2026-08-24,23,DEL-BLR,DEL,BLR,T+15,15,IndiGo,6368.87,7770,2026-09-08,False
2026-08-24,23,DEL-BLR,DEL,BLR,T+15,15,Air India,8471.98,10335,2026-09-08,False
2026-08-24,23,DEL-BLR,DEL,BLR,T+15,15,IndiGo,6796.25,8291,2026-09-08,False
2026-08-24,23,DEL-BLR,DEL,BLR,T+30,30,IndiGo,5318.43,6488,2026-09-23,False
2026-08-24,23,DEL-BLR,DEL,BLR,T+30,30,IndiGo,5605.97,6839,2026-09-23,False
2026-08-24,23,DEL-BLR,DEL,BLR,T+45,45,IndiGo,4837.62,5901,2026-10-08,False
2026-08-24,23,DEL-BLR,DEL,BLR,T+45,45,IndiGo,4767.3,5816,2026-10-08,False
2026-08-24,23,BOM-BLR,BOM,BLR,T+1,1,IndiGo,7356.29,8974,2026-08-25,True
2026-08-24,23,BOM-BLR,BOM,BLR,T+1,1,IndiGo,7835.06,9558,2026-08-25,True
2026-08-24,23,BOM-BLR,BOM,BLR,T+1,1,Air India,8882.46,10836,2026-08-25,True
2026-08-24,23,BOM-BLR,BOM,BLR,T+1,1,IndiGo,7979.75,9735,2026-08-25,True
2026-08-24,23,BOM-BLR,BOM,BLR,T+1,1,IndiGo,7986.76,9743,2026-08-25,True
2026-08-24,23,BOM-BLR,BOM,BLR,T+1,1,IndiGo,8089.45,9869,2026-08-25,True
2026-08-24,23,BOM-BLR,BOM,BLR,T+1,1,IndiGo,7488.03,9135,2026-08-25,True
2026-08-24,23,BOM-BLR,BOM,BLR,T+1,1,IndiGo,7846.71,9572,2026-08-25,True
2026-08-24,23,BOM-BLR,BOM,BLR,T+1,1,IndiGo,7889.15,9624,2026-08-25,True
2026-08-24,23,BOM-BLR,BOM,BLR,T+1,1,Air India,8948.45,10917,2026-08-25,True
2026-08-24,23,BOM-BLR,BOM,BLR,T+1,1,IndiGo,7509.81,9161,2026-08-25,True
2026-08-24,23,BOM-BLR,BOM,BLR,T+1,1,Air India,9612.07,11726,2026-08-25,True
2026-08-24,23,BOM-BLR,BOM,BLR,T+1,1,IndiGo,7779.75,9491,2026-08-25,True
2026-08-24,23,BOM-BLR,BOM,BLR,T+1,1,Air India,9302.01,11348,2026-08-25,True
2026-08-24,23,BOM-BLR,BOM,BLR,T+7,7,Akasa Air,5137.49,6267,2026-08-31,False
2026-08-24,23,BOM-BLR,BOM,BLR,T+7,7,Air India,6164.81,7521,2026-08-31,False
2026-08-24,23,BOM-BLR,BOM,BLR,T+7,7,IndiGo,5353.31,6531,2026-08-31,False
2026-08-24,23,BOM-BLR,BOM,BLR,T+7,7,IndiGo,5438.47,6634,2026-08-31,False
2026-08-24,23,BOM-BLR,BOM,BLR,T+7,7,IndiGo,5258.73,6415,2026-08-31,False
2026-08-24,23,BOM-BLR,BOM,BLR,T+15,15,IndiGo,4154.57,5068,2026-09-08,False
2026-08-24,23,BOM-BLR,BOM,BLR,T+15,15,IndiGo,3910.4,4770,2026-09-08,False
2026-08-24,23,BOM-BLR,BOM,BLR,T+15,15,Air India,4707.64,5743,2026-09-08,False
2026-08-24,23,BOM-BLR,BOM,BLR,T+15,15,IndiGo,4253.6,5189,2026-09-08,False
2026-08-24,23,BOM-BLR,BOM,BLR,T+15,15,IndiGo,4243.83,5177,2026-09-08,False
2026-08-24,23,BOM-BLR,BOM,BLR,T+30,30,IndiGo,3513.43,4286,2026-09-23,False
2026-08-24,23,BOM-BLR,BOM,BLR,T+30,30,Air India,4050.15,4941,2026-09-23,False
2026-08-24,23,BOM-BLR,BOM,BLR,T+45,45,Air India,3598.87,4390,2026-10-08,False
2026-08-24,23,BOM-BLR,BOM,BLR,T+45,45,Air India,3684.34,4494,2026-10-08,False
2026-08-24,23,DEL-CCU,DEL,CCU,T+1,1,Air India,13162.79,16058,2026-08-25,True
2026-08-24,23,DEL-CCU,DEL,CCU,T+1,1,IndiGo,11273.29,13753,2026-08-25,True
2026-08-24,23,DEL-CCU,DEL,CCU,T+1,1,IndiGo,10728.82,13089,2026-08-25,True
2026-08-24,23,DEL-CCU,DEL,CCU,T+1,1,IndiGo,10477.76,12782,2026-08-25,True
2026-08-24,23,DEL-CCU,DEL,CCU,T+1,1,IndiGo,11020.92,13445,2026-08-25,True
2026-08-24,23,DEL-CCU,DEL,CCU,T+1,1,IndiGo,10603.85,12936,2026-08-25,True
2026-08-24,23,DEL-CCU,DEL,CCU,T+1,1,IndiGo,10720.52,13079,2026-08-25,True
2026-08-24,23,DEL-CCU,DEL,CCU,T+1,1,Air India,13469.5,16432,2026-08-25,True
2026-08-24,23,DEL-CCU,DEL,CCU,T+1,1,IndiGo,11234.65,13706,2026-08-25,True
2026-08-24,23,DEL-CCU,DEL,CCU,T+1,1,Akasa Air,10632.23,12971,2026-08-25,True
2026-08-24,23,DEL-CCU,DEL,CCU,T+1,1,IndiGo,10432.5,12727,2026-08-25,True
2026-08-24,23,DEL-CCU,DEL,CCU,T+1,1,IndiGo,10999.35,13419,2026-08-25,True
2026-08-24,23,DEL-CCU,DEL,CCU,T+1,1,Air India,13351.18,16288,2026-08-25,True
2026-08-24,23,DEL-CCU,DEL,CCU,T+1,1,Air India,12703.18,15497,2026-08-25,True
2026-08-24,23,DEL-CCU,DEL,CCU,T+7,7,IndiGo,8092.39,9872,2026-08-31,False
2026-08-24,23,DEL-CCU,DEL,CCU,T+7,7,IndiGo,8076.6,9853,2026-08-31,False
2026-08-24,23,DEL-CCU,DEL,CCU,T+7,7,IndiGo,8176.93,9975,2026-08-31,False
2026-08-24,23,DEL-CCU,DEL,CCU,T+7,7,Air India,9207.03,11232,2026-08-31,False
2026-08-24,23,DEL-CCU,DEL,CCU,T+7,7,IndiGo,7885.84,9620,2026-08-31,False
2026-08-24,23,DEL-CCU,DEL,CCU,T+15,15,Air India,7274.38,8874,2026-09-08,False
2026-08-24,23,DEL-CCU,DEL,CCU,T+15,15,IndiGo,5971.29,7284,2026-09-08,False
2026-08-24,23,DEL-CCU,DEL,CCU,T+15,15,IndiGo,5776.09,7046,2026-09-08,False
2026-08-24,23,DEL-CCU,DEL,CCU,T+15,15,Air India,6822.49,8323,2026-09-08,False
2026-08-24,23,DEL-CCU,DEL,CCU,T+15,15,IndiGo,5928.32,7232,2026-09-08,False
2026-08-24,23,DEL-CCU,DEL,CCU,T+30,30,IndiGo,4811.71,5870,2026-09-23,False
2026-08-24,23,DEL-CCU,DEL,CCU,T+30,30,IndiGo,5014.07,6117,2026-09-23,False
2026-08-24,23,DEL-CCU,DEL,CCU,T+45,45,IndiGo,4651.33,5674,2026-10-08,False
2026-08-24,23,DEL-CCU,DEL,CCU,T+45,45,IndiGo,4135.87,5045,2026-10-08,False
2026-08-24,23,BLR-HYD,BLR,HYD,T+1,1,IndiGo,6347.57,7744,2026-08-25,True
2026-08-24,23,BLR-HYD,BLR,HYD,T+1,1,IndiGo,6260.68,7638,2026-08-25,True
2026-08-24,23,BLR-HYD,BLR,HYD,T+1,1,IndiGo,5927.1,7231,2026-08-25,True
2026-08-24,23,BLR-HYD,BLR,HYD,T+1,1,Air India,7237.09,8829,2026-08-25,True
2026-08-24,23,BLR-HYD,BLR,HYD,T+1,1,IndiGo,6024.7,7350,2026-08-25,True
2026-08-24,23,BLR-HYD,BLR,HYD,T+1,1,IndiGo,6283.37,7665,2026-08-25,True
2026-08-24,23,BLR-HYD,BLR,HYD,T+1,1,Air India,7346.29,8962,2026-08-25,True
2026-08-24,23,BLR-HYD,BLR,HYD,T+1,1,IndiGo,5728.84,6989,2026-08-25,True
2026-08-24,23,BLR-HYD,BLR,HYD,T+1,1,IndiGo,6147.86,7500,2026-08-25,True
2026-08-24,23,BLR-HYD,BLR,HYD,T+1,1,IndiGo,5980.68,7296,2026-08-25,True
2026-08-24,23,BLR-HYD,BLR,HYD,T+1,1,IndiGo,6041.5,7370,2026-08-25,True
2026-08-24,23,BLR-HYD,BLR,HYD,T+1,1,IndiGo,5870.51,7162,2026-08-25,True
2026-08-24,23,BLR-HYD,BLR,HYD,T+1,1,IndiGo,6392.62,7798,2026-08-25,True
2026-08-24,23,BLR-HYD,BLR,HYD,T+1,1,IndiGo,6243.32,7616,2026-08-25,True
2026-08-24,23,BLR-HYD,BLR,HYD,T+7,7,IndiGo,4152.78,5066,2026-08-31,False
2026-08-24,23,BLR-HYD,BLR,HYD,T+7,7,IndiGo,4064.03,4958,2026-08-31,False
2026-08-24,23,BLR-HYD,BLR,HYD,T+7,7,IndiGo,4205.62,5130,2026-08-31,False
2026-08-24,23,BLR-HYD,BLR,HYD,T+7,7,Air India,5102.48,6225,2026-08-31,False
2026-08-24,23,BLR-HYD,BLR,HYD,T+7,7,IndiGo,4299.01,5244,2026-08-31,False
2026-08-24,23,BLR-HYD,BLR,HYD,T+15,15,IndiGo,3385.98,4130,2026-09-08,False
2026-08-24,23,BLR-HYD,BLR,HYD,T+15,15,IndiGo,3333.39,4066,2026-09-08,False
2026-08-24,23,BLR-HYD,BLR,HYD,T+15,15,IndiGo,3353.79,4091,2026-09-08,False
2026-08-24,23,BLR-HYD,BLR,HYD,T+15,15,Air India,3867.91,4718,2026-09-08,False
2026-08-24,23,BLR-HYD,BLR,HYD,T+15,15,Air India,3638.21,4438,2026-09-08,False
2026-08-24,23,BLR-HYD,BLR,HYD,T+30,30,Air India,3255.4,3971,2026-09-23,False
2026-08-24,23,BLR-HYD,BLR,HYD,T+30,30,IndiGo,2883.48,3517,2026-09-23,False
2026-08-24,23,BLR-HYD,BLR,HYD,T+45,45,Air India,2908.4,3548,2026-10-08,False
2026-08-24,23,BLR-HYD,BLR,HYD,T+45,45,IndiGo,2514.92,3068,2026-10-08,False
2026-08-24,23,MAA-DEL,MAA,DEL,T+1,1,IndiGo,11355.21,13853,2026-08-25,True
2026-08-24,23,MAA-DEL,MAA,DEL,T+1,1,IndiGo,11069.42,13504,2026-08-25,True
2026-08-24,23,MAA-DEL,MAA,DEL,T+1,1,Air India,13479.78,16445,2026-08-25,True
2026-08-24,23,MAA-DEL,MAA,DEL,T+1,1,IndiGo,11607.53,14161,2026-08-25,True
2026-08-24,23,MAA-DEL,MAA,DEL,T+1,1,Air India,13227.54,16137,2026-08-25,True
2026-08-24,23,MAA-DEL,MAA,DEL,T+1,1,IndiGo,11388.58,13894,2026-08-25,True
2026-08-24,23,MAA-DEL,MAA,DEL,T+1,1,Air India,13093.08,15973,2026-08-25,True
2026-08-24,23,MAA-DEL,MAA,DEL,T+1,1,IndiGo,11933.16,14558,2026-08-25,True
2026-08-24,23,MAA-DEL,MAA,DEL,T+1,1,IndiGo,11364.97,13865,2026-08-25,True
2026-08-24,23,MAA-DEL,MAA,DEL,T+1,1,IndiGo,12067.21,14721,2026-08-25,True
2026-08-24,23,MAA-DEL,MAA,DEL,T+1,1,Air India,14262.61,17400,2026-08-25,True
2026-08-24,23,MAA-DEL,MAA,DEL,T+1,1,IndiGo,11450.75,13969,2026-08-25,True
2026-08-24,23,MAA-DEL,MAA,DEL,T+1,1,IndiGo,11078.01,13515,2026-08-25,True
2026-08-24,23,MAA-DEL,MAA,DEL,T+1,1,IndiGo,10644.96,12986,2026-08-25,True
2026-08-24,23,MAA-DEL,MAA,DEL,T+7,7,IndiGo,7707.96,9403,2026-08-31,False
2026-08-24,23,MAA-DEL,MAA,DEL,T+7,7,IndiGo,7735.89,9437,2026-08-31,False
2026-08-24,23,MAA-DEL,MAA,DEL,T+7,7,IndiGo,8518.74,10392,2026-08-31,False
2026-08-24,23,MAA-DEL,MAA,DEL,T+7,7,IndiGo,8159.6,9954,2026-08-31,False
2026-08-24,23,MAA-DEL,MAA,DEL,T+7,7,IndiGo,8237.47,10049,2026-08-31,False
2026-08-24,23,MAA-DEL,MAA,DEL,T+15,15,IndiGo,5702.79,6957,2026-09-08,False
2026-08-24,23,MAA-DEL,MAA,DEL,T+15,15,Air India,6984.16,8520,2026-09-08,False
2026-08-24,23,MAA-DEL,MAA,DEL,T+15,15,IndiGo,6375.3,7777,2026-09-08,False
2026-08-24,23,MAA-DEL,MAA,DEL,T+15,15,IndiGo,6245.39,7619,2026-09-08,False
2026-08-24,23,MAA-DEL,MAA,DEL,T+15,15,IndiGo,6151.47,7504,2026-09-08,False
2026-08-24,23,MAA-DEL,MAA,DEL,T+30,30,Air India,6371.94,7773,2026-09-23,False
2026-08-24,23,MAA-DEL,MAA,DEL,T+30,30,IndiGo,5603.43,6836,2026-09-23,False
2026-08-24,23,MAA-DEL,MAA,DEL,T+45,45,IndiGo,4674.66,5703,2026-10-08,False
2026-08-24,23,MAA-DEL,MAA,DEL,T+45,45,Air India,5567.63,6792,2026-10-08,False
2026-08-24,23,DEL-PNQ,DEL,PNQ,T+1,1,IndiGo,9096.97,11098,2026-08-25,True
2026-08-24,23,DEL-PNQ,DEL,PNQ,T+1,1,Akasa Air,9483.35,11569,2026-08-25,True
2026-08-24,23,DEL-PNQ,DEL,PNQ,T+1,1,IndiGo,8372.11,10213,2026-08-25,True
2026-08-24,23,DEL-PNQ,DEL,PNQ,T+1,1,Air India,10907.78,13307,2026-08-25,True
2026-08-24,23,DEL-PNQ,DEL,PNQ,T+1,1,Akasa Air,8715.54,10632,2026-08-25,True
2026-08-24,23,DEL-PNQ,DEL,PNQ,T+1,1,Akasa Air,8924.29,10887,2026-08-25,True
2026-08-24,23,DEL-PNQ,DEL,PNQ,T+1,1,IndiGo,8828.15,10770,2026-08-25,True
2026-08-24,23,DEL-PNQ,DEL,PNQ,T+1,1,IndiGo,9020.57,11005,2026-08-25,True
2026-08-24,23,DEL-PNQ,DEL,PNQ,T+1,1,IndiGo,9261.05,11298,2026-08-25,True
2026-08-24,23,DEL-PNQ,DEL,PNQ,T+1,1,IndiGo,10020.55,12225,2026-08-25,True
2026-08-24,23,DEL-PNQ,DEL,PNQ,T+1,1,SpiceJet,8802.57,10739,2026-08-25,True
2026-08-24,23,DEL-PNQ,DEL,PNQ,T+1,1,IndiGo,8767.84,10696,2026-08-25,True
2026-08-24,23,DEL-PNQ,DEL,PNQ,T+1,1,IndiGo,8902.04,10860,2026-08-25,True
2026-08-24,23,DEL-PNQ,DEL,PNQ,T+1,1,IndiGo,8892.66,10849,2026-08-25,True
2026-08-24,23,DEL-PNQ,DEL,PNQ,T+7,7,IndiGo,5992.85,7311,2026-08-31,False
2026-08-24,23,DEL-PNQ,DEL,PNQ,T+7,7,IndiGo,6320.87,7711,2026-08-31,False
2026-08-24,23,DEL-PNQ,DEL,PNQ,T+7,7,IndiGo,6558.77,8001,2026-08-31,False
2026-08-24,23,DEL-PNQ,DEL,PNQ,T+7,7,IndiGo,6109.55,7453,2026-08-31,False
2026-08-24,23,DEL-PNQ,DEL,PNQ,T+7,7,IndiGo,6629.41,8087,2026-08-31,False
2026-08-24,23,DEL-PNQ,DEL,PNQ,T+15,15,Air India,5834.18,7117,2026-09-08,False
2026-08-24,23,DEL-PNQ,DEL,PNQ,T+15,15,Akasa Air,4590.83,5600,2026-09-08,False
2026-08-24,23,DEL-PNQ,DEL,PNQ,T+15,15,IndiGo,4841.47,5906,2026-09-08,False
2026-08-24,23,DEL-PNQ,DEL,PNQ,T+15,15,IndiGo,5137.75,6268,2026-09-08,False
2026-08-24,23,DEL-PNQ,DEL,PNQ,T+15,15,IndiGo,4990.49,6088,2026-09-08,False
2026-08-24,23,DEL-PNQ,DEL,PNQ,T+30,30,IndiGo,4171.77,5089,2026-09-23,False
2026-08-24,23,DEL-PNQ,DEL,PNQ,T+30,30,Air India,4875.88,5948,2026-09-23,False
2026-08-24,23,DEL-PNQ,DEL,PNQ,T+45,45,Air India,4382.19,5346,2026-10-08,False
2026-08-24,23,DEL-PNQ,DEL,PNQ,T+45,45,SpiceJet,3449.08,4207,2026-10-08,False
2026-08-25,24,DEL-BOM,DEL,BOM,T+1,1,IndiGo,9077.13,11074,2026-08-26,False
2026-08-25,24,DEL-BOM,DEL,BOM,T+1,1,IndiGo,10499.38,12809,2026-08-26,False
2026-08-25,24,DEL-BOM,DEL,BOM,T+1,1,IndiGo,9852.25,12019,2026-08-26,False
2026-08-25,24,DEL-BOM,DEL,BOM,T+1,1,IndiGo,9935.53,12121,2026-08-26,False
2026-08-25,24,DEL-BOM,DEL,BOM,T+1,1,IndiGo,9779.12,11930,2026-08-26,False
2026-08-25,24,DEL-BOM,DEL,BOM,T+7,7,IndiGo,6756.24,8242,2026-09-01,False
2026-08-25,24,DEL-BOM,DEL,BOM,T+7,7,IndiGo,6889.54,8405,2026-09-01,False
2026-08-25,24,DEL-BOM,DEL,BOM,T+7,7,Air India,7717.94,9415,2026-09-01,False
2026-08-25,24,DEL-BOM,DEL,BOM,T+7,7,IndiGo,7487.34,9134,2026-09-01,False
2026-08-25,24,DEL-BOM,DEL,BOM,T+7,7,IndiGo,6635.03,8094,2026-09-01,False
2026-08-25,24,DEL-BOM,DEL,BOM,T+15,15,IndiGo,5085.8,6204,2026-09-09,False
2026-08-25,24,DEL-BOM,DEL,BOM,T+15,15,IndiGo,5195.07,6337,2026-09-09,False
2026-08-25,24,DEL-BOM,DEL,BOM,T+15,15,Air India,6501.01,7931,2026-09-09,False
2026-08-25,24,DEL-BOM,DEL,BOM,T+15,15,IndiGo,5279.05,6440,2026-09-09,False
2026-08-25,24,DEL-BOM,DEL,BOM,T+15,15,Air India,5951.44,7260,2026-09-09,False
2026-08-25,24,DEL-BOM,DEL,BOM,T+30,30,IndiGo,4721.16,5759,2026-09-24,False
2026-08-25,24,DEL-BOM,DEL,BOM,T+30,30,IndiGo,4638.32,5658,2026-09-24,False
2026-08-25,24,DEL-BOM,DEL,BOM,T+30,30,IndiGo,4607.84,5621,2026-09-24,False
2026-08-25,24,DEL-BOM,DEL,BOM,T+30,30,IndiGo,4635.9,5655,2026-09-24,False
2026-08-25,24,DEL-BOM,DEL,BOM,T+30,30,IndiGo,4901.61,5979,2026-09-24,False
2026-08-25,24,DEL-BOM,DEL,BOM,T+45,45,Air India,5101.95,6224,2026-10-09,False
2026-08-25,24,DEL-BOM,DEL,BOM,T+45,45,Air India,4625.57,5643,2026-10-09,False
2026-08-25,24,DEL-BOM,DEL,BOM,T+45,45,Air India,5008.85,6110,2026-10-09,False
2026-08-25,24,DEL-BOM,DEL,BOM,T+45,45,IndiGo,4074.01,4970,2026-10-09,False
2026-08-25,24,DEL-BOM,DEL,BOM,T+45,45,IndiGo,4090.32,4990,2026-10-09,False
2026-08-25,24,BOM-DEL,BOM,DEL,T+1,1,IndiGo,9218.59,11246,2026-08-26,False
2026-08-25,24,BOM-DEL,BOM,DEL,T+1,1,Air India,11483.59,14009,2026-08-26,False
2026-08-25,24,BOM-DEL,BOM,DEL,T+1,1,IndiGo,9520.21,11614,2026-08-26,False
2026-08-25,24,BOM-DEL,BOM,DEL,T+1,1,IndiGo,10082.98,12301,2026-08-26,False
2026-08-25,24,BOM-DEL,BOM,DEL,T+1,1,Air India,11985.56,14622,2026-08-26,False
2026-08-25,24,BOM-DEL,BOM,DEL,T+7,7,IndiGo,6431.16,7846,2026-09-01,False
2026-08-25,24,BOM-DEL,BOM,DEL,T+7,7,Air India,8169.3,9966,2026-09-01,False
2026-08-25,24,BOM-DEL,BOM,DEL,T+7,7,Air India,8496.62,10365,2026-09-01,False
2026-08-25,24,BOM-DEL,BOM,DEL,T+7,7,IndiGo,6889.36,8405,2026-09-01,False
2026-08-25,24,BOM-DEL,BOM,DEL,T+7,7,Air India,8384.22,10228,2026-09-01,False
2026-08-25,24,BOM-DEL,BOM,DEL,T+15,15,IndiGo,5341.23,6516,2026-09-09,False
2026-08-25,24,BOM-DEL,BOM,DEL,T+15,15,IndiGo,5339.47,6514,2026-09-09,False
2026-08-25,24,BOM-DEL,BOM,DEL,T+15,15,IndiGo,5226.27,6376,2026-09-09,False
2026-08-25,24,BOM-DEL,BOM,DEL,T+15,15,Air India,5955.7,7265,2026-09-09,False
2026-08-25,24,BOM-DEL,BOM,DEL,T+15,15,Air India,5976.39,7291,2026-09-09,False
2026-08-25,24,BOM-DEL,BOM,DEL,T+30,30,Air India,5464.29,6666,2026-09-24,False
2026-08-25,24,BOM-DEL,BOM,DEL,T+30,30,IndiGo,4525.69,5521,2026-09-24,False
2026-08-25,24,BOM-DEL,BOM,DEL,T+30,30,Akasa Air,4358.56,5317,2026-09-24,False
2026-08-25,24,BOM-DEL,BOM,DEL,T+30,30,IndiGo,4455.51,5435,2026-09-24,False
2026-08-25,24,BOM-DEL,BOM,DEL,T+30,30,IndiGo,4474.3,5458,2026-09-24,False
2026-08-25,24,BOM-DEL,BOM,DEL,T+45,45,Akasa Air,4035.8,4923,2026-10-09,False
2026-08-25,24,BOM-DEL,BOM,DEL,T+45,45,IndiGo,3972.93,4846,2026-10-09,False
2026-08-25,24,BOM-DEL,BOM,DEL,T+45,45,Air India,4517.02,5510,2026-10-09,False
2026-08-25,24,BOM-DEL,BOM,DEL,T+45,45,IndiGo,4124.73,5032,2026-10-09,False
2026-08-25,24,BOM-DEL,BOM,DEL,T+45,45,IndiGo,3991.27,4869,2026-10-09,False
2026-08-25,24,DEL-BLR,DEL,BLR,T+1,1,IndiGo,12073.54,14729,2026-08-26,False
2026-08-25,24,DEL-BLR,DEL,BLR,T+1,1,Air India,15018.45,18322,2026-08-26,False
2026-08-25,24,DEL-BLR,DEL,BLR,T+1,1,Air India,14208.21,17334,2026-08-26,False
2026-08-25,24,DEL-BLR,DEL,BLR,T+1,1,Air India,14362.35,17522,2026-08-26,False
2026-08-25,24,DEL-BLR,DEL,BLR,T+1,1,IndiGo,11562.65,14106,2026-08-26,False
2026-08-25,24,DEL-BLR,DEL,BLR,T+7,7,IndiGo,8469.35,10332,2026-09-01,False
2026-08-25,24,DEL-BLR,DEL,BLR,T+7,7,IndiGo,8717.05,10634,2026-09-01,False
2026-08-25,24,DEL-BLR,DEL,BLR,T+7,7,IndiGo,8070.34,9845,2026-09-01,False
2026-08-25,24,DEL-BLR,DEL,BLR,T+7,7,IndiGo,8594.97,10485,2026-09-01,False
2026-08-25,24,DEL-BLR,DEL,BLR,T+7,7,IndiGo,8565.08,10449,2026-09-01,False
2026-08-25,24,DEL-BLR,DEL,BLR,T+15,15,Akasa Air,6298.01,7683,2026-09-09,False
2026-08-25,24,DEL-BLR,DEL,BLR,T+15,15,IndiGo,6729.74,8210,2026-09-09,False
2026-08-25,24,DEL-BLR,DEL,BLR,T+15,15,IndiGo,6570.02,8015,2026-09-09,False
2026-08-25,24,DEL-BLR,DEL,BLR,T+15,15,IndiGo,6829.95,8332,2026-09-09,False
2026-08-25,24,DEL-BLR,DEL,BLR,T+15,15,Air India,7389.84,9015,2026-09-09,False
2026-08-25,24,DEL-BLR,DEL,BLR,T+30,30,Air India,6593.58,8044,2026-09-24,False
2026-08-25,24,DEL-BLR,DEL,BLR,T+30,30,Air India,6581.76,8029,2026-09-24,False
2026-08-25,24,DEL-BLR,DEL,BLR,T+30,30,IndiGo,5357.97,6536,2026-09-24,False
2026-08-25,24,DEL-BLR,DEL,BLR,T+30,30,IndiGo,5752.59,7018,2026-09-24,False
2026-08-25,24,DEL-BLR,DEL,BLR,T+30,30,IndiGo,6019.18,7343,2026-09-24,False
2026-08-25,24,DEL-BLR,DEL,BLR,T+45,45,IndiGo,4944.87,6032,2026-10-09,False
2026-08-25,24,DEL-BLR,DEL,BLR,T+45,45,IndiGo,5035.27,6143,2026-10-09,False
2026-08-25,24,DEL-BLR,DEL,BLR,T+45,45,Air India,5850.46,7137,2026-10-09,False
2026-08-25,24,DEL-BLR,DEL,BLR,T+45,45,Air India,5687.52,6938,2026-10-09,False
2026-08-25,24,DEL-BLR,DEL,BLR,T+45,45,IndiGo,4632.5,5651,2026-10-09,False
2026-08-25,24,BOM-BLR,BOM,BLR,T+1,1,Air India,8883.69,10838,2026-08-26,False
2026-08-25,24,BOM-BLR,BOM,BLR,T+1,1,IndiGo,7349.72,8966,2026-08-26,False
2026-08-25,24,BOM-BLR,BOM,BLR,T+1,1,Air India,9651.97,11775,2026-08-26,False
2026-08-25,24,BOM-BLR,BOM,BLR,T+1,1,Air India,9071.99,11067,2026-08-26,False
2026-08-25,24,BOM-BLR,BOM,BLR,T+1,1,Akasa Air,7391.55,9017,2026-08-26,False
2026-08-25,24,BOM-BLR,BOM,BLR,T+7,7,Air India,6646.76,8109,2026-09-01,False
2026-08-25,24,BOM-BLR,BOM,BLR,T+7,7,IndiGo,5253.05,6408,2026-09-01,False
2026-08-25,24,BOM-BLR,BOM,BLR,T+7,7,Air India,6273.13,7653,2026-09-01,False
2026-08-25,24,BOM-BLR,BOM,BLR,T+7,7,IndiGo,5480.74,6686,2026-09-01,False
2026-08-25,24,BOM-BLR,BOM,BLR,T+7,7,Air India,6678.26,8147,2026-09-01,False
2026-08-25,24,BOM-BLR,BOM,BLR,T+15,15,IndiGo,4233.27,5164,2026-09-09,False
2026-08-25,24,BOM-BLR,BOM,BLR,T+15,15,IndiGo,4196.38,5119,2026-09-09,False
2026-08-25,24,BOM-BLR,BOM,BLR,T+15,15,Akasa Air,4039.86,4928,2026-09-09,False
2026-08-25,24,BOM-BLR,BOM,BLR,T+15,15,Air India,4973.39,6067,2026-09-09,False
2026-08-25,24,BOM-BLR,BOM,BLR,T+15,15,IndiGo,4189.58,5111,2026-09-09,False
2026-08-25,24,BOM-BLR,BOM,BLR,T+30,30,IndiGo,3437.35,4193,2026-09-24,False
2026-08-25,24,BOM-BLR,BOM,BLR,T+30,30,IndiGo,3571.65,4357,2026-09-24,False
2026-08-25,24,BOM-BLR,BOM,BLR,T+30,30,IndiGo,3431.9,4186,2026-09-24,False
2026-08-25,24,BOM-BLR,BOM,BLR,T+30,30,IndiGo,3576.02,4362,2026-09-24,False
2026-08-25,24,BOM-BLR,BOM,BLR,T+30,30,IndiGo,3505.91,4277,2026-09-24,False
2026-08-25,24,BOM-BLR,BOM,BLR,T+45,45,IndiGo,3451.41,4210,2026-10-09,False
2026-08-25,24,BOM-BLR,BOM,BLR,T+45,45,IndiGo,3165.26,3861,2026-10-09,False
2026-08-25,24,BOM-BLR,BOM,BLR,T+45,45,IndiGo,3013.91,3676,2026-10-09,False
2026-08-25,24,BOM-BLR,BOM,BLR,T+45,45,Air India,3719.35,4537,2026-10-09,False
2026-08-25,24,BOM-BLR,BOM,BLR,T+45,45,IndiGo,3227.31,3937,2026-10-09,False
2026-08-25,24,DEL-CCU,DEL,CCU,T+1,1,IndiGo,11569.76,14115,2026-08-26,False
2026-08-25,24,DEL-CCU,DEL,CCU,T+1,1,IndiGo,10704.15,13059,2026-08-26,False
2026-08-25,24,DEL-CCU,DEL,CCU,T+1,1,IndiGo,10324.3,12595,2026-08-26,False
2026-08-25,24,DEL-CCU,DEL,CCU,T+1,1,IndiGo,11242.11,13715,2026-08-26,False
2026-08-25,24,DEL-CCU,DEL,CCU,T+1,1,IndiGo,10401.5,12689,2026-08-26,False
2026-08-25,24,DEL-CCU,DEL,CCU,T+7,7,IndiGo,7616.74,9292,2026-09-01,False
2026-08-25,24,DEL-CCU,DEL,CCU,T+7,7,IndiGo,7665.08,9351,2026-09-01,False
2026-08-25,24,DEL-CCU,DEL,CCU,T+7,7,IndiGo,7715.97,9413,2026-09-01,False
2026-08-25,24,DEL-CCU,DEL,CCU,T+7,7,IndiGo,7921.39,9664,2026-09-01,False
2026-08-25,24,DEL-CCU,DEL,CCU,T+7,7,IndiGo,7549.75,9210,2026-09-01,False
2026-08-25,24,DEL-CCU,DEL,CCU,T+15,15,IndiGo,5828.8,7111,2026-09-09,False
2026-08-25,24,DEL-CCU,DEL,CCU,T+15,15,IndiGo,5882.25,7176,2026-09-09,False
2026-08-25,24,DEL-CCU,DEL,CCU,T+15,15,IndiGo,5916.0,7217,2026-09-09,False
2026-08-25,24,DEL-CCU,DEL,CCU,T+15,15,IndiGo,5905.34,7204,2026-09-09,False
2026-08-25,24,DEL-CCU,DEL,CCU,T+15,15,Air India,7044.21,8593,2026-09-09,False
2026-08-25,24,DEL-CCU,DEL,CCU,T+30,30,IndiGo,5193.43,6335,2026-09-24,False
2026-08-25,24,DEL-CCU,DEL,CCU,T+30,30,IndiGo,5113.77,6238,2026-09-24,False
2026-08-25,24,DEL-CCU,DEL,CCU,T+30,30,IndiGo,5124.53,6251,2026-09-24,False
2026-08-25,24,DEL-CCU,DEL,CCU,T+30,30,IndiGo,4765.1,5813,2026-09-24,False
2026-08-25,24,DEL-CCU,DEL,CCU,T+30,30,IndiGo,5053.31,6165,2026-09-24,False
2026-08-25,24,DEL-CCU,DEL,CCU,T+45,45,IndiGo,4559.21,5562,2026-10-09,False
2026-08-25,24,DEL-CCU,DEL,CCU,T+45,45,IndiGo,4598.35,5609,2026-10-09,False
2026-08-25,24,DEL-CCU,DEL,CCU,T+45,45,IndiGo,4375.3,5337,2026-10-09,False
2026-08-25,24,DEL-CCU,DEL,CCU,T+45,45,Air India,5164.41,6300,2026-10-09,False
2026-08-25,24,DEL-CCU,DEL,CCU,T+45,45,IndiGo,4393.85,5360,2026-10-09,False
2026-08-25,24,BLR-HYD,BLR,HYD,T+1,1,IndiGo,6143.36,7494,2026-08-26,False
2026-08-25,24,BLR-HYD,BLR,HYD,T+1,1,IndiGo,6248.35,7622,2026-08-26,False
2026-08-25,24,BLR-HYD,BLR,HYD,T+1,1,IndiGo,5944.15,7251,2026-08-26,False
2026-08-25,24,BLR-HYD,BLR,HYD,T+1,1,IndiGo,6221.77,7590,2026-08-26,False
2026-08-25,24,BLR-HYD,BLR,HYD,T+1,1,IndiGo,6056.2,7388,2026-08-26,False
2026-08-25,24,BLR-HYD,BLR,HYD,T+7,7,Air India,5009.26,6111,2026-09-01,False
2026-08-25,24,BLR-HYD,BLR,HYD,T+7,7,Air India,4993.92,6092,2026-09-01,False
2026-08-25,24,BLR-HYD,BLR,HYD,T+7,7,IndiGo,4379.0,5342,2026-09-01,False
2026-08-25,24,BLR-HYD,BLR,HYD,T+7,7,IndiGo,4316.12,5265,2026-09-01,False
2026-08-25,24,BLR-HYD,BLR,HYD,T+7,7,Air India,5431.89,6626,2026-09-01,False
2026-08-25,24,BLR-HYD,BLR,HYD,T+15,15,Air India,3713.86,4530,2026-09-09,False
2026-08-25,24,BLR-HYD,BLR,HYD,T+15,15,Air India,3897.46,4754,2026-09-09,False
2026-08-25,24,BLR-HYD,BLR,HYD,T+15,15,IndiGo,3186.86,3887,2026-09-09,False
2026-08-25,24,BLR-HYD,BLR,HYD,T+15,15,Akasa Air,3048.79,3719,2026-09-09,False
2026-08-25,24,BLR-HYD,BLR,HYD,T+15,15,Air India,3826.59,4668,2026-09-09,False
2026-08-25,24,BLR-HYD,BLR,HYD,T+30,30,IndiGo,2796.52,3411,2026-09-24,False
2026-08-25,24,BLR-HYD,BLR,HYD,T+30,30,IndiGo,3067.4,3742,2026-09-24,False
2026-08-25,24,BLR-HYD,BLR,HYD,T+30,30,Air India,3260.03,3977,2026-09-24,False
2026-08-25,24,BLR-HYD,BLR,HYD,T+30,30,Air India,3151.39,3844,2026-09-24,False
2026-08-25,24,BLR-HYD,BLR,HYD,T+30,30,IndiGo,2809.74,3427,2026-09-24,False
2026-08-25,24,BLR-HYD,BLR,HYD,T+45,45,IndiGo,2294.27,2799,2026-10-09,False
2026-08-25,24,BLR-HYD,BLR,HYD,T+45,45,Air India,2907.22,3546,2026-10-09,False
2026-08-25,24,BLR-HYD,BLR,HYD,T+45,45,Air India,2918.24,3560,2026-10-09,False
2026-08-25,24,BLR-HYD,BLR,HYD,T+45,45,IndiGo,2542.71,3102,2026-10-09,False
2026-08-25,24,BLR-HYD,BLR,HYD,T+45,45,IndiGo,2558.21,3121,2026-10-09,False
2026-08-25,24,MAA-DEL,MAA,DEL,T+1,1,IndiGo,11292.36,13776,2026-08-26,False
2026-08-25,24,MAA-DEL,MAA,DEL,T+1,1,Air India,13480.52,16446,2026-08-26,False
2026-08-25,24,MAA-DEL,MAA,DEL,T+1,1,IndiGo,11186.73,13647,2026-08-26,False
2026-08-25,24,MAA-DEL,MAA,DEL,T+1,1,Air India,13016.89,15880,2026-08-26,False
2026-08-25,24,MAA-DEL,MAA,DEL,T+1,1,IndiGo,11619.64,14175,2026-08-26,False
2026-08-25,24,MAA-DEL,MAA,DEL,T+7,7,Air India,9163.11,11178,2026-09-01,False
2026-08-25,24,MAA-DEL,MAA,DEL,T+7,7,Air India,9451.44,11530,2026-09-01,False
2026-08-25,24,MAA-DEL,MAA,DEL,T+7,7,Air India,9256.56,11293,2026-09-01,False
2026-08-25,24,MAA-DEL,MAA,DEL,T+7,7,Air India,9775.13,11925,2026-09-01,False
2026-08-25,24,MAA-DEL,MAA,DEL,T+7,7,IndiGo,8647.8,10550,2026-09-01,False
2026-08-25,24,MAA-DEL,MAA,DEL,T+15,15,IndiGo,5907.62,7207,2026-09-09,False
2026-08-25,24,MAA-DEL,MAA,DEL,T+15,15,IndiGo,5788.16,7061,2026-09-09,False
2026-08-25,24,MAA-DEL,MAA,DEL,T+15,15,IndiGo,6162.54,7518,2026-09-09,False
2026-08-25,24,MAA-DEL,MAA,DEL,T+15,15,IndiGo,6193.0,7555,2026-09-09,False
2026-08-25,24,MAA-DEL,MAA,DEL,T+15,15,IndiGo,6236.96,7609,2026-09-09,False
2026-08-25,24,MAA-DEL,MAA,DEL,T+30,30,Air India,6157.04,7511,2026-09-24,False
2026-08-25,24,MAA-DEL,MAA,DEL,T+30,30,IndiGo,5268.11,6427,2026-09-24,False
2026-08-25,24,MAA-DEL,MAA,DEL,T+30,30,IndiGo,5373.61,6555,2026-09-24,False
2026-08-25,24,MAA-DEL,MAA,DEL,T+30,30,IndiGo,5498.56,6708,2026-09-24,False
2026-08-25,24,MAA-DEL,MAA,DEL,T+30,30,Air India,5826.76,7108,2026-09-24,False
2026-08-25,24,MAA-DEL,MAA,DEL,T+45,45,Air India,5487.98,6695,2026-10-09,False
2026-08-25,24,MAA-DEL,MAA,DEL,T+45,45,IndiGo,4751.17,5796,2026-10-09,False
2026-08-25,24,MAA-DEL,MAA,DEL,T+45,45,IndiGo,4564.36,5568,2026-10-09,False
2026-08-25,24,MAA-DEL,MAA,DEL,T+45,45,Air India,5896.65,7193,2026-10-09,False
2026-08-25,24,MAA-DEL,MAA,DEL,T+45,45,IndiGo,4611.0,5625,2026-10-09,False
2026-08-25,24,DEL-PNQ,DEL,PNQ,T+1,1,IndiGo,9032.14,11019,2026-08-26,False
2026-08-25,24,DEL-PNQ,DEL,PNQ,T+1,1,IndiGo,9221.24,11249,2026-08-26,False
2026-08-25,24,DEL-PNQ,DEL,PNQ,T+1,1,IndiGo,8858.02,10806,2026-08-26,False
2026-08-25,24,DEL-PNQ,DEL,PNQ,T+1,1,IndiGo,8460.62,10321,2026-08-26,False
2026-08-25,24,DEL-PNQ,DEL,PNQ,T+1,1,Akasa Air,8628.16,10526,2026-08-26,False
2026-08-25,24,DEL-PNQ,DEL,PNQ,T+7,7,IndiGo,6631.87,8090,2026-09-01,False
2026-08-25,24,DEL-PNQ,DEL,PNQ,T+7,7,IndiGo,6325.75,7717,2026-09-01,False
2026-08-25,24,DEL-PNQ,DEL,PNQ,T+7,7,Air India,7323.14,8934,2026-09-01,False
2026-08-25,24,DEL-PNQ,DEL,PNQ,T+7,7,IndiGo,6608.62,8062,2026-09-01,False
2026-08-25,24,DEL-PNQ,DEL,PNQ,T+7,7,Air India,7459.34,9100,2026-09-01,False
2026-08-25,24,DEL-PNQ,DEL,PNQ,T+15,15,IndiGo,4783.53,5835,2026-09-09,False
2026-08-25,24,DEL-PNQ,DEL,PNQ,T+15,15,Air India,5772.1,7041,2026-09-09,False
2026-08-25,24,DEL-PNQ,DEL,PNQ,T+15,15,IndiGo,5001.89,6102,2026-09-09,False
2026-08-25,24,DEL-PNQ,DEL,PNQ,T+15,15,IndiGo,5276.51,6437,2026-09-09,False
2026-08-25,24,DEL-PNQ,DEL,PNQ,T+15,15,Air India,5908.32,7208,2026-09-09,False
2026-08-25,24,DEL-PNQ,DEL,PNQ,T+30,30,IndiGo,4344.18,5299,2026-09-24,False
2026-08-25,24,DEL-PNQ,DEL,PNQ,T+30,30,Air India,4834.61,5898,2026-09-24,False
2026-08-25,24,DEL-PNQ,DEL,PNQ,T+30,30,IndiGo,4024.82,4910,2026-09-24,False
2026-08-25,24,DEL-PNQ,DEL,PNQ,T+30,30,IndiGo,4183.82,5104,2026-09-24,False
2026-08-25,24,DEL-PNQ,DEL,PNQ,T+30,30,IndiGo,4190.37,5112,2026-09-24,False
2026-08-25,24,DEL-PNQ,DEL,PNQ,T+45,45,IndiGo,3570.78,4356,2026-10-09,False
2026-08-25,24,DEL-PNQ,DEL,PNQ,T+45,45,IndiGo,3688.09,4499,2026-10-09,False
2026-08-25,24,DEL-PNQ,DEL,PNQ,T+45,45,Air India,4436.05,5411,2026-10-09,False
2026-08-25,24,DEL-PNQ,DEL,PNQ,T+45,45,IndiGo,3757.67,4584,2026-10-09,False
2026-08-25,24,DEL-PNQ,DEL,PNQ,T+45,45,Akasa Air,3657.1,4461,2026-10-09,False
2026-08-26,25,DEL-BOM,DEL,BOM,T+1,1,IndiGo,9911.89,12092,2026-08-27,False
2026-08-26,25,DEL-BOM,DEL,BOM,T+1,1,IndiGo,9637.85,11758,2026-08-27,False
2026-08-26,25,DEL-BOM,DEL,BOM,T+1,1,Air India,11359.73,13858,2026-08-27,False
2026-08-26,25,DEL-BOM,DEL,BOM,T+1,1,Air India,11082.37,13520,2026-08-27,False
2026-08-26,25,DEL-BOM,DEL,BOM,T+1,1,IndiGo,10424.89,12718,2026-08-27,False
2026-08-26,25,DEL-BOM,DEL,BOM,T+7,7,IndiGo,6947.12,8475,2026-09-02,False
2026-08-26,25,DEL-BOM,DEL,BOM,T+7,7,IndiGo,6889.21,8404,2026-09-02,False
2026-08-26,25,DEL-BOM,DEL,BOM,T+7,7,IndiGo,6718.13,8196,2026-09-02,False
2026-08-26,25,DEL-BOM,DEL,BOM,T+7,7,Air India,9027.58,11013,2026-09-02,False
2026-08-26,25,DEL-BOM,DEL,BOM,T+7,7,Air India,7878.9,9612,2026-09-02,False
2026-08-26,25,DEL-BOM,DEL,BOM,T+15,15,Air India,6135.32,7485,2026-09-10,False
2026-08-26,25,DEL-BOM,DEL,BOM,T+15,15,IndiGo,5360.26,6539,2026-09-10,False
2026-08-26,25,DEL-BOM,DEL,BOM,T+15,15,IndiGo,5394.36,6581,2026-09-10,False
2026-08-26,25,DEL-BOM,DEL,BOM,T+15,15,IndiGo,5460.51,6661,2026-09-10,False
2026-08-26,25,DEL-BOM,DEL,BOM,T+15,15,IndiGo,5617.63,6853,2026-09-10,False
2026-08-26,25,DEL-BOM,DEL,BOM,T+30,30,IndiGo,4608.83,5622,2026-09-25,False
2026-08-26,25,DEL-BOM,DEL,BOM,T+30,30,IndiGo,4361.22,5320,2026-09-25,False
2026-08-26,25,DEL-BOM,DEL,BOM,T+30,30,IndiGo,4487.87,5475,2026-09-25,False
2026-08-26,25,DEL-BOM,DEL,BOM,T+30,30,IndiGo,4577.39,5584,2026-09-25,False
2026-08-26,25,DEL-BOM,DEL,BOM,T+30,30,Air India,5725.46,6985,2026-09-25,False
2026-08-26,25,DEL-BOM,DEL,BOM,T+45,45,IndiGo,3828.49,4670,2026-10-10,False
2026-08-26,25,DEL-BOM,DEL,BOM,T+45,45,IndiGo,4194.85,5117,2026-10-10,False
2026-08-26,25,DEL-BOM,DEL,BOM,T+45,45,Air India,4775.65,5826,2026-10-10,False
2026-08-26,25,DEL-BOM,DEL,BOM,T+45,45,IndiGo,4143.46,5055,2026-10-10,False
2026-08-26,25,DEL-BOM,DEL,BOM,T+45,45,Akasa Air,3884.39,4738,2026-10-10,False
2026-08-26,25,BOM-DEL,BOM,DEL,T+1,1,IndiGo,9522.66,11617,2026-08-27,False
2026-08-26,25,BOM-DEL,BOM,DEL,T+1,1,Akasa Air,9751.84,11897,2026-08-27,False
2026-08-26,25,BOM-DEL,BOM,DEL,T+1,1,IndiGo,10036.71,12244,2026-08-27,False
2026-08-26,25,BOM-DEL,BOM,DEL,T+1,1,IndiGo,10145.79,12377,2026-08-27,False
2026-08-26,25,BOM-DEL,BOM,DEL,T+1,1,IndiGo,9807.4,11965,2026-08-27,False
2026-08-26,25,BOM-DEL,BOM,DEL,T+7,7,Akasa Air,6583.4,8031,2026-09-02,False
2026-08-26,25,BOM-DEL,BOM,DEL,T+7,7,IndiGo,6565.01,8009,2026-09-02,False
2026-08-26,25,BOM-DEL,BOM,DEL,T+7,7,IndiGo,7142.99,8714,2026-09-02,False
2026-08-26,25,BOM-DEL,BOM,DEL,T+7,7,IndiGo,7046.87,8597,2026-09-02,False
2026-08-26,25,BOM-DEL,BOM,DEL,T+7,7,IndiGo,6709.14,8185,2026-09-02,False
2026-08-26,25,BOM-DEL,BOM,DEL,T+15,15,IndiGo,5183.78,6324,2026-09-10,False
2026-08-26,25,BOM-DEL,BOM,DEL,T+15,15,IndiGo,5197.06,6340,2026-09-10,False
2026-08-26,25,BOM-DEL,BOM,DEL,T+15,15,Air India,5905.51,7204,2026-09-10,False
2026-08-26,25,BOM-DEL,BOM,DEL,T+15,15,Air India,6050.55,7381,2026-09-10,False
2026-08-26,25,BOM-DEL,BOM,DEL,T+15,15,IndiGo,5073.7,6189,2026-09-10,False
2026-08-26,25,BOM-DEL,BOM,DEL,T+30,30,Air India,5261.9,6419,2026-09-25,False
2026-08-26,25,BOM-DEL,BOM,DEL,T+30,30,Air India,5200.95,6345,2026-09-25,False
2026-08-26,25,BOM-DEL,BOM,DEL,T+30,30,IndiGo,4270.72,5210,2026-09-25,False
2026-08-26,25,BOM-DEL,BOM,DEL,T+30,30,Air India,5716.93,6974,2026-09-25,False
2026-08-26,25,BOM-DEL,BOM,DEL,T+30,30,IndiGo,4727.13,5767,2026-09-25,False
2026-08-26,25,BOM-DEL,BOM,DEL,T+45,45,IndiGo,3915.67,4777,2026-10-10,False
2026-08-26,25,BOM-DEL,BOM,DEL,T+45,45,IndiGo,4063.8,4957,2026-10-10,False
2026-08-26,25,BOM-DEL,BOM,DEL,T+45,45,IndiGo,4084.24,4982,2026-10-10,False
2026-08-26,25,BOM-DEL,BOM,DEL,T+45,45,IndiGo,4193.23,5115,2026-10-10,False
2026-08-26,25,BOM-DEL,BOM,DEL,T+45,45,Air India,4609.79,5623,2026-10-10,False
2026-08-26,25,DEL-BLR,DEL,BLR,T+1,1,IndiGo,12537.87,15296,2026-08-27,False
2026-08-26,25,DEL-BLR,DEL,BLR,T+1,1,IndiGo,11844.69,14450,2026-08-27,False
2026-08-26,25,DEL-BLR,DEL,BLR,T+1,1,IndiGo,11511.64,14044,2026-08-27,False
2026-08-26,25,DEL-BLR,DEL,BLR,T+1,1,Air India,14598.13,17809,2026-08-27,False
2026-08-26,25,DEL-BLR,DEL,BLR,T+1,1,Air India,14880.48,18154,2026-08-27,False
2026-08-26,25,DEL-BLR,DEL,BLR,T+7,7,IndiGo,9320.38,11370,2026-09-02,False
2026-08-26,25,DEL-BLR,DEL,BLR,T+7,7,SpiceJet,7756.5,9462,2026-09-02,False
2026-08-26,25,DEL-BLR,DEL,BLR,T+7,7,Air India,10322.09,12592,2026-09-02,False
2026-08-26,25,DEL-BLR,DEL,BLR,T+7,7,IndiGo,8423.7,10276,2026-09-02,False
2026-08-26,25,DEL-BLR,DEL,BLR,T+7,7,IndiGo,8780.6,10712,2026-09-02,False
2026-08-26,25,DEL-BLR,DEL,BLR,T+15,15,IndiGo,6167.94,7524,2026-09-10,False
2026-08-26,25,DEL-BLR,DEL,BLR,T+15,15,Air India,7327.41,8939,2026-09-10,False
2026-08-26,25,DEL-BLR,DEL,BLR,T+15,15,IndiGo,6326.02,7717,2026-09-10,False
2026-08-26,25,DEL-BLR,DEL,BLR,T+15,15,IndiGo,6520.58,7955,2026-09-10,False
2026-08-26,25,DEL-BLR,DEL,BLR,T+15,15,SpiceJet,6022.14,7347,2026-09-10,False
2026-08-26,25,DEL-BLR,DEL,BLR,T+30,30,IndiGo,5702.23,6956,2026-09-25,False
2026-08-26,25,DEL-BLR,DEL,BLR,T+30,30,IndiGo,5773.99,7044,2026-09-25,False
2026-08-26,25,DEL-BLR,DEL,BLR,T+30,30,IndiGo,5690.63,6942,2026-09-25,False
2026-08-26,25,DEL-BLR,DEL,BLR,T+30,30,IndiGo,5889.45,7185,2026-09-25,False
2026-08-26,25,DEL-BLR,DEL,BLR,T+30,30,Air India,6666.69,8133,2026-09-25,False
2026-08-26,25,DEL-BLR,DEL,BLR,T+45,45,IndiGo,4743.35,5786,2026-10-10,False
2026-08-26,25,DEL-BLR,DEL,BLR,T+45,45,IndiGo,5190.78,6332,2026-10-10,False
2026-08-26,25,DEL-BLR,DEL,BLR,T+45,45,IndiGo,4849.43,5916,2026-10-10,False
2026-08-26,25,DEL-BLR,DEL,BLR,T+45,45,IndiGo,5112.24,6236,2026-10-10,False
2026-08-26,25,DEL-BLR,DEL,BLR,T+45,45,IndiGo,5227.26,6377,2026-10-10,False
2026-08-26,25,BOM-BLR,BOM,BLR,T+1,1,IndiGo,7860.02,9589,2026-08-27,False
2026-08-26,25,BOM-BLR,BOM,BLR,T+1,1,IndiGo,7331.24,8944,2026-08-27,False
2026-08-26,25,BOM-BLR,BOM,BLR,T+1,1,IndiGo,7487.73,9135,2026-08-27,False
2026-08-26,25,BOM-BLR,BOM,BLR,T+1,1,IndiGo,8094.52,9875,2026-08-27,False
2026-08-26,25,BOM-BLR,BOM,BLR,T+1,1,IndiGo,7690.57,9382,2026-08-27,False
2026-08-26,25,BOM-BLR,BOM,BLR,T+7,7,Air India,6472.67,7896,2026-09-02,False
2026-08-26,25,BOM-BLR,BOM,BLR,T+7,7,IndiGo,5620.37,6856,2026-09-02,False
2026-08-26,25,BOM-BLR,BOM,BLR,T+7,7,IndiGo,5608.39,6842,2026-09-02,False
2026-08-26,25,BOM-BLR,BOM,BLR,T+7,7,IndiGo,5528.39,6744,2026-09-02,False
2026-08-26,25,BOM-BLR,BOM,BLR,T+7,7,IndiGo,5434.98,6630,2026-09-02,False
2026-08-26,25,BOM-BLR,BOM,BLR,T+15,15,IndiGo,4120.14,5026,2026-09-10,False
2026-08-26,25,BOM-BLR,BOM,BLR,T+15,15,Akasa Air,4155.31,5069,2026-09-10,False
2026-08-26,25,BOM-BLR,BOM,BLR,T+15,15,IndiGo,4246.44,5180,2026-09-10,False
2026-08-26,25,BOM-BLR,BOM,BLR,T+15,15,Air India,4866.95,5937,2026-09-10,False
2026-08-26,25,BOM-BLR,BOM,BLR,T+15,15,IndiGo,4323.5,5274,2026-09-10,False
2026-08-26,25,BOM-BLR,BOM,BLR,T+30,30,IndiGo,3554.5,4336,2026-09-25,False
2026-08-26,25,BOM-BLR,BOM,BLR,T+30,30,Air India,4084.1,4982,2026-09-25,False
2026-08-26,25,BOM-BLR,BOM,BLR,T+30,30,IndiGo,3475.78,4240,2026-09-25,False
2026-08-26,25,BOM-BLR,BOM,BLR,T+30,30,Air India,4065.38,4959,2026-09-25,False
2026-08-26,25,BOM-BLR,BOM,BLR,T+30,30,Akasa Air,3424.9,4178,2026-09-25,False
2026-08-26,25,BOM-BLR,BOM,BLR,T+45,45,Akasa Air,3206.38,3911,2026-10-10,False
2026-08-26,25,BOM-BLR,BOM,BLR,T+45,45,Air India,3636.41,4436,2026-10-10,False
2026-08-26,25,BOM-BLR,BOM,BLR,T+45,45,IndiGo,3194.83,3897,2026-10-10,False
2026-08-26,25,BOM-BLR,BOM,BLR,T+45,45,IndiGo,3100.94,3783,2026-10-10,False
2026-08-26,25,BOM-BLR,BOM,BLR,T+45,45,Air India,3707.76,4523,2026-10-10,False
2026-08-26,25,DEL-CCU,DEL,CCU,T+1,1,IndiGo,10365.71,12646,2026-08-27,False
2026-08-26,25,DEL-CCU,DEL,CCU,T+1,1,IndiGo,10859.64,13248,2026-08-27,False
2026-08-26,25,DEL-CCU,DEL,CCU,T+1,1,Air India,12815.06,15634,2026-08-27,False
2026-08-26,25,DEL-CCU,DEL,CCU,T+1,1,Akasa Air,10798.93,13174,2026-08-27,False
2026-08-26,25,DEL-CCU,DEL,CCU,T+1,1,IndiGo,11029.64,13456,2026-08-27,False
2026-08-26,25,DEL-CCU,DEL,CCU,T+7,7,IndiGo,7420.21,9052,2026-09-02,False
2026-08-26,25,DEL-CCU,DEL,CCU,T+7,7,Air India,9477.52,11562,2026-09-02,False
2026-08-26,25,DEL-CCU,DEL,CCU,T+7,7,IndiGo,7802.08,9518,2026-09-02,False
2026-08-26,25,DEL-CCU,DEL,CCU,T+7,7,IndiGo,7798.85,9514,2026-09-02,False
2026-08-26,25,DEL-CCU,DEL,CCU,T+7,7,IndiGo,7742.58,9445,2026-09-02,False
2026-08-26,25,DEL-CCU,DEL,CCU,T+15,15,Air India,6821.62,8322,2026-09-10,False
2026-08-26,25,DEL-CCU,DEL,CCU,T+15,15,IndiGo,5937.91,7244,2026-09-10,False
2026-08-26,25,DEL-CCU,DEL,CCU,T+15,15,IndiGo,5991.08,7309,2026-09-10,False
2026-08-26,25,DEL-CCU,DEL,CCU,T+15,15,IndiGo,5532.68,6749,2026-09-10,False
2026-08-26,25,DEL-CCU,DEL,CCU,T+15,15,Air India,6816.51,8316,2026-09-10,False
2026-08-26,25,DEL-CCU,DEL,CCU,T+30,30,IndiGo,5006.06,6107,2026-09-25,False
2026-08-26,25,DEL-CCU,DEL,CCU,T+30,30,Akasa Air,4935.48,6021,2026-09-25,False
2026-08-26,25,DEL-CCU,DEL,CCU,T+30,30,Air India,6203.73,7568,2026-09-25,False
2026-08-26,25,DEL-CCU,DEL,CCU,T+30,30,IndiGo,4914.7,5995,2026-09-25,False
2026-08-26,25,DEL-CCU,DEL,CCU,T+30,30,IndiGo,4963.1,6054,2026-09-25,False
2026-08-26,25,DEL-CCU,DEL,CCU,T+45,45,Air India,5198.39,6342,2026-10-10,False
2026-08-26,25,DEL-CCU,DEL,CCU,T+45,45,Air India,5144.85,6276,2026-10-10,False
2026-08-26,25,DEL-CCU,DEL,CCU,T+45,45,Air India,5229.03,6379,2026-10-10,False
2026-08-26,25,DEL-CCU,DEL,CCU,T+45,45,IndiGo,4611.02,5625,2026-10-10,False
2026-08-26,25,DEL-CCU,DEL,CCU,T+45,45,IndiGo,4324.29,5275,2026-10-10,False
2026-08-26,25,BLR-HYD,BLR,HYD,T+1,1,IndiGo,6128.55,7476,2026-08-27,False
2026-08-26,25,BLR-HYD,BLR,HYD,T+1,1,IndiGo,5678.46,6927,2026-08-27,False
2026-08-26,25,BLR-HYD,BLR,HYD,T+1,1,IndiGo,5919.5,7221,2026-08-27,False
2026-08-26,25,BLR-HYD,BLR,HYD,T+1,1,SpiceJet,5654.37,6898,2026-08-27,False
2026-08-26,25,BLR-HYD,BLR,HYD,T+1,1,Air India,7535.94,9193,2026-08-27,False
2026-08-26,25,BLR-HYD,BLR,HYD,T+7,7,IndiGo,4232.04,5163,2026-09-02,False
2026-08-26,25,BLR-HYD,BLR,HYD,T+7,7,IndiGo,3943.92,4811,2026-09-02,False
2026-08-26,25,BLR-HYD,BLR,HYD,T+7,7,IndiGo,3974.19,4848,2026-09-02,False
2026-08-26,25,BLR-HYD,BLR,HYD,T+7,7,IndiGo,4278.23,5219,2026-09-02,False
2026-08-26,25,BLR-HYD,BLR,HYD,T+7,7,Air India,5146.03,6278,2026-09-02,False
2026-08-26,25,BLR-HYD,BLR,HYD,T+15,15,IndiGo,3294.03,4018,2026-09-10,False
2026-08-26,25,BLR-HYD,BLR,HYD,T+15,15,IndiGo,3270.37,3989,2026-09-10,False
2026-08-26,25,BLR-HYD,BLR,HYD,T+15,15,IndiGo,3383.56,4127,2026-09-10,False
2026-08-26,25,BLR-HYD,BLR,HYD,T+15,15,Air India,3760.72,4588,2026-09-10,False
2026-08-26,25,BLR-HYD,BLR,HYD,T+15,15,IndiGo,3353.14,4090,2026-09-10,False
2026-08-26,25,BLR-HYD,BLR,HYD,T+30,30,IndiGo,2627.65,3205,2026-09-25,False
2026-08-26,25,BLR-HYD,BLR,HYD,T+30,30,IndiGo,2698.56,3292,2026-09-25,False
2026-08-26,25,BLR-HYD,BLR,HYD,T+30,30,IndiGo,2610.57,3184,2026-09-25,False
2026-08-26,25,BLR-HYD,BLR,HYD,T+30,30,IndiGo,2760.02,3367,2026-09-25,False
2026-08-26,25,BLR-HYD,BLR,HYD,T+30,30,IndiGo,2782.32,3394,2026-09-25,False
2026-08-26,25,BLR-HYD,BLR,HYD,T+45,45,Air India,2932.13,3577,2026-10-10,False
2026-08-26,25,BLR-HYD,BLR,HYD,T+45,45,IndiGo,2482.55,3028,2026-10-10,False
2026-08-26,25,BLR-HYD,BLR,HYD,T+45,45,Air India,2825.66,3447,2026-10-10,False
2026-08-26,25,BLR-HYD,BLR,HYD,T+45,45,IndiGo,2460.69,3002,2026-10-10,False
2026-08-26,25,BLR-HYD,BLR,HYD,T+45,45,Air India,2767.4,3376,2026-10-10,False
2026-08-26,25,MAA-DEL,MAA,DEL,T+1,1,Air India,14217.37,17345,2026-08-27,False
2026-08-26,25,MAA-DEL,MAA,DEL,T+1,1,IndiGo,11387.88,13893,2026-08-27,False
2026-08-26,25,MAA-DEL,MAA,DEL,T+1,1,IndiGo,11313.24,13802,2026-08-27,False
2026-08-26,25,MAA-DEL,MAA,DEL,T+1,1,IndiGo,12150.31,14823,2026-08-27,False
2026-08-26,25,MAA-DEL,MAA,DEL,T+1,1,Akasa Air,10662.07,13007,2026-08-27,False
2026-08-26,25,MAA-DEL,MAA,DEL,T+7,7,IndiGo,7824.77,9546,2026-09-02,False
2026-08-26,25,MAA-DEL,MAA,DEL,T+7,7,IndiGo,7833.14,9556,2026-09-02,False
2026-08-26,25,MAA-DEL,MAA,DEL,T+7,7,SpiceJet,7698.62,9392,2026-09-02,False
2026-08-26,25,MAA-DEL,MAA,DEL,T+7,7,Air India,9748.4,11893,2026-09-02,False
2026-08-26,25,MAA-DEL,MAA,DEL,T+7,7,IndiGo,8356.56,10195,2026-09-02,False
2026-08-26,25,MAA-DEL,MAA,DEL,T+15,15,IndiGo,6755.72,8241,2026-09-10,False
2026-08-26,25,MAA-DEL,MAA,DEL,T+15,15,IndiGo,5709.84,6966,2026-09-10,False
2026-08-26,25,MAA-DEL,MAA,DEL,T+15,15,IndiGo,6329.84,7722,2026-09-10,False
2026-08-26,25,MAA-DEL,MAA,DEL,T+15,15,Air India,7164.39,8740,2026-09-10,False
2026-08-26,25,MAA-DEL,MAA,DEL,T+15,15,IndiGo,6070.59,7406,2026-09-10,False
2026-08-26,25,MAA-DEL,MAA,DEL,T+30,30,IndiGo,5197.16,6340,2026-09-25,False
2026-08-26,25,MAA-DEL,MAA,DEL,T+30,30,Air India,6063.83,7397,2026-09-25,False
2026-08-26,25,MAA-DEL,MAA,DEL,T+30,30,IndiGo,5625.61,6863,2026-09-25,False
2026-08-26,25,MAA-DEL,MAA,DEL,T+30,30,IndiGo,5469.01,6672,2026-09-25,False
2026-08-26,25,MAA-DEL,MAA,DEL,T+30,30,IndiGo,5316.71,6486,2026-09-25,False
2026-08-26,25,MAA-DEL,MAA,DEL,T+45,45,IndiGo,4945.42,6033,2026-10-10,False
2026-08-26,25,MAA-DEL,MAA,DEL,T+45,45,Air India,5272.43,6432,2026-10-10,False
2026-08-26,25,MAA-DEL,MAA,DEL,T+45,45,Air India,5307.86,6475,2026-10-10,False
2026-08-26,25,MAA-DEL,MAA,DEL,T+45,45,IndiGo,4362.17,5321,2026-10-10,False
2026-08-26,25,MAA-DEL,MAA,DEL,T+45,45,IndiGo,4606.53,5619,2026-10-10,False
2026-08-26,25,DEL-PNQ,DEL,PNQ,T+1,1,Air India,10738.39,13100,2026-08-27,False
2026-08-26,25,DEL-PNQ,DEL,PNQ,T+1,1,IndiGo,9089.81,11089,2026-08-27,False
2026-08-26,25,DEL-PNQ,DEL,PNQ,T+1,1,IndiGo,9104.54,11107,2026-08-27,False
2026-08-26,25,DEL-PNQ,DEL,PNQ,T+1,1,Air India,10150.61,12383,2026-08-27,False
2026-08-26,25,DEL-PNQ,DEL,PNQ,T+1,1,IndiGo,9311.8,11360,2026-08-27,False
2026-08-26,25,DEL-PNQ,DEL,PNQ,T+7,7,Air India,7620.09,9296,2026-09-02,False
2026-08-26,25,DEL-PNQ,DEL,PNQ,T+7,7,IndiGo,6574.16,8020,2026-09-02,False
2026-08-26,25,DEL-PNQ,DEL,PNQ,T+7,7,Air India,7056.11,8608,2026-09-02,False
2026-08-26,25,DEL-PNQ,DEL,PNQ,T+7,7,Akasa Air,6274.97,7655,2026-09-02,False
2026-08-26,25,DEL-PNQ,DEL,PNQ,T+7,7,Air India,7242.57,8835,2026-09-02,False
2026-08-26,25,DEL-PNQ,DEL,PNQ,T+15,15,IndiGo,4809.13,5867,2026-09-10,False
2026-08-26,25,DEL-PNQ,DEL,PNQ,T+15,15,Air India,5857.21,7145,2026-09-10,False
2026-08-26,25,DEL-PNQ,DEL,PNQ,T+15,15,IndiGo,4892.5,5968,2026-09-10,False
2026-08-26,25,DEL-PNQ,DEL,PNQ,T+15,15,Akasa Air,4582.18,5590,2026-09-10,False
2026-08-26,25,DEL-PNQ,DEL,PNQ,T+15,15,IndiGo,4878.03,5951,2026-09-10,False
2026-08-26,25,DEL-PNQ,DEL,PNQ,T+30,30,Air India,4664.12,5690,2026-09-25,False
2026-08-26,25,DEL-PNQ,DEL,PNQ,T+30,30,Air India,5126.7,6254,2026-09-25,False
2026-08-26,25,DEL-PNQ,DEL,PNQ,T+30,30,IndiGo,4150.21,5063,2026-09-25,False
2026-08-26,25,DEL-PNQ,DEL,PNQ,T+30,30,IndiGo,4343.9,5299,2026-09-25,False
2026-08-26,25,DEL-PNQ,DEL,PNQ,T+30,30,IndiGo,4103.21,5005,2026-09-25,False
2026-08-26,25,DEL-PNQ,DEL,PNQ,T+45,45,IndiGo,3647.68,4450,2026-10-10,False
2026-08-26,25,DEL-PNQ,DEL,PNQ,T+45,45,IndiGo,3616.39,4411,2026-10-10,False
2026-08-26,25,DEL-PNQ,DEL,PNQ,T+45,45,Air India,4515.04,5508,2026-10-10,False
2026-08-26,25,DEL-PNQ,DEL,PNQ,T+45,45,Air India,4271.93,5211,2026-10-10,False
2026-08-26,25,DEL-PNQ,DEL,PNQ,T+45,45,Air India,4479.54,5465,2026-10-10,False
2026-08-27,26,DEL-BOM,DEL,BOM,T+1,1,IndiGo,9696.34,11829,2026-08-28,False
2026-08-27,26,DEL-BOM,DEL,BOM,T+1,1,IndiGo,9148.21,11160,2026-08-28,False
2026-08-27,26,DEL-BOM,DEL,BOM,T+1,1,IndiGo,9631.72,11750,2026-08-28,False
2026-08-27,26,DEL-BOM,DEL,BOM,T+1,1,Air India,11108.41,13552,2026-08-28,False
2026-08-27,26,DEL-BOM,DEL,BOM,T+1,1,IndiGo,9839.56,12004,2026-08-28,False
2026-08-27,26,DEL-BOM,DEL,BOM,T+7,7,IndiGo,6665.35,8131,2026-09-03,False
2026-08-27,26,DEL-BOM,DEL,BOM,T+7,7,Air India,8465.48,10327,2026-09-03,False
2026-08-27,26,DEL-BOM,DEL,BOM,T+7,7,Air India,8173.59,9971,2026-09-03,False
2026-08-27,26,DEL-BOM,DEL,BOM,T+7,7,IndiGo,6911.9,8432,2026-09-03,False
2026-08-27,26,DEL-BOM,DEL,BOM,T+7,7,IndiGo,7114.79,8680,2026-09-03,False
2026-08-27,26,DEL-BOM,DEL,BOM,T+15,15,IndiGo,5470.48,6673,2026-09-11,False
2026-08-27,26,DEL-BOM,DEL,BOM,T+15,15,IndiGo,5288.22,6451,2026-09-11,False
2026-08-27,26,DEL-BOM,DEL,BOM,T+15,15,IndiGo,5149.11,6281,2026-09-11,False
2026-08-27,26,DEL-BOM,DEL,BOM,T+15,15,IndiGo,4963.37,6055,2026-09-11,False
2026-08-27,26,DEL-BOM,DEL,BOM,T+15,15,IndiGo,5164.88,6301,2026-09-11,False
2026-08-27,26,DEL-BOM,DEL,BOM,T+30,30,IndiGo,4437.97,5414,2026-09-26,False
2026-08-27,26,DEL-BOM,DEL,BOM,T+30,30,IndiGo,4552.95,5554,2026-09-26,False
2026-08-27,26,DEL-BOM,DEL,BOM,T+30,30,Akasa Air,4339.65,5294,2026-09-26,False
2026-08-27,26,DEL-BOM,DEL,BOM,T+30,30,IndiGo,4645.17,5667,2026-09-26,False
2026-08-27,26,DEL-BOM,DEL,BOM,T+30,30,Air India,5232.92,6384,2026-09-26,False
2026-08-27,26,DEL-BOM,DEL,BOM,T+45,45,Akasa Air,3896.84,4754,2026-10-11,False
2026-08-27,26,DEL-BOM,DEL,BOM,T+45,45,IndiGo,4199.04,5122,2026-10-11,False
2026-08-27,26,DEL-BOM,DEL,BOM,T+45,45,Air India,4810.34,5868,2026-10-11,False
2026-08-27,26,DEL-BOM,DEL,BOM,T+45,45,IndiGo,4023.49,4908,2026-10-11,False
2026-08-27,26,DEL-BOM,DEL,BOM,T+45,45,Air India,4653.32,5677,2026-10-11,False
2026-08-27,26,BOM-DEL,BOM,DEL,T+1,1,IndiGo,9610.08,11724,2026-08-28,False
2026-08-27,26,BOM-DEL,BOM,DEL,T+1,1,IndiGo,9535.31,11633,2026-08-28,False
2026-08-27,26,BOM-DEL,BOM,DEL,T+1,1,Air India,11367.18,13867,2026-08-28,False
2026-08-27,26,BOM-DEL,BOM,DEL,T+1,1,IndiGo,10087.83,12307,2026-08-28,False
2026-08-27,26,BOM-DEL,BOM,DEL,T+1,1,Akasa Air,9443.63,11521,2026-08-28,False
2026-08-27,26,BOM-DEL,BOM,DEL,T+7,7,Air India,7812.36,9531,2026-09-03,False
2026-08-27,26,BOM-DEL,BOM,DEL,T+7,7,Air India,8707.18,10622,2026-09-03,False
2026-08-27,26,BOM-DEL,BOM,DEL,T+7,7,IndiGo,7033.02,8580,2026-09-03,False
2026-08-27,26,BOM-DEL,BOM,DEL,T+7,7,IndiGo,6612.64,8067,2026-09-03,False
2026-08-27,26,BOM-DEL,BOM,DEL,T+7,7,Akasa Air,6631.33,8090,2026-09-03,False
2026-08-27,26,BOM-DEL,BOM,DEL,T+15,15,IndiGo,5312.48,6481,2026-09-11,False
2026-08-27,26,BOM-DEL,BOM,DEL,T+15,15,Air India,6611.14,8065,2026-09-11,False
2026-08-27,26,BOM-DEL,BOM,DEL,T+15,15,IndiGo,5086.7,6205,2026-09-11,False
2026-08-27,26,BOM-DEL,BOM,DEL,T+15,15,IndiGo,5472.73,6676,2026-09-11,False
2026-08-27,26,BOM-DEL,BOM,DEL,T+15,15,Air India,6544.52,7984,2026-09-11,False
2026-08-27,26,BOM-DEL,BOM,DEL,T+30,30,Air India,5229.99,6380,2026-09-26,False
2026-08-27,26,BOM-DEL,BOM,DEL,T+30,30,IndiGo,4491.9,5480,2026-09-26,False
2026-08-27,26,BOM-DEL,BOM,DEL,T+30,30,IndiGo,4371.43,5333,2026-09-26,False
2026-08-27,26,BOM-DEL,BOM,DEL,T+30,30,IndiGo,4503.65,5494,2026-09-26,False
2026-08-27,26,BOM-DEL,BOM,DEL,T+30,30,Air India,5340.8,6515,2026-09-26,False
2026-08-27,26,BOM-DEL,BOM,DEL,T+45,45,IndiGo,4125.05,5032,2026-10-11,False
2026-08-27,26,BOM-DEL,BOM,DEL,T+45,45,IndiGo,4185.8,5106,2026-10-11,False
2026-08-27,26,BOM-DEL,BOM,DEL,T+45,45,IndiGo,3926.39,4790,2026-10-11,False
2026-08-27,26,BOM-DEL,BOM,DEL,T+45,45,Akasa Air,3635.77,4435,2026-10-11,False
2026-08-27,26,BOM-DEL,BOM,DEL,T+45,45,IndiGo,4028.96,4915,2026-10-11,False
2026-08-27,26,DEL-BLR,DEL,BLR,T+1,1,IndiGo,12220.15,14908,2026-08-28,False
2026-08-27,26,DEL-BLR,DEL,BLR,T+1,1,IndiGo,12201.47,14885,2026-08-28,False
2026-08-27,26,DEL-BLR,DEL,BLR,T+1,1,Air India,14097.35,17198,2026-08-28,False
2026-08-27,26,DEL-BLR,DEL,BLR,T+1,1,IndiGo,12148.69,14821,2026-08-28,False
2026-08-27,26,DEL-BLR,DEL,BLR,T+1,1,IndiGo,12737.45,15539,2026-08-28,False
2026-08-27,26,DEL-BLR,DEL,BLR,T+7,7,IndiGo,8674.53,10582,2026-09-03,False
2026-08-27,26,DEL-BLR,DEL,BLR,T+7,7,IndiGo,8448.29,10306,2026-09-03,False
2026-08-27,26,DEL-BLR,DEL,BLR,T+7,7,Air India,9915.3,12096,2026-09-03,False
2026-08-27,26,DEL-BLR,DEL,BLR,T+7,7,IndiGo,8509.27,10381,2026-09-03,False
2026-08-27,26,DEL-BLR,DEL,BLR,T+7,7,IndiGo,9050.53,11041,2026-09-03,False
2026-08-27,26,DEL-BLR,DEL,BLR,T+15,15,Air India,7629.41,9307,2026-09-11,False
2026-08-27,26,DEL-BLR,DEL,BLR,T+15,15,Air India,7673.36,9361,2026-09-11,False
2026-08-27,26,DEL-BLR,DEL,BLR,T+15,15,IndiGo,6403.21,7811,2026-09-11,False
2026-08-27,26,DEL-BLR,DEL,BLR,T+15,15,IndiGo,6763.69,8251,2026-09-11,False
2026-08-27,26,DEL-BLR,DEL,BLR,T+15,15,IndiGo,6959.93,8491,2026-09-11,False
2026-08-27,26,DEL-BLR,DEL,BLR,T+30,30,IndiGo,5670.76,6918,2026-09-26,False
2026-08-27,26,DEL-BLR,DEL,BLR,T+30,30,IndiGo,5598.88,6830,2026-09-26,False
2026-08-27,26,DEL-BLR,DEL,BLR,T+30,30,Air India,6590.2,8040,2026-09-26,False
2026-08-27,26,DEL-BLR,DEL,BLR,T+30,30,IndiGo,5116.83,6242,2026-09-26,False
2026-08-27,26,DEL-BLR,DEL,BLR,T+30,30,IndiGo,5728.31,6988,2026-09-26,False
2026-08-27,26,DEL-BLR,DEL,BLR,T+45,45,Akasa Air,4828.27,5890,2026-10-11,False
2026-08-27,26,DEL-BLR,DEL,BLR,T+45,45,Air India,5938.13,7244,2026-10-11,False
2026-08-27,26,DEL-BLR,DEL,BLR,T+45,45,IndiGo,4838.84,5903,2026-10-11,False
2026-08-27,26,DEL-BLR,DEL,BLR,T+45,45,Air India,5771.7,7041,2026-10-11,False
2026-08-27,26,DEL-BLR,DEL,BLR,T+45,45,Air India,5766.26,7034,2026-10-11,False
2026-08-27,26,BOM-BLR,BOM,BLR,T+1,1,IndiGo,8026.0,9791,2026-08-28,False
2026-08-27,26,BOM-BLR,BOM,BLR,T+1,1,IndiGo,7646.2,9328,2026-08-28,False
2026-08-27,26,BOM-BLR,BOM,BLR,T+1,1,Akasa Air,8051.22,9822,2026-08-28,False
2026-08-27,26,BOM-BLR,BOM,BLR,T+1,1,IndiGo,7865.77,9596,2026-08-28,False
2026-08-27,26,BOM-BLR,BOM,BLR,T+1,1,IndiGo,7402.94,9031,2026-08-28,False
2026-08-27,26,BOM-BLR,BOM,BLR,T+7,7,Air India,6436.08,7852,2026-09-03,False
2026-08-27,26,BOM-BLR,BOM,BLR,T+7,7,Air India,6317.71,7707,2026-09-03,False
2026-08-27,26,BOM-BLR,BOM,BLR,T+7,7,Air India,5968.62,7281,2026-09-03,False
2026-08-27,26,BOM-BLR,BOM,BLR,T+7,7,IndiGo,5790.85,7064,2026-09-03,False
2026-08-27,26,BOM-BLR,BOM,BLR,T+7,7,IndiGo,5618.81,6854,2026-09-03,False
2026-08-27,26,BOM-BLR,BOM,BLR,T+15,15,Akasa Air,4116.14,5021,2026-09-11,False
2026-08-27,26,BOM-BLR,BOM,BLR,T+15,15,Air India,4947.63,6036,2026-09-11,False
2026-08-27,26,BOM-BLR,BOM,BLR,T+15,15,IndiGo,3970.67,4844,2026-09-11,False
2026-08-27,26,BOM-BLR,BOM,BLR,T+15,15,IndiGo,4101.87,5004,2026-09-11,False
2026-08-27,26,BOM-BLR,BOM,BLR,T+15,15,Akasa Air,4159.78,5074,2026-09-11,False
2026-08-27,26,BOM-BLR,BOM,BLR,T+30,30,IndiGo,3444.84,4202,2026-09-26,False
2026-08-27,26,BOM-BLR,BOM,BLR,T+30,30,Air India,3842.79,4688,2026-09-26,False
2026-08-27,26,BOM-BLR,BOM,BLR,T+30,30,IndiGo,3548.0,4328,2026-09-26,False
2026-08-27,26,BOM-BLR,BOM,BLR,T+30,30,IndiGo,3558.68,4341,2026-09-26,False
2026-08-27,26,BOM-BLR,BOM,BLR,T+30,30,Akasa Air,3479.92,4245,2026-09-26,False
2026-08-27,26,BOM-BLR,BOM,BLR,T+45,45,IndiGo,3260.1,3977,2026-10-11,False
2026-08-27,26,BOM-BLR,BOM,BLR,T+45,45,IndiGo,3249.99,3964,2026-10-11,False
2026-08-27,26,BOM-BLR,BOM,BLR,T+45,45,Akasa Air,3106.54,3789,2026-10-11,False
2026-08-27,26,BOM-BLR,BOM,BLR,T+45,45,IndiGo,3312.07,4040,2026-10-11,False
2026-08-27,26,BOM-BLR,BOM,BLR,T+45,45,IndiGo,3010.03,3672,2026-10-11,False
2026-08-27,26,DEL-CCU,DEL,CCU,T+1,1,Air India,13151.72,16045,2026-08-28,False
2026-08-27,26,DEL-CCU,DEL,CCU,T+1,1,IndiGo,11202.27,13666,2026-08-28,False
2026-08-27,26,DEL-CCU,DEL,CCU,T+1,1,IndiGo,10486.31,12793,2026-08-28,False
2026-08-27,26,DEL-CCU,DEL,CCU,T+1,1,IndiGo,10385.29,12670,2026-08-28,False
2026-08-27,26,DEL-CCU,DEL,CCU,T+1,1,IndiGo,10675.69,13024,2026-08-28,False
2026-08-27,26,DEL-CCU,DEL,CCU,T+7,7,IndiGo,7578.02,9245,2026-09-03,False
2026-08-27,26,DEL-CCU,DEL,CCU,T+7,7,Air India,9387.03,11452,2026-09-03,False
2026-08-27,26,DEL-CCU,DEL,CCU,T+7,7,Air India,8949.14,10917,2026-09-03,False
2026-08-27,26,DEL-CCU,DEL,CCU,T+7,7,IndiGo,7525.13,9180,2026-09-03,False
2026-08-27,26,DEL-CCU,DEL,CCU,T+7,7,IndiGo,7591.57,9261,2026-09-03,False
2026-08-27,26,DEL-CCU,DEL,CCU,T+15,15,IndiGo,6133.65,7483,2026-09-11,False
2026-08-27,26,DEL-CCU,DEL,CCU,T+15,15,IndiGo,5905.25,7204,2026-09-11,False
2026-08-27,26,DEL-CCU,DEL,CCU,T+15,15,Air India,6915.14,8436,2026-09-11,False
2026-08-27,26,DEL-CCU,DEL,CCU,T+15,15,IndiGo,5879.83,7173,2026-09-11,False
2026-08-27,26,DEL-CCU,DEL,CCU,T+15,15,IndiGo,6169.48,7526,2026-09-11,False
2026-08-27,26,DEL-CCU,DEL,CCU,T+30,30,Air India,5808.29,7086,2026-09-26,False
2026-08-27,26,DEL-CCU,DEL,CCU,T+30,30,IndiGo,5292.28,6456,2026-09-26,False
2026-08-27,26,DEL-CCU,DEL,CCU,T+30,30,IndiGo,5096.61,6217,2026-09-26,False
2026-08-27,26,DEL-CCU,DEL,CCU,T+30,30,IndiGo,5030.93,6137,2026-09-26,False
2026-08-27,26,DEL-CCU,DEL,CCU,T+30,30,IndiGo,5502.18,6712,2026-09-26,False
2026-08-27,26,DEL-CCU,DEL,CCU,T+45,45,IndiGo,4331.03,5283,2026-10-11,False
2026-08-27,26,DEL-CCU,DEL,CCU,T+45,45,IndiGo,4441.51,5418,2026-10-11,False
2026-08-27,26,DEL-CCU,DEL,CCU,T+45,45,Air India,5073.24,6189,2026-10-11,False
2026-08-27,26,DEL-CCU,DEL,CCU,T+45,45,IndiGo,4647.1,5669,2026-10-11,False
2026-08-27,26,DEL-CCU,DEL,CCU,T+45,45,SpiceJet,4512.38,5505,2026-10-11,False
2026-08-27,26,BLR-HYD,BLR,HYD,T+1,1,IndiGo,6401.42,7809,2026-08-28,False
2026-08-27,26,BLR-HYD,BLR,HYD,T+1,1,IndiGo,6307.02,7694,2026-08-28,False
2026-08-27,26,BLR-HYD,BLR,HYD,T+1,1,Air India,7080.88,8638,2026-08-28,False
2026-08-27,26,BLR-HYD,BLR,HYD,T+1,1,IndiGo,5970.62,7284,2026-08-28,False
2026-08-27,26,BLR-HYD,BLR,HYD,T+1,1,IndiGo,5694.19,6946,2026-08-28,False
2026-08-27,26,BLR-HYD,BLR,HYD,T+7,7,Air India,5405.54,6594,2026-09-03,False
2026-08-27,26,BLR-HYD,BLR,HYD,T+7,7,Air India,5128.81,6257,2026-09-03,False
2026-08-27,26,BLR-HYD,BLR,HYD,T+7,7,IndiGo,4206.38,5131,2026-09-03,False
2026-08-27,26,BLR-HYD,BLR,HYD,T+7,7,Air India,5280.54,6442,2026-09-03,False
2026-08-27,26,BLR-HYD,BLR,HYD,T+7,7,Air India,4874.19,5946,2026-09-03,False
2026-08-27,26,BLR-HYD,BLR,HYD,T+15,15,IndiGo,3302.93,4029,2026-09-11,False
2026-08-27,26,BLR-HYD,BLR,HYD,T+15,15,IndiGo,3236.91,3949,2026-09-11,False
2026-08-27,26,BLR-HYD,BLR,HYD,T+15,15,Air India,3925.16,4788,2026-09-11,False
2026-08-27,26,BLR-HYD,BLR,HYD,T+15,15,IndiGo,3249.34,3964,2026-09-11,False
2026-08-27,26,BLR-HYD,BLR,HYD,T+15,15,IndiGo,3091.2,3771,2026-09-11,False
2026-08-27,26,BLR-HYD,BLR,HYD,T+30,30,IndiGo,2798.74,3414,2026-09-26,False
2026-08-27,26,BLR-HYD,BLR,HYD,T+30,30,IndiGo,2893.83,3530,2026-09-26,False
2026-08-27,26,BLR-HYD,BLR,HYD,T+30,30,Air India,3287.5,4010,2026-09-26,False
2026-08-27,26,BLR-HYD,BLR,HYD,T+30,30,IndiGo,2867.08,3497,2026-09-26,False
2026-08-27,26,BLR-HYD,BLR,HYD,T+30,30,Air India,3170.44,3867,2026-09-26,False
2026-08-27,26,BLR-HYD,BLR,HYD,T+45,45,IndiGo,2478.92,3024,2026-10-11,False
2026-08-27,26,BLR-HYD,BLR,HYD,T+45,45,IndiGo,2426.97,2960,2026-10-11,False
2026-08-27,26,BLR-HYD,BLR,HYD,T+45,45,IndiGo,2546.07,3106,2026-10-11,False
2026-08-27,26,BLR-HYD,BLR,HYD,T+45,45,IndiGo,2483.94,3030,2026-10-11,False
2026-08-27,26,BLR-HYD,BLR,HYD,T+45,45,Air India,2995.86,3654,2026-10-11,False
2026-08-27,26,MAA-DEL,MAA,DEL,T+1,1,IndiGo,11967.78,14600,2026-08-28,False
2026-08-27,26,MAA-DEL,MAA,DEL,T+1,1,IndiGo,11807.96,14405,2026-08-28,False
2026-08-27,26,MAA-DEL,MAA,DEL,T+1,1,IndiGo,11639.09,14199,2026-08-28,False
2026-08-27,26,MAA-DEL,MAA,DEL,T+1,1,Air India,13117.08,16002,2026-08-28,False
2026-08-27,26,MAA-DEL,MAA,DEL,T+1,1,IndiGo,11527.76,14063,2026-08-28,False
2026-08-27,26,MAA-DEL,MAA,DEL,T+7,7,IndiGo,8006.67,9768,2026-09-03,False
2026-08-27,26,MAA-DEL,MAA,DEL,T+7,7,Air India,9503.08,11593,2026-09-03,False
2026-08-27,26,MAA-DEL,MAA,DEL,T+7,7,IndiGo,8051.95,9823,2026-09-03,False
2026-08-27,26,MAA-DEL,MAA,DEL,T+7,7,Air India,9289.01,11332,2026-09-03,False
2026-08-27,26,MAA-DEL,MAA,DEL,T+7,7,IndiGo,7599.96,9271,2026-09-03,False
2026-08-27,26,MAA-DEL,MAA,DEL,T+15,15,Air India,7147.59,8720,2026-09-11,False
2026-08-27,26,MAA-DEL,MAA,DEL,T+15,15,Akasa Air,6052.51,7384,2026-09-11,False
2026-08-27,26,MAA-DEL,MAA,DEL,T+15,15,Air India,6973.4,8507,2026-09-11,False
2026-08-27,26,MAA-DEL,MAA,DEL,T+15,15,IndiGo,6211.27,7577,2026-09-11,False
2026-08-27,26,MAA-DEL,MAA,DEL,T+15,15,Akasa Air,6411.66,7822,2026-09-11,False
2026-08-27,26,MAA-DEL,MAA,DEL,T+30,30,IndiGo,5511.55,6724,2026-09-26,False
2026-08-27,26,MAA-DEL,MAA,DEL,T+30,30,IndiGo,5627.11,6865,2026-09-26,False
2026-08-27,26,MAA-DEL,MAA,DEL,T+30,30,Air India,6359.08,7758,2026-09-26,False
2026-08-27,26,MAA-DEL,MAA,DEL,T+30,30,Air India,6529.55,7966,2026-09-26,False
2026-08-27,26,MAA-DEL,MAA,DEL,T+30,30,Air India,6114.25,7459,2026-09-26,False
2026-08-27,26,MAA-DEL,MAA,DEL,T+45,45,IndiGo,4623.13,5640,2026-10-11,False
2026-08-27,26,MAA-DEL,MAA,DEL,T+45,45,IndiGo,4276.35,5217,2026-10-11,False
2026-08-27,26,MAA-DEL,MAA,DEL,T+45,45,IndiGo,4926.16,6009,2026-10-11,False
2026-08-27,26,MAA-DEL,MAA,DEL,T+45,45,IndiGo,4984.79,6081,2026-10-11,False
2026-08-27,26,MAA-DEL,MAA,DEL,T+45,45,IndiGo,4638.22,5658,2026-10-11,False
2026-08-27,26,DEL-PNQ,DEL,PNQ,T+1,1,Air India,10600.24,12932,2026-08-28,False
2026-08-27,26,DEL-PNQ,DEL,PNQ,T+1,1,IndiGo,8832.54,10775,2026-08-28,False
2026-08-27,26,DEL-PNQ,DEL,PNQ,T+1,1,IndiGo,9193.41,11215,2026-08-28,False
2026-08-27,26,DEL-PNQ,DEL,PNQ,T+1,1,Air India,11116.4,13562,2026-08-28,False
2026-08-27,26,DEL-PNQ,DEL,PNQ,T+1,1,IndiGo,8518.55,10392,2026-08-28,False
2026-08-27,26,DEL-PNQ,DEL,PNQ,T+7,7,IndiGo,6512.12,7944,2026-09-03,False
2026-08-27,26,DEL-PNQ,DEL,PNQ,T+7,7,Air India,7495.69,9144,2026-09-03,False
2026-08-27,26,DEL-PNQ,DEL,PNQ,T+7,7,IndiGo,6445.6,7863,2026-09-03,False
2026-08-27,26,DEL-PNQ,DEL,PNQ,T+7,7,Air India,7690.58,9382,2026-09-03,False
2026-08-27,26,DEL-PNQ,DEL,PNQ,T+7,7,IndiGo,6377.83,7780,2026-09-03,False
2026-08-27,26,DEL-PNQ,DEL,PNQ,T+15,15,IndiGo,4867.16,5937,2026-09-11,False
2026-08-27,26,DEL-PNQ,DEL,PNQ,T+15,15,IndiGo,4848.31,5914,2026-09-11,False
2026-08-27,26,DEL-PNQ,DEL,PNQ,T+15,15,IndiGo,5050.77,6161,2026-09-11,False
2026-08-27,26,DEL-PNQ,DEL,PNQ,T+15,15,IndiGo,4956.47,6046,2026-09-11,False
2026-08-27,26,DEL-PNQ,DEL,PNQ,T+15,15,IndiGo,4922.59,6005,2026-09-11,False
2026-08-27,26,DEL-PNQ,DEL,PNQ,T+30,30,Air India,4716.71,5754,2026-09-26,False
2026-08-27,26,DEL-PNQ,DEL,PNQ,T+30,30,IndiGo,4131.55,5040,2026-09-26,False
2026-08-27,26,DEL-PNQ,DEL,PNQ,T+30,30,Air India,5091.56,6211,2026-09-26,False
2026-08-27,26,DEL-PNQ,DEL,PNQ,T+30,30,Air India,4942.81,6030,2026-09-26,False
2026-08-27,26,DEL-PNQ,DEL,PNQ,T+30,30,Air India,5050.24,6161,2026-09-26,False
2026-08-27,26,DEL-PNQ,DEL,PNQ,T+45,45,IndiGo,3951.92,4821,2026-10-11,False
2026-08-27,26,DEL-PNQ,DEL,PNQ,T+45,45,IndiGo,3857.1,4705,2026-10-11,False
2026-08-27,26,DEL-PNQ,DEL,PNQ,T+45,45,IndiGo,3733.94,4555,2026-10-11,False
2026-08-27,26,DEL-PNQ,DEL,PNQ,T+45,45,IndiGo,3655.24,4459,2026-10-11,False
2026-08-27,26,DEL-PNQ,DEL,PNQ,T+45,45,Akasa Air,3282.15,4004,2026-10-11,False
2026-08-28,27,DEL-BOM,DEL,BOM,T+1,1,IndiGo,9788.51,11941,2026-08-29,False
2026-08-28,27,DEL-BOM,DEL,BOM,T+1,1,IndiGo,9734.19,11875,2026-08-29,False
2026-08-28,27,DEL-BOM,DEL,BOM,T+1,1,IndiGo,9981.07,12176,2026-08-29,False
2026-08-28,27,DEL-BOM,DEL,BOM,T+1,1,IndiGo,9793.5,11948,2026-08-29,False
2026-08-28,27,DEL-BOM,DEL,BOM,T+1,1,Akasa Air,9428.67,11502,2026-08-29,False
2026-08-28,27,DEL-BOM,DEL,BOM,T+7,7,IndiGo,6534.34,7971,2026-09-04,False
2026-08-28,27,DEL-BOM,DEL,BOM,T+7,7,Air India,7945.01,9692,2026-09-04,False
2026-08-28,27,DEL-BOM,DEL,BOM,T+7,7,IndiGo,7084.57,8643,2026-09-04,False
2026-08-28,27,DEL-BOM,DEL,BOM,T+7,7,IndiGo,7386.82,9011,2026-09-04,False
2026-08-28,27,DEL-BOM,DEL,BOM,T+7,7,IndiGo,6944.54,8472,2026-09-04,False
2026-08-28,27,DEL-BOM,DEL,BOM,T+15,15,IndiGo,5362.82,6542,2026-09-12,False
2026-08-28,27,DEL-BOM,DEL,BOM,T+15,15,IndiGo,5478.74,6684,2026-09-12,False
2026-08-28,27,DEL-BOM,DEL,BOM,T+15,15,IndiGo,5151.51,6284,2026-09-12,False
2026-08-28,27,DEL-BOM,DEL,BOM,T+15,15,IndiGo,5370.05,6551,2026-09-12,False
2026-08-28,27,DEL-BOM,DEL,BOM,T+15,15,Air India,6088.76,7428,2026-09-12,False
2026-08-28,27,DEL-BOM,DEL,BOM,T+30,30,IndiGo,4682.12,5712,2026-09-27,False
2026-08-28,27,DEL-BOM,DEL,BOM,T+30,30,IndiGo,4568.64,5573,2026-09-27,False
2026-08-28,27,DEL-BOM,DEL,BOM,T+30,30,Air India,5413.76,6604,2026-09-27,False
2026-08-28,27,DEL-BOM,DEL,BOM,T+30,30,IndiGo,4420.08,5392,2026-09-27,False
2026-08-28,27,DEL-BOM,DEL,BOM,T+30,30,IndiGo,4657.02,5681,2026-09-27,False
2026-08-28,27,DEL-BOM,DEL,BOM,T+45,45,IndiGo,4334.36,5287,2026-10-12,False
2026-08-28,27,DEL-BOM,DEL,BOM,T+45,45,Air India,4594.48,5605,2026-10-12,False
2026-08-28,27,DEL-BOM,DEL,BOM,T+45,45,Air India,4705.85,5741,2026-10-12,False
2026-08-28,27,DEL-BOM,DEL,BOM,T+45,45,Akasa Air,3943.75,4811,2026-10-12,False
2026-08-28,27,DEL-BOM,DEL,BOM,T+45,45,IndiGo,4150.79,5063,2026-10-12,False
2026-08-28,27,BOM-DEL,BOM,DEL,T+1,1,IndiGo,9653.71,11777,2026-08-29,False
2026-08-28,27,BOM-DEL,BOM,DEL,T+1,1,Air India,10457.5,12758,2026-08-29,False
2026-08-28,27,BOM-DEL,BOM,DEL,T+1,1,IndiGo,10314.96,12584,2026-08-29,False
2026-08-28,27,BOM-DEL,BOM,DEL,T+1,1,IndiGo,10108.64,12332,2026-08-29,False
2026-08-28,27,BOM-DEL,BOM,DEL,T+1,1,IndiGo,9245.87,11279,2026-08-29,False
2026-08-28,27,BOM-DEL,BOM,DEL,T+7,7,IndiGo,6820.14,8320,2026-09-04,False
2026-08-28,27,BOM-DEL,BOM,DEL,T+7,7,IndiGo,7350.79,8967,2026-09-04,False
2026-08-28,27,BOM-DEL,BOM,DEL,T+7,7,Air India,8631.58,10530,2026-09-04,False
2026-08-28,27,BOM-DEL,BOM,DEL,T+7,7,Air India,8485.18,10351,2026-09-04,False
2026-08-28,27,BOM-DEL,BOM,DEL,T+7,7,IndiGo,6925.37,8448,2026-09-04,False
2026-08-28,27,BOM-DEL,BOM,DEL,T+15,15,Air India,6268.92,7648,2026-09-12,False
2026-08-28,27,BOM-DEL,BOM,DEL,T+15,15,Air India,6222.12,7590,2026-09-12,False
2026-08-28,27,BOM-DEL,BOM,DEL,T+15,15,IndiGo,5511.35,6723,2026-09-12,False
2026-08-28,27,BOM-DEL,BOM,DEL,T+15,15,Air India,6059.15,7392,2026-09-12,False
2026-08-28,27,BOM-DEL,BOM,DEL,T+15,15,IndiGo,5152.45,6285,2026-09-12,False
2026-08-28,27,BOM-DEL,BOM,DEL,T+30,30,IndiGo,4705.25,5740,2026-09-27,False
2026-08-28,27,BOM-DEL,BOM,DEL,T+30,30,Air India,5349.48,6526,2026-09-27,False
2026-08-28,27,BOM-DEL,BOM,DEL,T+30,30,Air India,5616.29,6851,2026-09-27,False
2026-08-28,27,BOM-DEL,BOM,DEL,T+30,30,IndiGo,4437.75,5414,2026-09-27,False
2026-08-28,27,BOM-DEL,BOM,DEL,T+30,30,IndiGo,4535.85,5533,2026-09-27,False
2026-08-28,27,BOM-DEL,BOM,DEL,T+45,45,IndiGo,3909.19,4769,2026-10-12,False
2026-08-28,27,BOM-DEL,BOM,DEL,T+45,45,Air India,4763.71,5811,2026-10-12,False
2026-08-28,27,BOM-DEL,BOM,DEL,T+45,45,IndiGo,3830.56,4673,2026-10-12,False
2026-08-28,27,BOM-DEL,BOM,DEL,T+45,45,Air India,4681.2,5711,2026-10-12,False
2026-08-28,27,BOM-DEL,BOM,DEL,T+45,45,IndiGo,3836.54,4680,2026-10-12,False
2026-08-28,27,DEL-BLR,DEL,BLR,T+1,1,IndiGo,12413.16,15144,2026-08-29,False
2026-08-28,27,DEL-BLR,DEL,BLR,T+1,1,Air India,14645.79,17867,2026-08-29,False
2026-08-28,27,DEL-BLR,DEL,BLR,T+1,1,Air India,13422.22,16375,2026-08-29,False
2026-08-28,27,DEL-BLR,DEL,BLR,T+1,1,IndiGo,12684.6,15475,2026-08-29,False
2026-08-28,27,DEL-BLR,DEL,BLR,T+1,1,IndiGo,13178.12,16077,2026-08-29,False
2026-08-28,27,DEL-BLR,DEL,BLR,T+7,7,IndiGo,8590.21,10480,2026-09-04,False
2026-08-28,27,DEL-BLR,DEL,BLR,T+7,7,IndiGo,8383.95,10228,2026-09-04,False
2026-08-28,27,DEL-BLR,DEL,BLR,T+7,7,Air India,11110.62,13554,2026-09-04,False
2026-08-28,27,DEL-BLR,DEL,BLR,T+7,7,IndiGo,8180.48,9980,2026-09-04,False
2026-08-28,27,DEL-BLR,DEL,BLR,T+7,7,Air India,10118.24,12344,2026-09-04,False
2026-08-28,27,DEL-BLR,DEL,BLR,T+15,15,IndiGo,6566.54,8011,2026-09-12,False
2026-08-28,27,DEL-BLR,DEL,BLR,T+15,15,IndiGo,6832.74,8335,2026-09-12,False
2026-08-28,27,DEL-BLR,DEL,BLR,T+15,15,IndiGo,6607.68,8061,2026-09-12,False
2026-08-28,27,DEL-BLR,DEL,BLR,T+15,15,Air India,7558.98,9221,2026-09-12,False
2026-08-28,27,DEL-BLR,DEL,BLR,T+15,15,IndiGo,6308.28,7696,2026-09-12,False
2026-08-28,27,DEL-BLR,DEL,BLR,T+30,30,Akasa Air,5351.87,6529,2026-09-27,False
2026-08-28,27,DEL-BLR,DEL,BLR,T+30,30,IndiGo,5396.18,6583,2026-09-27,False
2026-08-28,27,DEL-BLR,DEL,BLR,T+30,30,IndiGo,5602.67,6835,2026-09-27,False
2026-08-28,27,DEL-BLR,DEL,BLR,T+30,30,Air India,6463.99,7886,2026-09-27,False
2026-08-28,27,DEL-BLR,DEL,BLR,T+30,30,IndiGo,5300.82,6467,2026-09-27,False
2026-08-28,27,DEL-BLR,DEL,BLR,T+45,45,IndiGo,5190.24,6332,2026-10-12,False
2026-08-28,27,DEL-BLR,DEL,BLR,T+45,45,Air India,5759.42,7026,2026-10-12,False
2026-08-28,27,DEL-BLR,DEL,BLR,T+45,45,IndiGo,4751.15,5796,2026-10-12,False
2026-08-28,27,DEL-BLR,DEL,BLR,T+45,45,IndiGo,4942.55,6029,2026-10-12,False
2026-08-28,27,DEL-BLR,DEL,BLR,T+45,45,IndiGo,4983.72,6080,2026-10-12,False
2026-08-28,27,BOM-BLR,BOM,BLR,T+1,1,Air India,8593.42,10483,2026-08-29,False
2026-08-28,27,BOM-BLR,BOM,BLR,T+1,1,IndiGo,7853.74,9581,2026-08-29,False
2026-08-28,27,BOM-BLR,BOM,BLR,T+1,1,Air India,8817.44,10757,2026-08-29,False
2026-08-28,27,BOM-BLR,BOM,BLR,T+1,1,IndiGo,8228.55,10038,2026-08-29,False
2026-08-28,27,BOM-BLR,BOM,BLR,T+1,1,IndiGo,7905.99,9645,2026-08-29,False
2026-08-28,27,BOM-BLR,BOM,BLR,T+7,7,IndiGo,5417.35,6609,2026-09-04,False
2026-08-28,27,BOM-BLR,BOM,BLR,T+7,7,Akasa Air,5181.98,6322,2026-09-04,False
2026-08-28,27,BOM-BLR,BOM,BLR,T+7,7,Air India,6453.64,7873,2026-09-04,False
2026-08-28,27,BOM-BLR,BOM,BLR,T+7,7,IndiGo,5612.09,6846,2026-09-04,False
2026-08-28,27,BOM-BLR,BOM,BLR,T+7,7,Air India,6471.66,7895,2026-09-04,False
2026-08-28,27,BOM-BLR,BOM,BLR,T+15,15,IndiGo,4148.64,5061,2026-09-12,False
2026-08-28,27,BOM-BLR,BOM,BLR,T+15,15,SpiceJet,3968.48,4841,2026-09-12,False
2026-08-28,27,BOM-BLR,BOM,BLR,T+15,15,IndiGo,4092.06,4992,2026-09-12,False
2026-08-28,27,BOM-BLR,BOM,BLR,T+15,15,Air India,4869.28,5940,2026-09-12,False
2026-08-28,27,BOM-BLR,BOM,BLR,T+15,15,IndiGo,3875.23,4727,2026-09-12,False
2026-08-28,27,BOM-BLR,BOM,BLR,T+30,30,Air India,4368.39,5329,2026-09-27,False
2026-08-28,27,BOM-BLR,BOM,BLR,T+30,30,Air India,4268.59,5207,2026-09-27,False
2026-08-28,27,BOM-BLR,BOM,BLR,T+30,30,IndiGo,3486.21,4253,2026-09-27,False
2026-08-28,27,BOM-BLR,BOM,BLR,T+30,30,IndiGo,3821.33,4662,2026-09-27,False
2026-08-28,27,BOM-BLR,BOM,BLR,T+30,30,IndiGo,3594.12,4384,2026-09-27,False
2026-08-28,27,BOM-BLR,BOM,BLR,T+45,45,Air India,3618.86,4415,2026-10-12,False
2026-08-28,27,BOM-BLR,BOM,BLR,T+45,45,IndiGo,3280.58,4002,2026-10-12,False
2026-08-28,27,BOM-BLR,BOM,BLR,T+45,45,IndiGo,3229.45,3939,2026-10-12,False
2026-08-28,27,BOM-BLR,BOM,BLR,T+45,45,IndiGo,3229.06,3939,2026-10-12,False
2026-08-28,27,BOM-BLR,BOM,BLR,T+45,45,IndiGo,3137.61,3827,2026-10-12,False
2026-08-28,27,DEL-CCU,DEL,CCU,T+1,1,Akasa Air,10803.56,13180,2026-08-29,False
2026-08-28,27,DEL-CCU,DEL,CCU,T+1,1,IndiGo,10882.06,13276,2026-08-29,False
2026-08-28,27,DEL-CCU,DEL,CCU,T+1,1,IndiGo,11196.38,13659,2026-08-29,False
2026-08-28,27,DEL-CCU,DEL,CCU,T+1,1,Air India,12084.72,14743,2026-08-29,False
2026-08-28,27,DEL-CCU,DEL,CCU,T+1,1,IndiGo,10815.9,13195,2026-08-29,False
2026-08-28,27,DEL-CCU,DEL,CCU,T+7,7,IndiGo,8240.84,10053,2026-09-04,False
2026-08-28,27,DEL-CCU,DEL,CCU,T+7,7,IndiGo,7563.69,9227,2026-09-04,False
2026-08-28,27,DEL-CCU,DEL,CCU,T+7,7,Air India,8969.55,10942,2026-09-04,False
2026-08-28,27,DEL-CCU,DEL,CCU,T+7,7,Air India,9019.54,11003,2026-09-04,False
2026-08-28,27,DEL-CCU,DEL,CCU,T+7,7,IndiGo,7441.89,9079,2026-09-04,False
2026-08-28,27,DEL-CCU,DEL,CCU,T+15,15,IndiGo,5456.68,6657,2026-09-12,False
2026-08-28,27,DEL-CCU,DEL,CCU,T+15,15,IndiGo,5866.03,7156,2026-09-12,False
2026-08-28,27,DEL-CCU,DEL,CCU,T+15,15,IndiGo,5941.87,7249,2026-09-12,False
2026-08-28,27,DEL-CCU,DEL,CCU,T+15,15,Air India,6959.19,8490,2026-09-12,False
2026-08-28,27,DEL-CCU,DEL,CCU,T+15,15,Akasa Air,5697.96,6951,2026-09-12,False
2026-08-28,27,DEL-CCU,DEL,CCU,T+30,30,IndiGo,5076.57,6193,2026-09-27,False
2026-08-28,27,DEL-CCU,DEL,CCU,T+30,30,IndiGo,5250.4,6405,2026-09-27,False
2026-08-28,27,DEL-CCU,DEL,CCU,T+30,30,IndiGo,5035.14,6142,2026-09-27,False
2026-08-28,27,DEL-CCU,DEL,CCU,T+30,30,IndiGo,4967.08,6059,2026-09-27,False
2026-08-28,27,DEL-CCU,DEL,CCU,T+30,30,IndiGo,5019.06,6123,2026-09-27,False
2026-08-28,27,DEL-CCU,DEL,CCU,T+45,45,IndiGo,4597.08,5608,2026-10-12,False
2026-08-28,27,DEL-CCU,DEL,CCU,T+45,45,Air India,5574.53,6800,2026-10-12,False
2026-08-28,27,DEL-CCU,DEL,CCU,T+45,45,Air India,5195.22,6338,2026-10-12,False
2026-08-28,27,DEL-CCU,DEL,CCU,T+45,45,Air India,5330.4,6503,2026-10-12,False
2026-08-28,27,DEL-CCU,DEL,CCU,T+45,45,IndiGo,4559.08,5562,2026-10-12,False
2026-08-28,27,BLR-HYD,BLR,HYD,T+1,1,IndiGo,5848.91,7135,2026-08-29,False
2026-08-28,27,BLR-HYD,BLR,HYD,T+1,1,Air India,7148.83,8721,2026-08-29,False
2026-08-28,27,BLR-HYD,BLR,HYD,T+1,1,Air India,6777.26,8268,2026-08-29,False
2026-08-28,27,BLR-HYD,BLR,HYD,T+1,1,IndiGo,5684.23,6934,2026-08-29,False
2026-08-28,27,BLR-HYD,BLR,HYD,T+1,1,Air India,7235.42,8827,2026-08-29,False
2026-08-28,27,BLR-HYD,BLR,HYD,T+7,7,IndiGo,4230.58,5161,2026-09-04,False
2026-08-28,27,BLR-HYD,BLR,HYD,T+7,7,IndiGo,4318.56,5268,2026-09-04,False
2026-08-28,27,BLR-HYD,BLR,HYD,T+7,7,IndiGo,4285.51,5228,2026-09-04,False
2026-08-28,27,BLR-HYD,BLR,HYD,T+7,7,Air India,4882.79,5957,2026-09-04,False
2026-08-28,27,BLR-HYD,BLR,HYD,T+7,7,IndiGo,4281.41,5223,2026-09-04,False
2026-08-28,27,BLR-HYD,BLR,HYD,T+15,15,Air India,3680.61,4490,2026-09-12,False
2026-08-28,27,BLR-HYD,BLR,HYD,T+15,15,IndiGo,3421.6,4174,2026-09-12,False
2026-08-28,27,BLR-HYD,BLR,HYD,T+15,15,IndiGo,3107.91,3791,2026-09-12,False
2026-08-28,27,BLR-HYD,BLR,HYD,T+15,15,IndiGo,3240.4,3953,2026-09-12,False
2026-08-28,27,BLR-HYD,BLR,HYD,T+15,15,IndiGo,3143.74,3835,2026-09-12,False
2026-08-28,27,BLR-HYD,BLR,HYD,T+30,30,Akasa Air,2762.41,3370,2026-09-27,False
2026-08-28,27,BLR-HYD,BLR,HYD,T+30,30,IndiGo,2764.21,3372,2026-09-27,False
2026-08-28,27,BLR-HYD,BLR,HYD,T+30,30,Air India,3237.25,3949,2026-09-27,False
2026-08-28,27,BLR-HYD,BLR,HYD,T+30,30,Air India,3395.56,4142,2026-09-27,False
2026-08-28,27,BLR-HYD,BLR,HYD,T+30,30,IndiGo,2799.53,3415,2026-09-27,False
2026-08-28,27,BLR-HYD,BLR,HYD,T+45,45,Air India,2983.76,3640,2026-10-12,False
2026-08-28,27,BLR-HYD,BLR,HYD,T+45,45,Air India,2830.1,3452,2026-10-12,False
2026-08-28,27,BLR-HYD,BLR,HYD,T+45,45,IndiGo,2363.68,2883,2026-10-12,False
2026-08-28,27,BLR-HYD,BLR,HYD,T+45,45,Akasa Air,2416.44,2948,2026-10-12,False
2026-08-28,27,BLR-HYD,BLR,HYD,T+45,45,Air India,2898.05,3535,2026-10-12,False
2026-08-28,27,MAA-DEL,MAA,DEL,T+1,1,Air India,13916.3,16977,2026-08-29,False
2026-08-28,27,MAA-DEL,MAA,DEL,T+1,1,IndiGo,11518.45,14052,2026-08-29,False
2026-08-28,27,MAA-DEL,MAA,DEL,T+1,1,IndiGo,11633.66,14193,2026-08-29,False
2026-08-28,27,MAA-DEL,MAA,DEL,T+1,1,IndiGo,10894.46,13291,2026-08-29,False
2026-08-28,27,MAA-DEL,MAA,DEL,T+1,1,IndiGo,12314.2,15023,2026-08-29,False
2026-08-28,27,MAA-DEL,MAA,DEL,T+7,7,IndiGo,8127.39,9915,2026-09-04,False
2026-08-28,27,MAA-DEL,MAA,DEL,T+7,7,IndiGo,8373.96,10216,2026-09-04,False
2026-08-28,27,MAA-DEL,MAA,DEL,T+7,7,IndiGo,7935.17,9680,2026-09-04,False
2026-08-28,27,MAA-DEL,MAA,DEL,T+7,7,Air India,9741.05,11884,2026-09-04,False
2026-08-28,27,MAA-DEL,MAA,DEL,T+7,7,IndiGo,7801.63,9517,2026-09-04,False
2026-08-28,27,MAA-DEL,MAA,DEL,T+15,15,Akasa Air,6118.53,7464,2026-09-12,False
2026-08-28,27,MAA-DEL,MAA,DEL,T+15,15,IndiGo,6142.15,7493,2026-09-12,False
2026-08-28,27,MAA-DEL,MAA,DEL,T+15,15,IndiGo,6225.99,7595,2026-09-12,False
2026-08-28,27,MAA-DEL,MAA,DEL,T+15,15,IndiGo,6371.58,7773,2026-09-12,False
2026-08-28,27,MAA-DEL,MAA,DEL,T+15,15,Akasa Air,5763.39,7031,2026-09-12,False
2026-08-28,27,MAA-DEL,MAA,DEL,T+30,30,IndiGo,5203.4,6348,2026-09-27,False
2026-08-28,27,MAA-DEL,MAA,DEL,T+30,30,Akasa Air,5245.4,6399,2026-09-27,False
2026-08-28,27,MAA-DEL,MAA,DEL,T+30,30,IndiGo,5722.62,6981,2026-09-27,False
2026-08-28,27,MAA-DEL,MAA,DEL,T+30,30,Air India,6254.73,7630,2026-09-27,False
2026-08-28,27,MAA-DEL,MAA,DEL,T+30,30,IndiGo,5441.42,6638,2026-09-27,False
2026-08-28,27,MAA-DEL,MAA,DEL,T+45,45,IndiGo,4721.03,5759,2026-10-12,False
2026-08-28,27,MAA-DEL,MAA,DEL,T+45,45,IndiGo,5060.91,6174,2026-10-12,False
2026-08-28,27,MAA-DEL,MAA,DEL,T+45,45,Air India,5245.11,6399,2026-10-12,False
2026-08-28,27,MAA-DEL,MAA,DEL,T+45,45,IndiGo,4754.46,5800,2026-10-12,False
2026-08-28,27,MAA-DEL,MAA,DEL,T+45,45,IndiGo,4469.16,5452,2026-10-12,False
2026-08-28,27,DEL-PNQ,DEL,PNQ,T+1,1,IndiGo,8291.73,10115,2026-08-29,False
2026-08-28,27,DEL-PNQ,DEL,PNQ,T+1,1,IndiGo,9183.75,11204,2026-08-29,False
2026-08-28,27,DEL-PNQ,DEL,PNQ,T+1,1,IndiGo,9133.49,11142,2026-08-29,False
2026-08-28,27,DEL-PNQ,DEL,PNQ,T+1,1,IndiGo,8998.5,10978,2026-08-29,False
2026-08-28,27,DEL-PNQ,DEL,PNQ,T+1,1,Air India,10675.76,13024,2026-08-29,False
2026-08-28,27,DEL-PNQ,DEL,PNQ,T+7,7,Air India,8405.68,10254,2026-09-04,False
2026-08-28,27,DEL-PNQ,DEL,PNQ,T+7,7,IndiGo,6374.17,7776,2026-09-04,False
2026-08-28,27,DEL-PNQ,DEL,PNQ,T+7,7,IndiGo,6547.14,7987,2026-09-04,False
2026-08-28,27,DEL-PNQ,DEL,PNQ,T+7,7,IndiGo,6286.11,7669,2026-09-04,False
2026-08-28,27,DEL-PNQ,DEL,PNQ,T+7,7,Air India,7661.7,9347,2026-09-04,False
2026-08-28,27,DEL-PNQ,DEL,PNQ,T+15,15,Akasa Air,4700.07,5734,2026-09-12,False
2026-08-28,27,DEL-PNQ,DEL,PNQ,T+15,15,Air India,5687.03,6938,2026-09-12,False
2026-08-28,27,DEL-PNQ,DEL,PNQ,T+15,15,Akasa Air,5041.32,6150,2026-09-12,False
2026-08-28,27,DEL-PNQ,DEL,PNQ,T+15,15,IndiGo,5095.79,6216,2026-09-12,False
2026-08-28,27,DEL-PNQ,DEL,PNQ,T+15,15,Air India,5797.55,7073,2026-09-12,False
2026-08-28,27,DEL-PNQ,DEL,PNQ,T+30,30,IndiGo,3856.66,4705,2026-09-27,False
2026-08-28,27,DEL-PNQ,DEL,PNQ,T+30,30,IndiGo,4141.97,5053,2026-09-27,False
2026-08-28,27,DEL-PNQ,DEL,PNQ,T+30,30,Air India,5413.55,6604,2026-09-27,False
2026-08-28,27,DEL-PNQ,DEL,PNQ,T+30,30,IndiGo,4161.11,5076,2026-09-27,False
2026-08-28,27,DEL-PNQ,DEL,PNQ,T+30,30,Akasa Air,4219.37,5147,2026-09-27,False
2026-08-28,27,DEL-PNQ,DEL,PNQ,T+45,45,IndiGo,3917.06,4778,2026-10-12,False
2026-08-28,27,DEL-PNQ,DEL,PNQ,T+45,45,IndiGo,3757.45,4584,2026-10-12,False
2026-08-28,27,DEL-PNQ,DEL,PNQ,T+45,45,Air India,4266.61,5205,2026-10-12,False
2026-08-28,27,DEL-PNQ,DEL,PNQ,T+45,45,IndiGo,3411.03,4161,2026-10-12,False
2026-08-28,27,DEL-PNQ,DEL,PNQ,T+45,45,Air India,4501.41,5491,2026-10-12,False
2026-08-29,28,DEL-BOM,DEL,BOM,T+1,1,IndiGo,9586.17,11695,2026-08-30,False
2026-08-29,28,DEL-BOM,DEL,BOM,T+1,1,IndiGo,9928.4,12112,2026-08-30,False
2026-08-29,28,DEL-BOM,DEL,BOM,T+1,1,IndiGo,9435.92,11511,2026-08-30,False
2026-08-29,28,DEL-BOM,DEL,BOM,T+1,1,Akasa Air,9467.24,11550,2026-08-30,False
2026-08-29,28,DEL-BOM,DEL,BOM,T+1,1,IndiGo,9879.21,12052,2026-08-30,False
2026-08-29,28,DEL-BOM,DEL,BOM,T+7,7,IndiGo,7048.85,8599,2026-09-05,False
2026-08-29,28,DEL-BOM,DEL,BOM,T+7,7,IndiGo,6710.72,8187,2026-09-05,False
2026-08-29,28,DEL-BOM,DEL,BOM,T+7,7,IndiGo,7275.74,8876,2026-09-05,False
2026-08-29,28,DEL-BOM,DEL,BOM,T+7,7,IndiGo,6837.31,8341,2026-09-05,False
2026-08-29,28,DEL-BOM,DEL,BOM,T+7,7,IndiGo,6573.94,8020,2026-09-05,False
2026-08-29,28,DEL-BOM,DEL,BOM,T+15,15,IndiGo,5293.03,6457,2026-09-13,False
2026-08-29,28,DEL-BOM,DEL,BOM,T+15,15,Air India,6271.64,7651,2026-09-13,False
2026-08-29,28,DEL-BOM,DEL,BOM,T+15,15,IndiGo,5343.17,6518,2026-09-13,False
2026-08-29,28,DEL-BOM,DEL,BOM,T+15,15,Akasa Air,5390.82,6576,2026-09-13,False
2026-08-29,28,DEL-BOM,DEL,BOM,T+15,15,IndiGo,5269.33,6428,2026-09-13,False
2026-08-29,28,DEL-BOM,DEL,BOM,T+30,30,IndiGo,4535.19,5532,2026-09-28,False
2026-08-29,28,DEL-BOM,DEL,BOM,T+30,30,IndiGo,4378.41,5341,2026-09-28,False
2026-08-29,28,DEL-BOM,DEL,BOM,T+30,30,IndiGo,4685.05,5715,2026-09-28,False
2026-08-29,28,DEL-BOM,DEL,BOM,T+30,30,IndiGo,4583.64,5592,2026-09-28,False
2026-08-29,28,DEL-BOM,DEL,BOM,T+30,30,IndiGo,4487.31,5474,2026-09-28,False
2026-08-29,28,DEL-BOM,DEL,BOM,T+45,45,Air India,4454.49,5434,2026-10-13,False
2026-08-29,28,DEL-BOM,DEL,BOM,T+45,45,Air India,5013.93,6116,2026-10-13,False
2026-08-29,28,DEL-BOM,DEL,BOM,T+45,45,IndiGo,3874.28,4726,2026-10-13,False
2026-08-29,28,DEL-BOM,DEL,BOM,T+45,45,IndiGo,3964.45,4836,2026-10-13,False
2026-08-29,28,DEL-BOM,DEL,BOM,T+45,45,IndiGo,4099.0,5000,2026-10-13,False
2026-08-29,28,BOM-DEL,BOM,DEL,T+1,1,Air India,11146.14,13598,2026-08-30,False
2026-08-29,28,BOM-DEL,BOM,DEL,T+1,1,IndiGo,9351.76,11409,2026-08-30,False
2026-08-29,28,BOM-DEL,BOM,DEL,T+1,1,IndiGo,9134.03,11143,2026-08-30,False
2026-08-29,28,BOM-DEL,BOM,DEL,T+1,1,IndiGo,10116.57,12342,2026-08-30,False
2026-08-29,28,BOM-DEL,BOM,DEL,T+1,1,Akasa Air,9373.61,11435,2026-08-30,False
2026-08-29,28,BOM-DEL,BOM,DEL,T+7,7,Air India,9076.31,11073,2026-09-05,False
2026-08-29,28,BOM-DEL,BOM,DEL,T+7,7,IndiGo,6740.17,8223,2026-09-05,False
2026-08-29,28,BOM-DEL,BOM,DEL,T+7,7,IndiGo,6757.98,8244,2026-09-05,False
2026-08-29,28,BOM-DEL,BOM,DEL,T+7,7,IndiGo,6845.01,8350,2026-09-05,False
2026-08-29,28,BOM-DEL,BOM,DEL,T+7,7,IndiGo,7042.62,8591,2026-09-05,False
2026-08-29,28,BOM-DEL,BOM,DEL,T+15,15,Air India,6161.02,7516,2026-09-13,False
2026-08-29,28,BOM-DEL,BOM,DEL,T+15,15,Air India,6398.35,7805,2026-09-13,False
2026-08-29,28,BOM-DEL,BOM,DEL,T+15,15,IndiGo,5131.32,6260,2026-09-13,False
2026-08-29,28,BOM-DEL,BOM,DEL,T+15,15,Akasa Air,4896.7,5973,2026-09-13,False
2026-08-29,28,BOM-DEL,BOM,DEL,T+15,15,Air India,5869.86,7161,2026-09-13,False
2026-08-29,28,BOM-DEL,BOM,DEL,T+30,30,Air India,4951.37,6040,2026-09-28,False
2026-08-29,28,BOM-DEL,BOM,DEL,T+30,30,Air India,5271.88,6431,2026-09-28,False
2026-08-29,28,BOM-DEL,BOM,DEL,T+30,30,IndiGo,4506.28,5497,2026-09-28,False
2026-08-29,28,BOM-DEL,BOM,DEL,T+30,30,IndiGo,4453.61,5433,2026-09-28,False
2026-08-29,28,BOM-DEL,BOM,DEL,T+30,30,IndiGo,4752.46,5798,2026-09-28,False
2026-08-29,28,BOM-DEL,BOM,DEL,T+45,45,IndiGo,4222.23,5151,2026-10-13,False
2026-08-29,28,BOM-DEL,BOM,DEL,T+45,45,IndiGo,4000.79,4880,2026-10-13,False
2026-08-29,28,BOM-DEL,BOM,DEL,T+45,45,IndiGo,3794.05,4628,2026-10-13,False
2026-08-29,28,BOM-DEL,BOM,DEL,T+45,45,IndiGo,3967.94,4840,2026-10-13,False
2026-08-29,28,BOM-DEL,BOM,DEL,T+45,45,IndiGo,3963.24,4835,2026-10-13,False
2026-08-29,28,DEL-BLR,DEL,BLR,T+1,1,IndiGo,11865.37,14475,2026-08-30,False
2026-08-29,28,DEL-BLR,DEL,BLR,T+1,1,IndiGo,11848.12,14454,2026-08-30,False
2026-08-29,28,DEL-BLR,DEL,BLR,T+1,1,IndiGo,11866.93,14477,2026-08-30,False
2026-08-29,28,DEL-BLR,DEL,BLR,T+1,1,IndiGo,11980.39,14616,2026-08-30,False
2026-08-29,28,DEL-BLR,DEL,BLR,T+1,1,IndiGo,11874.55,14486,2026-08-30,False
2026-08-29,28,DEL-BLR,DEL,BLR,T+7,7,IndiGo,8657.37,10561,2026-09-05,False
2026-08-29,28,DEL-BLR,DEL,BLR,T+7,7,IndiGo,8703.11,10617,2026-09-05,False
2026-08-29,28,DEL-BLR,DEL,BLR,T+7,7,Air India,9809.75,11967,2026-09-05,False
2026-08-29,28,DEL-BLR,DEL,BLR,T+7,7,IndiGo,8977.06,10952,2026-09-05,False
2026-08-29,28,DEL-BLR,DEL,BLR,T+7,7,IndiGo,8299.89,10125,2026-09-05,False
2026-08-29,28,DEL-BLR,DEL,BLR,T+15,15,IndiGo,6169.17,7526,2026-09-13,False
2026-08-29,28,DEL-BLR,DEL,BLR,T+15,15,IndiGo,6626.6,8084,2026-09-13,False
2026-08-29,28,DEL-BLR,DEL,BLR,T+15,15,IndiGo,6352.36,7749,2026-09-13,False
2026-08-29,28,DEL-BLR,DEL,BLR,T+15,15,IndiGo,6612.99,8067,2026-09-13,False
2026-08-29,28,DEL-BLR,DEL,BLR,T+15,15,Air India,7061.06,8614,2026-09-13,False
2026-08-29,28,DEL-BLR,DEL,BLR,T+30,30,Akasa Air,5692.79,6945,2026-09-28,False
2026-08-29,28,DEL-BLR,DEL,BLR,T+30,30,IndiGo,5737.14,6999,2026-09-28,False
2026-08-29,28,DEL-BLR,DEL,BLR,T+30,30,Air India,6261.24,7638,2026-09-28,False
2026-08-29,28,DEL-BLR,DEL,BLR,T+30,30,IndiGo,5315.13,6484,2026-09-28,False
2026-08-29,28,DEL-BLR,DEL,BLR,T+30,30,IndiGo,5933.31,7238,2026-09-28,False
2026-08-29,28,DEL-BLR,DEL,BLR,T+45,45,Akasa Air,4700.57,5734,2026-10-13,False
2026-08-29,28,DEL-BLR,DEL,BLR,T+45,45,Akasa Air,4684.22,5714,2026-10-13,False
2026-08-29,28,DEL-BLR,DEL,BLR,T+45,45,IndiGo,4587.27,5596,2026-10-13,False
2026-08-29,28,DEL-BLR,DEL,BLR,T+45,45,IndiGo,4921.27,6003,2026-10-13,False
2026-08-29,28,DEL-BLR,DEL,BLR,T+45,45,IndiGo,4942.73,6030,2026-10-13,False
2026-08-29,28,BOM-BLR,BOM,BLR,T+1,1,Air India,9402.14,11470,2026-08-30,False
2026-08-29,28,BOM-BLR,BOM,BLR,T+1,1,IndiGo,7399.21,9027,2026-08-30,False
2026-08-29,28,BOM-BLR,BOM,BLR,T+1,1,Air India,8684.37,10594,2026-08-30,False
2026-08-29,28,BOM-BLR,BOM,BLR,T+1,1,Air India,9317.21,11366,2026-08-30,False
2026-08-29,28,BOM-BLR,BOM,BLR,T+1,1,Air India,9495.63,11584,2026-08-30,False
2026-08-29,28,BOM-BLR,BOM,BLR,T+7,7,IndiGo,5203.21,6347,2026-09-05,False
2026-08-29,28,BOM-BLR,BOM,BLR,T+7,7,IndiGo,5714.4,6971,2026-09-05,False
2026-08-29,28,BOM-BLR,BOM,BLR,T+7,7,IndiGo,5513.22,6726,2026-09-05,False
2026-08-29,28,BOM-BLR,BOM,BLR,T+7,7,IndiGo,5716.38,6973,2026-09-05,False
2026-08-29,28,BOM-BLR,BOM,BLR,T+7,7,Air India,6475.31,7899,2026-09-05,False
2026-08-29,28,BOM-BLR,BOM,BLR,T+15,15,IndiGo,3819.5,4659,2026-09-13,False
2026-08-29,28,BOM-BLR,BOM,BLR,T+15,15,IndiGo,4167.05,5083,2026-09-13,False
2026-08-29,28,BOM-BLR,BOM,BLR,T+15,15,IndiGo,4344.78,5300,2026-09-13,False
2026-08-29,28,BOM-BLR,BOM,BLR,T+15,15,IndiGo,4058.29,4951,2026-09-13,False
2026-08-29,28,BOM-BLR,BOM,BLR,T+15,15,IndiGo,4132.45,5041,2026-09-13,False
2026-08-29,28,BOM-BLR,BOM,BLR,T+30,30,IndiGo,3568.72,4353,2026-09-28,False
2026-08-29,28,BOM-BLR,BOM,BLR,T+30,30,Akasa Air,3124.56,3811,2026-09-28,False
2026-08-29,28,BOM-BLR,BOM,BLR,T+30,30,IndiGo,3800.91,4637,2026-09-28,False
2026-08-29,28,BOM-BLR,BOM,BLR,T+30,30,IndiGo,3477.57,4242,2026-09-28,False
2026-08-29,28,BOM-BLR,BOM,BLR,T+30,30,IndiGo,3654.42,4458,2026-09-28,False
2026-08-29,28,BOM-BLR,BOM,BLR,T+45,45,IndiGo,3182.19,3882,2026-10-13,False
2026-08-29,28,BOM-BLR,BOM,BLR,T+45,45,Air India,3928.69,4793,2026-10-13,False
2026-08-29,28,BOM-BLR,BOM,BLR,T+45,45,IndiGo,3237.24,3949,2026-10-13,False
2026-08-29,28,BOM-BLR,BOM,BLR,T+45,45,IndiGo,3165.63,3862,2026-10-13,False
2026-08-29,28,BOM-BLR,BOM,BLR,T+45,45,IndiGo,3092.05,3772,2026-10-13,False
2026-08-29,28,DEL-CCU,DEL,CCU,T+1,1,IndiGo,11313.47,13802,2026-08-30,False
2026-08-29,28,DEL-CCU,DEL,CCU,T+1,1,IndiGo,10284.45,12547,2026-08-30,False
2026-08-29,28,DEL-CCU,DEL,CCU,T+1,1,Akasa Air,10899.51,13297,2026-08-30,False
2026-08-29,28,DEL-CCU,DEL,CCU,T+1,1,Air India,12476.52,15221,2026-08-30,False
2026-08-29,28,DEL-CCU,DEL,CCU,T+1,1,IndiGo,11488.52,14015,2026-08-30,False
2026-08-29,28,DEL-CCU,DEL,CCU,T+7,7,IndiGo,7832.92,9556,2026-09-05,False
2026-08-29,28,DEL-CCU,DEL,CCU,T+7,7,Air India,9389.78,11455,2026-09-05,False
2026-08-29,28,DEL-CCU,DEL,CCU,T+7,7,IndiGo,7811.3,9529,2026-09-05,False
2026-08-29,28,DEL-CCU,DEL,CCU,T+7,7,IndiGo,7311.23,8919,2026-09-05,False
2026-08-29,28,DEL-CCU,DEL,CCU,T+7,7,IndiGo,7554.31,9216,2026-09-05,False
2026-08-29,28,DEL-CCU,DEL,CCU,T+15,15,IndiGo,6065.85,7400,2026-09-13,False
2026-08-29,28,DEL-CCU,DEL,CCU,T+15,15,Akasa Air,5772.7,7042,2026-09-13,False
2026-08-29,28,DEL-CCU,DEL,CCU,T+15,15,Air India,7275.69,8876,2026-09-13,False
2026-08-29,28,DEL-CCU,DEL,CCU,T+15,15,IndiGo,6010.02,7332,2026-09-13,False
2026-08-29,28,DEL-CCU,DEL,CCU,T+15,15,Air India,6750.49,8235,2026-09-13,False
2026-08-29,28,DEL-CCU,DEL,CCU,T+30,30,IndiGo,4938.22,6024,2026-09-28,False
2026-08-29,28,DEL-CCU,DEL,CCU,T+30,30,SpiceJet,4829.73,5892,2026-09-28,False
2026-08-29,28,DEL-CCU,DEL,CCU,T+30,30,Air India,5503.72,6714,2026-09-28,False
2026-08-29,28,DEL-CCU,DEL,CCU,T+30,30,IndiGo,5377.27,6560,2026-09-28,False
2026-08-29,28,DEL-CCU,DEL,CCU,T+30,30,Air India,6081.35,7419,2026-09-28,False
2026-08-29,28,DEL-CCU,DEL,CCU,T+45,45,Akasa Air,4560.54,5563,2026-10-13,False
2026-08-29,28,DEL-CCU,DEL,CCU,T+45,45,IndiGo,4265.54,5203,2026-10-13,False
2026-08-29,28,DEL-CCU,DEL,CCU,T+45,45,Air India,5555.22,6777,2026-10-13,False
2026-08-29,28,DEL-CCU,DEL,CCU,T+45,45,IndiGo,4867.99,5938,2026-10-13,False
2026-08-29,28,DEL-CCU,DEL,CCU,T+45,45,IndiGo,4306.59,5254,2026-10-13,False
2026-08-29,28,BLR-HYD,BLR,HYD,T+1,1,IndiGo,6236.29,7608,2026-08-30,False
2026-08-29,28,BLR-HYD,BLR,HYD,T+1,1,IndiGo,6072.58,7408,2026-08-30,False
2026-08-29,28,BLR-HYD,BLR,HYD,T+1,1,IndiGo,5744.1,7007,2026-08-30,False
2026-08-29,28,BLR-HYD,BLR,HYD,T+1,1,Air India,7282.48,8884,2026-08-30,False
2026-08-29,28,BLR-HYD,BLR,HYD,T+1,1,Akasa Air,6052.16,7383,2026-08-30,False
2026-08-29,28,BLR-HYD,BLR,HYD,T+7,7,IndiGo,4206.94,5132,2026-09-05,False
2026-08-29,28,BLR-HYD,BLR,HYD,T+7,7,Akasa Air,4331.47,5284,2026-09-05,False
2026-08-29,28,BLR-HYD,BLR,HYD,T+7,7,Air India,4770.8,5820,2026-09-05,False
2026-08-29,28,BLR-HYD,BLR,HYD,T+7,7,IndiGo,4072.53,4968,2026-09-05,False
2026-08-29,28,BLR-HYD,BLR,HYD,T+7,7,IndiGo,4317.9,5267,2026-09-05,False
2026-08-29,28,BLR-HYD,BLR,HYD,T+15,15,Air India,3858.26,4707,2026-09-13,False
2026-08-29,28,BLR-HYD,BLR,HYD,T+15,15,IndiGo,3187.72,3889,2026-09-13,False
2026-08-29,28,BLR-HYD,BLR,HYD,T+15,15,IndiGo,3362.38,4102,2026-09-13,False
2026-08-29,28,BLR-HYD,BLR,HYD,T+15,15,Air India,3926.46,4790,2026-09-13,False
2026-08-29,28,BLR-HYD,BLR,HYD,T+15,15,Air India,3970.61,4844,2026-09-13,False
2026-08-29,28,BLR-HYD,BLR,HYD,T+30,30,IndiGo,2790.54,3404,2026-09-28,False
2026-08-29,28,BLR-HYD,BLR,HYD,T+30,30,IndiGo,2861.73,3491,2026-09-28,False
2026-08-29,28,BLR-HYD,BLR,HYD,T+30,30,IndiGo,2758.91,3365,2026-09-28,False
2026-08-29,28,BLR-HYD,BLR,HYD,T+30,30,IndiGo,3004.08,3664,2026-09-28,False
2026-08-29,28,BLR-HYD,BLR,HYD,T+30,30,IndiGo,2722.92,3321,2026-09-28,False
2026-08-29,28,BLR-HYD,BLR,HYD,T+45,45,Air India,3153.43,3847,2026-10-13,False
2026-08-29,28,BLR-HYD,BLR,HYD,T+45,45,Air India,2940.6,3587,2026-10-13,False
2026-08-29,28,BLR-HYD,BLR,HYD,T+45,45,IndiGo,2371.28,2892,2026-10-13,False
2026-08-29,28,BLR-HYD,BLR,HYD,T+45,45,IndiGo,2610.51,3184,2026-10-13,False
2026-08-29,28,BLR-HYD,BLR,HYD,T+45,45,IndiGo,2502.2,3052,2026-10-13,False
2026-08-29,28,MAA-DEL,MAA,DEL,T+1,1,IndiGo,11920.23,14542,2026-08-30,False
2026-08-29,28,MAA-DEL,MAA,DEL,T+1,1,IndiGo,12071.24,14726,2026-08-30,False
2026-08-29,28,MAA-DEL,MAA,DEL,T+1,1,IndiGo,11712.33,14289,2026-08-30,False
2026-08-29,28,MAA-DEL,MAA,DEL,T+1,1,Akasa Air,10977.51,13392,2026-08-30,False
2026-08-29,28,MAA-DEL,MAA,DEL,T+1,1,Air India,14112.84,17217,2026-08-30,False
2026-08-29,28,MAA-DEL,MAA,DEL,T+7,7,IndiGo,8192.04,9994,2026-09-05,False
2026-08-29,28,MAA-DEL,MAA,DEL,T+7,7,IndiGo,8388.47,10233,2026-09-05,False
2026-08-29,28,MAA-DEL,MAA,DEL,T+7,7,Air India,8929.73,10894,2026-09-05,False
2026-08-29,28,MAA-DEL,MAA,DEL,T+7,7,IndiGo,8319.98,10150,2026-09-05,False
2026-08-29,28,MAA-DEL,MAA,DEL,T+7,7,IndiGo,8008.74,9770,2026-09-05,False
2026-08-29,28,MAA-DEL,MAA,DEL,T+15,15,Air India,7773.49,9483,2026-09-13,False
2026-08-29,28,MAA-DEL,MAA,DEL,T+15,15,IndiGo,6368.84,7769,2026-09-13,False
2026-08-29,28,MAA-DEL,MAA,DEL,T+15,15,IndiGo,6285.24,7667,2026-09-13,False
2026-08-29,28,MAA-DEL,MAA,DEL,T+15,15,IndiGo,6339.0,7733,2026-09-13,False
2026-08-29,28,MAA-DEL,MAA,DEL,T+15,15,SpiceJet,5698.52,6952,2026-09-13,False
2026-08-29,28,MAA-DEL,MAA,DEL,T+30,30,IndiGo,5646.03,6888,2026-09-28,False
2026-08-29,28,MAA-DEL,MAA,DEL,T+30,30,Air India,6737.52,8219,2026-09-28,False
2026-08-29,28,MAA-DEL,MAA,DEL,T+30,30,IndiGo,5415.97,6607,2026-09-28,False
2026-08-29,28,MAA-DEL,MAA,DEL,T+30,30,IndiGo,5639.88,6880,2026-09-28,False
2026-08-29,28,MAA-DEL,MAA,DEL,T+30,30,Air India,6173.05,7531,2026-09-28,False
2026-08-29,28,MAA-DEL,MAA,DEL,T+45,45,IndiGo,4616.4,5632,2026-10-13,False
2026-08-29,28,MAA-DEL,MAA,DEL,T+45,45,IndiGo,4755.69,5801,2026-10-13,False
2026-08-29,28,MAA-DEL,MAA,DEL,T+45,45,Air India,5683.92,6934,2026-10-13,False
2026-08-29,28,MAA-DEL,MAA,DEL,T+45,45,IndiGo,4683.4,5713,2026-10-13,False
2026-08-29,28,MAA-DEL,MAA,DEL,T+45,45,IndiGo,4838.27,5902,2026-10-13,False
2026-08-29,28,DEL-PNQ,DEL,PNQ,T+1,1,IndiGo,9206.2,11231,2026-08-30,False
2026-08-29,28,DEL-PNQ,DEL,PNQ,T+1,1,Air India,10363.25,12643,2026-08-30,False
2026-08-29,28,DEL-PNQ,DEL,PNQ,T+1,1,IndiGo,9273.91,11314,2026-08-30,False
2026-08-29,28,DEL-PNQ,DEL,PNQ,T+1,1,IndiGo,9383.81,11448,2026-08-30,False
2026-08-29,28,DEL-PNQ,DEL,PNQ,T+1,1,IndiGo,9163.18,11179,2026-08-30,False
2026-08-29,28,DEL-PNQ,DEL,PNQ,T+7,7,Air India,7906.11,9645,2026-09-05,False
2026-08-29,28,DEL-PNQ,DEL,PNQ,T+7,7,IndiGo,6171.37,7529,2026-09-05,False
2026-08-29,28,DEL-PNQ,DEL,PNQ,T+7,7,IndiGo,6551.6,7992,2026-09-05,False
2026-08-29,28,DEL-PNQ,DEL,PNQ,T+7,7,IndiGo,6182.0,7542,2026-09-05,False
2026-08-29,28,DEL-PNQ,DEL,PNQ,T+7,7,IndiGo,6194.68,7557,2026-09-05,False
2026-08-29,28,DEL-PNQ,DEL,PNQ,T+15,15,Air India,5654.56,6898,2026-09-13,False
2026-08-29,28,DEL-PNQ,DEL,PNQ,T+15,15,IndiGo,4742.87,5786,2026-09-13,False
2026-08-29,28,DEL-PNQ,DEL,PNQ,T+15,15,IndiGo,4810.52,5868,2026-09-13,False
2026-08-29,28,DEL-PNQ,DEL,PNQ,T+15,15,IndiGo,4867.83,5938,2026-09-13,False
2026-08-29,28,DEL-PNQ,DEL,PNQ,T+15,15,Akasa Air,4888.87,5964,2026-09-13,False
2026-08-29,28,DEL-PNQ,DEL,PNQ,T+30,30,IndiGo,4156.68,5071,2026-09-28,False
2026-08-29,28,DEL-PNQ,DEL,PNQ,T+30,30,Air India,4681.16,5711,2026-09-28,False
2026-08-29,28,DEL-PNQ,DEL,PNQ,T+30,30,IndiGo,4371.68,5333,2026-09-28,False
2026-08-29,28,DEL-PNQ,DEL,PNQ,T+30,30,IndiGo,4080.76,4978,2026-09-28,False
2026-08-29,28,DEL-PNQ,DEL,PNQ,T+30,30,Air India,4946.03,6034,2026-09-28,False
2026-08-29,28,DEL-PNQ,DEL,PNQ,T+45,45,IndiGo,3795.23,4630,2026-10-13,False
2026-08-29,28,DEL-PNQ,DEL,PNQ,T+45,45,Air India,4436.3,5412,2026-10-13,False
2026-08-29,28,DEL-PNQ,DEL,PNQ,T+45,45,Air India,4574.24,5580,2026-10-13,False
2026-08-29,28,DEL-PNQ,DEL,PNQ,T+45,45,Air India,4479.38,5464,2026-10-13,False
2026-08-29,28,DEL-PNQ,DEL,PNQ,T+45,45,IndiGo,3624.18,4421,2026-10-13,False
2026-08-30,29,DEL-BOM,DEL,BOM,T+1,1,Air India,12549.51,15310,2026-08-31,False
2026-08-30,29,DEL-BOM,DEL,BOM,T+1,1,Air India,11739.71,14322,2026-08-31,False
2026-08-30,29,DEL-BOM,DEL,BOM,T+1,1,IndiGo,9839.52,12004,2026-08-31,False
2026-08-30,29,DEL-BOM,DEL,BOM,T+1,1,IndiGo,10224.2,12473,2026-08-31,False
2026-08-30,29,DEL-BOM,DEL,BOM,T+1,1,Air India,11762.21,14349,2026-08-31,False
2026-08-30,29,DEL-BOM,DEL,BOM,T+7,7,IndiGo,7097.25,8658,2026-09-06,False
2026-08-30,29,DEL-BOM,DEL,BOM,T+7,7,IndiGo,7609.98,9284,2026-09-06,False
2026-08-30,29,DEL-BOM,DEL,BOM,T+7,7,IndiGo,6932.05,8457,2026-09-06,False
2026-08-30,29,DEL-BOM,DEL,BOM,T+7,7,IndiGo,6921.6,8444,2026-09-06,False
2026-08-30,29,DEL-BOM,DEL,BOM,T+7,7,IndiGo,7028.0,8574,2026-09-06,False
2026-08-30,29,DEL-BOM,DEL,BOM,T+15,15,Air India,6514.15,7947,2026-09-14,False
2026-08-30,29,DEL-BOM,DEL,BOM,T+15,15,IndiGo,5044.85,6154,2026-09-14,False
2026-08-30,29,DEL-BOM,DEL,BOM,T+15,15,IndiGo,4959.29,6050,2026-09-14,False
2026-08-30,29,DEL-BOM,DEL,BOM,T+15,15,IndiGo,5216.23,6363,2026-09-14,False
2026-08-30,29,DEL-BOM,DEL,BOM,T+15,15,IndiGo,5021.1,6125,2026-09-14,False
2026-08-30,29,DEL-BOM,DEL,BOM,T+30,30,Air India,5301.7,6468,2026-09-29,False
2026-08-30,29,DEL-BOM,DEL,BOM,T+30,30,IndiGo,4645.14,5667,2026-09-29,False
2026-08-30,29,DEL-BOM,DEL,BOM,T+30,30,Air India,5213.94,6361,2026-09-29,False
2026-08-30,29,DEL-BOM,DEL,BOM,T+30,30,IndiGo,4336.89,5291,2026-09-29,False
2026-08-30,29,DEL-BOM,DEL,BOM,T+30,30,IndiGo,4575.93,5582,2026-09-29,False
2026-08-30,29,DEL-BOM,DEL,BOM,T+45,45,IndiGo,4180.15,5099,2026-10-14,False
2026-08-30,29,DEL-BOM,DEL,BOM,T+45,45,Air India,4499.96,5489,2026-10-14,False
2026-08-30,29,DEL-BOM,DEL,BOM,T+45,45,IndiGo,4174.14,5092,2026-10-14,False
2026-08-30,29,DEL-BOM,DEL,BOM,T+45,45,IndiGo,4173.72,5091,2026-10-14,False
2026-08-30,29,DEL-BOM,DEL,BOM,T+45,45,IndiGo,4193.15,5115,2026-10-14,False
2026-08-30,29,BOM-DEL,BOM,DEL,T+1,1,Air India,12157.68,14832,2026-08-31,False
2026-08-30,29,BOM-DEL,BOM,DEL,T+1,1,Air India,12559.08,15322,2026-08-31,False
2026-08-30,29,BOM-DEL,BOM,DEL,T+1,1,IndiGo,9767.25,11916,2026-08-31,False
2026-08-30,29,BOM-DEL,BOM,DEL,T+1,1,IndiGo,9928.45,12112,2026-08-31,False
2026-08-30,29,BOM-DEL,BOM,DEL,T+1,1,IndiGo,9746.36,11890,2026-08-31,False
2026-08-30,29,BOM-DEL,BOM,DEL,T+7,7,Air India,8252.55,10068,2026-09-06,False
2026-08-30,29,BOM-DEL,BOM,DEL,T+7,7,Air India,8694.7,10607,2026-09-06,False
2026-08-30,29,BOM-DEL,BOM,DEL,T+7,7,IndiGo,6669.94,8137,2026-09-06,False
2026-08-30,29,BOM-DEL,BOM,DEL,T+7,7,Air India,8003.29,9764,2026-09-06,False
2026-08-30,29,BOM-DEL,BOM,DEL,T+7,7,IndiGo,7336.83,8950,2026-09-06,False
2026-08-30,29,BOM-DEL,BOM,DEL,T+15,15,Air India,6502.84,7933,2026-09-14,False
2026-08-30,29,BOM-DEL,BOM,DEL,T+15,15,IndiGo,5257.98,6414,2026-09-14,False
2026-08-30,29,BOM-DEL,BOM,DEL,T+15,15,Air India,6466.44,7889,2026-09-14,False
2026-08-30,29,BOM-DEL,BOM,DEL,T+15,15,IndiGo,5389.27,6574,2026-09-14,False
2026-08-30,29,BOM-DEL,BOM,DEL,T+15,15,Air India,6608.37,8062,2026-09-14,False
2026-08-30,29,BOM-DEL,BOM,DEL,T+30,30,IndiGo,4576.76,5583,2026-09-29,False
2026-08-30,29,BOM-DEL,BOM,DEL,T+30,30,IndiGo,4728.72,5769,2026-09-29,False
2026-08-30,29,BOM-DEL,BOM,DEL,T+30,30,IndiGo,4986.97,6084,2026-09-29,False
2026-08-30,29,BOM-DEL,BOM,DEL,T+30,30,IndiGo,4660.41,5685,2026-09-29,False
2026-08-30,29,BOM-DEL,BOM,DEL,T+30,30,IndiGo,4572.74,5578,2026-09-29,False
2026-08-30,29,BOM-DEL,BOM,DEL,T+45,45,Air India,4904.72,5983,2026-10-14,False
2026-08-30,29,BOM-DEL,BOM,DEL,T+45,45,Air India,4722.6,5761,2026-10-14,False
2026-08-30,29,BOM-DEL,BOM,DEL,T+45,45,IndiGo,4396.78,5364,2026-10-14,False
2026-08-30,29,BOM-DEL,BOM,DEL,T+45,45,Air India,4813.9,5872,2026-10-14,False
2026-08-30,29,BOM-DEL,BOM,DEL,T+45,45,Air India,4738.06,5780,2026-10-14,False
2026-08-30,29,DEL-BLR,DEL,BLR,T+1,1,IndiGo,11816.9,14416,2026-08-31,False
2026-08-30,29,DEL-BLR,DEL,BLR,T+1,1,IndiGo,12640.42,15421,2026-08-31,False
2026-08-30,29,DEL-BLR,DEL,BLR,T+1,1,Air India,14786.85,18039,2026-08-31,False
2026-08-30,29,DEL-BLR,DEL,BLR,T+1,1,IndiGo,11961.05,14592,2026-08-31,False
2026-08-30,29,DEL-BLR,DEL,BLR,T+1,1,IndiGo,12418.55,15150,2026-08-31,False
2026-08-30,29,DEL-BLR,DEL,BLR,T+7,7,IndiGo,8159.85,9955,2026-09-06,False
2026-08-30,29,DEL-BLR,DEL,BLR,T+7,7,IndiGo,8670.47,10577,2026-09-06,False
2026-08-30,29,DEL-BLR,DEL,BLR,T+7,7,IndiGo,8751.21,10676,2026-09-06,False
2026-08-30,29,DEL-BLR,DEL,BLR,T+7,7,Air India,10763.18,13131,2026-09-06,False
2026-08-30,29,DEL-BLR,DEL,BLR,T+7,7,Air India,9882.28,12056,2026-09-06,False
2026-08-30,29,DEL-BLR,DEL,BLR,T+15,15,Air India,7381.85,9005,2026-09-14,False
2026-08-30,29,DEL-BLR,DEL,BLR,T+15,15,Air India,7485.42,9132,2026-09-14,False
2026-08-30,29,DEL-BLR,DEL,BLR,T+15,15,IndiGo,6248.04,7622,2026-09-14,False
2026-08-30,29,DEL-BLR,DEL,BLR,T+15,15,Air India,8089.13,9868,2026-09-14,False
2026-08-30,29,DEL-BLR,DEL,BLR,T+15,15,IndiGo,6909.94,8430,2026-09-14,False
2026-08-30,29,DEL-BLR,DEL,BLR,T+30,30,IndiGo,5681.25,6931,2026-09-29,False
2026-08-30,29,DEL-BLR,DEL,BLR,T+30,30,IndiGo,5858.44,7147,2026-09-29,False
2026-08-30,29,DEL-BLR,DEL,BLR,T+30,30,Air India,6654.72,8118,2026-09-29,False
2026-08-30,29,DEL-BLR,DEL,BLR,T+30,30,Akasa Air,5422.75,6615,2026-09-29,False
2026-08-30,29,DEL-BLR,DEL,BLR,T+30,30,Akasa Air,5377.44,6560,2026-09-29,False
2026-08-30,29,DEL-BLR,DEL,BLR,T+45,45,IndiGo,4939.78,6026,2026-10-14,False
2026-08-30,29,DEL-BLR,DEL,BLR,T+45,45,IndiGo,4723.49,5762,2026-10-14,False
2026-08-30,29,DEL-BLR,DEL,BLR,T+45,45,IndiGo,5040.22,6149,2026-10-14,False
2026-08-30,29,DEL-BLR,DEL,BLR,T+45,45,Air India,5879.39,7172,2026-10-14,False
2026-08-30,29,DEL-BLR,DEL,BLR,T+45,45,IndiGo,5124.31,6251,2026-10-14,False
2026-08-30,29,BOM-BLR,BOM,BLR,T+1,1,IndiGo,7823.82,9545,2026-08-31,False
2026-08-30,29,BOM-BLR,BOM,BLR,T+1,1,IndiGo,7753.89,9459,2026-08-31,False
2026-08-30,29,BOM-BLR,BOM,BLR,T+1,1,IndiGo,7560.51,9223,2026-08-31,False
2026-08-30,29,BOM-BLR,BOM,BLR,T+1,1,IndiGo,7817.99,9537,2026-08-31,False
2026-08-30,29,BOM-BLR,BOM,BLR,T+1,1,IndiGo,7999.79,9759,2026-08-31,False
2026-08-30,29,BOM-BLR,BOM,BLR,T+7,7,IndiGo,5297.95,6463,2026-09-06,False
2026-08-30,29,BOM-BLR,BOM,BLR,T+7,7,IndiGo,5535.69,6753,2026-09-06,False
2026-08-30,29,BOM-BLR,BOM,BLR,T+7,7,Air India,6559.44,8002,2026-09-06,False
2026-08-30,29,BOM-BLR,BOM,BLR,T+7,7,IndiGo,5380.09,6563,2026-09-06,False
2026-08-30,29,BOM-BLR,BOM,BLR,T+7,7,Akasa Air,5234.55,6386,2026-09-06,False
2026-08-30,29,BOM-BLR,BOM,BLR,T+15,15,IndiGo,4232.97,5164,2026-09-14,False
2026-08-30,29,BOM-BLR,BOM,BLR,T+15,15,IndiGo,4032.51,4919,2026-09-14,False
2026-08-30,29,BOM-BLR,BOM,BLR,T+15,15,IndiGo,4250.51,5185,2026-09-14,False
2026-08-30,29,BOM-BLR,BOM,BLR,T+15,15,Air India,4795.36,5850,2026-09-14,False
2026-08-30,29,BOM-BLR,BOM,BLR,T+15,15,IndiGo,4355.29,5313,2026-09-14,False
2026-08-30,29,BOM-BLR,BOM,BLR,T+30,30,IndiGo,3893.72,4750,2026-09-29,False
2026-08-30,29,BOM-BLR,BOM,BLR,T+30,30,IndiGo,3490.78,4258,2026-09-29,False
2026-08-30,29,BOM-BLR,BOM,BLR,T+30,30,Akasa Air,3550.72,4331,2026-09-29,False
2026-08-30,29,BOM-BLR,BOM,BLR,T+30,30,IndiGo,3507.66,4279,2026-09-29,False
2026-08-30,29,BOM-BLR,BOM,BLR,T+30,30,IndiGo,3730.34,4551,2026-09-29,False
2026-08-30,29,BOM-BLR,BOM,BLR,T+45,45,IndiGo,3057.62,3730,2026-10-14,False
2026-08-30,29,BOM-BLR,BOM,BLR,T+45,45,IndiGo,3253.11,3968,2026-10-14,False
2026-08-30,29,BOM-BLR,BOM,BLR,T+45,45,IndiGo,3101.55,3783,2026-10-14,False
2026-08-30,29,BOM-BLR,BOM,BLR,T+45,45,IndiGo,3176.12,3874,2026-10-14,False
2026-08-30,29,BOM-BLR,BOM,BLR,T+45,45,Akasa Air,2986.47,3643,2026-10-14,False
2026-08-30,29,DEL-CCU,DEL,CCU,T+1,1,IndiGo,11349.25,13846,2026-08-31,False
2026-08-30,29,DEL-CCU,DEL,CCU,T+1,1,IndiGo,10708.57,13064,2026-08-31,False
2026-08-30,29,DEL-CCU,DEL,CCU,T+1,1,IndiGo,11244.85,13718,2026-08-31,False
2026-08-30,29,DEL-CCU,DEL,CCU,T+1,1,Air India,12849.2,15676,2026-08-31,False
2026-08-30,29,DEL-CCU,DEL,CCU,T+1,1,Air India,12953.73,15803,2026-08-31,False
2026-08-30,29,DEL-CCU,DEL,CCU,T+7,7,IndiGo,7847.45,9573,2026-09-06,False
2026-08-30,29,DEL-CCU,DEL,CCU,T+7,7,IndiGo,7598.91,9270,2026-09-06,False
2026-08-30,29,DEL-CCU,DEL,CCU,T+7,7,IndiGo,7864.56,9594,2026-09-06,False
2026-08-30,29,DEL-CCU,DEL,CCU,T+7,7,IndiGo,8225.23,10034,2026-09-06,False
2026-08-30,29,DEL-CCU,DEL,CCU,T+7,7,IndiGo,7594.46,9265,2026-09-06,False
2026-08-30,29,DEL-CCU,DEL,CCU,T+15,15,IndiGo,6183.79,7544,2026-09-14,False
2026-08-30,29,DEL-CCU,DEL,CCU,T+15,15,IndiGo,6251.63,7626,2026-09-14,False
2026-08-30,29,DEL-CCU,DEL,CCU,T+15,15,Akasa Air,5588.26,6817,2026-09-14,False
2026-08-30,29,DEL-CCU,DEL,CCU,T+15,15,IndiGo,5637.65,6877,2026-09-14,False
2026-08-30,29,DEL-CCU,DEL,CCU,T+15,15,IndiGo,6002.94,7323,2026-09-14,False
2026-08-30,29,DEL-CCU,DEL,CCU,T+30,30,IndiGo,4994.02,6092,2026-09-29,False
2026-08-30,29,DEL-CCU,DEL,CCU,T+30,30,Air India,6395.28,7802,2026-09-29,False
2026-08-30,29,DEL-CCU,DEL,CCU,T+30,30,IndiGo,5097.77,6219,2026-09-29,False
2026-08-30,29,DEL-CCU,DEL,CCU,T+30,30,IndiGo,4948.61,6037,2026-09-29,False
2026-08-30,29,DEL-CCU,DEL,CCU,T+30,30,Air India,5761.68,7029,2026-09-29,False
2026-08-30,29,DEL-CCU,DEL,CCU,T+45,45,IndiGo,4698.49,5732,2026-10-14,False
2026-08-30,29,DEL-CCU,DEL,CCU,T+45,45,Air India,5229.06,6379,2026-10-14,False
2026-08-30,29,DEL-CCU,DEL,CCU,T+45,45,IndiGo,4532.78,5529,2026-10-14,False
2026-08-30,29,DEL-CCU,DEL,CCU,T+45,45,SpiceJet,4431.07,5405,2026-10-14,False
2026-08-30,29,DEL-CCU,DEL,CCU,T+45,45,IndiGo,4449.13,5427,2026-10-14,False
2026-08-30,29,BLR-HYD,BLR,HYD,T+1,1,IndiGo,6076.69,7413,2026-08-31,False
2026-08-30,29,BLR-HYD,BLR,HYD,T+1,1,IndiGo,6082.94,7421,2026-08-31,False
2026-08-30,29,BLR-HYD,BLR,HYD,T+1,1,IndiGo,6232.04,7603,2026-08-31,False
2026-08-30,29,BLR-HYD,BLR,HYD,T+1,1,IndiGo,6212.32,7579,2026-08-31,False
2026-08-30,29,BLR-HYD,BLR,HYD,T+1,1,IndiGo,6039.58,7368,2026-08-31,False
2026-08-30,29,BLR-HYD,BLR,HYD,T+7,7,IndiGo,4316.95,5266,2026-09-06,False
2026-08-30,29,BLR-HYD,BLR,HYD,T+7,7,IndiGo,4251.3,5186,2026-09-06,False
2026-08-30,29,BLR-HYD,BLR,HYD,T+7,7,IndiGo,4084.59,4983,2026-09-06,False
2026-08-30,29,BLR-HYD,BLR,HYD,T+7,7,Air India,5123.92,6251,2026-09-06,False
2026-08-30,29,BLR-HYD,BLR,HYD,T+7,7,Akasa Air,4447.58,5426,2026-09-06,False
2026-08-30,29,BLR-HYD,BLR,HYD,T+15,15,IndiGo,3175.96,3874,2026-09-14,False
2026-08-30,29,BLR-HYD,BLR,HYD,T+15,15,Akasa Air,3087.97,3767,2026-09-14,False
2026-08-30,29,BLR-HYD,BLR,HYD,T+15,15,IndiGo,3177.45,3876,2026-09-14,False
2026-08-30,29,BLR-HYD,BLR,HYD,T+15,15,IndiGo,3360.45,4099,2026-09-14,False
2026-08-30,29,BLR-HYD,BLR,HYD,T+15,15,SpiceJet,3153.58,3847,2026-09-14,False
2026-08-30,29,BLR-HYD,BLR,HYD,T+30,30,IndiGo,2793.55,3408,2026-09-29,False
2026-08-30,29,BLR-HYD,BLR,HYD,T+30,30,Air India,3205.42,3910,2026-09-29,False
2026-08-30,29,BLR-HYD,BLR,HYD,T+30,30,Air India,3322.54,4053,2026-09-29,False
2026-08-30,29,BLR-HYD,BLR,HYD,T+30,30,IndiGo,2655.31,3239,2026-09-29,False
2026-08-30,29,BLR-HYD,BLR,HYD,T+30,30,Air India,3328.46,4060,2026-09-29,False
2026-08-30,29,BLR-HYD,BLR,HYD,T+45,45,IndiGo,2573.18,3139,2026-10-14,False
2026-08-30,29,BLR-HYD,BLR,HYD,T+45,45,IndiGo,2387.67,2912,2026-10-14,False
2026-08-30,29,BLR-HYD,BLR,HYD,T+45,45,Air India,2785.95,3398,2026-10-14,False
2026-08-30,29,BLR-HYD,BLR,HYD,T+45,45,IndiGo,2635.05,3214,2026-10-14,False
2026-08-30,29,BLR-HYD,BLR,HYD,T+45,45,IndiGo,2443.55,2981,2026-10-14,False
2026-08-30,29,MAA-DEL,MAA,DEL,T+1,1,IndiGo,12063.63,14717,2026-08-31,False
2026-08-30,29,MAA-DEL,MAA,DEL,T+1,1,IndiGo,11539.81,14078,2026-08-31,False
2026-08-30,29,MAA-DEL,MAA,DEL,T+1,1,IndiGo,11536.57,14074,2026-08-31,False
2026-08-30,29,MAA-DEL,MAA,DEL,T+1,1,IndiGo,11780.37,14372,2026-08-31,False
2026-08-30,29,MAA-DEL,MAA,DEL,T+1,1,IndiGo,11243.37,13716,2026-08-31,False
2026-08-30,29,MAA-DEL,MAA,DEL,T+7,7,Air India,9725.1,11864,2026-09-06,False
2026-08-30,29,MAA-DEL,MAA,DEL,T+7,7,IndiGo,8101.26,9883,2026-09-06,False
2026-08-30,29,MAA-DEL,MAA,DEL,T+7,7,IndiGo,7831.4,9554,2026-09-06,False
2026-08-30,29,MAA-DEL,MAA,DEL,T+7,7,IndiGo,8307.87,10135,2026-09-06,False
2026-08-30,29,MAA-DEL,MAA,DEL,T+7,7,IndiGo,8135.22,9924,2026-09-06,False
2026-08-30,29,MAA-DEL,MAA,DEL,T+15,15,IndiGo,6213.08,7579,2026-09-14,False
2026-08-30,29,MAA-DEL,MAA,DEL,T+15,15,IndiGo,5982.8,7299,2026-09-14,False
2026-08-30,29,MAA-DEL,MAA,DEL,T+15,15,IndiGo,6595.39,8046,2026-09-14,False
2026-08-30,29,MAA-DEL,MAA,DEL,T+15,15,IndiGo,6439.12,7855,2026-09-14,False
2026-08-30,29,MAA-DEL,MAA,DEL,T+15,15,Air India,7613.92,9288,2026-09-14,False
2026-08-30,29,MAA-DEL,MAA,DEL,T+30,30,Akasa Air,5130.38,6259,2026-09-29,False
2026-08-30,29,MAA-DEL,MAA,DEL,T+30,30,IndiGo,5030.84,6137,2026-09-29,False
2026-08-30,29,MAA-DEL,MAA,DEL,T+30,30,Air India,6744.7,8228,2026-09-29,False
2026-08-30,29,MAA-DEL,MAA,DEL,T+30,30,IndiGo,5343.48,6519,2026-09-29,False
2026-08-30,29,MAA-DEL,MAA,DEL,T+30,30,IndiGo,5214.59,6361,2026-09-29,False
2026-08-30,29,MAA-DEL,MAA,DEL,T+45,45,IndiGo,4829.37,5891,2026-10-14,False
2026-08-30,29,MAA-DEL,MAA,DEL,T+45,45,IndiGo,4954.37,6044,2026-10-14,False
2026-08-30,29,MAA-DEL,MAA,DEL,T+45,45,Air India,5607.19,6840,2026-10-14,False
2026-08-30,29,MAA-DEL,MAA,DEL,T+45,45,Air India,5862.84,7152,2026-10-14,False
2026-08-30,29,MAA-DEL,MAA,DEL,T+45,45,Air India,5824.42,7105,2026-10-14,False
2026-08-30,29,DEL-PNQ,DEL,PNQ,T+1,1,IndiGo,8785.76,10718,2026-08-31,False
2026-08-30,29,DEL-PNQ,DEL,PNQ,T+1,1,Air India,10509.62,12821,2026-08-31,False
2026-08-30,29,DEL-PNQ,DEL,PNQ,T+1,1,IndiGo,9435.68,11511,2026-08-31,False
2026-08-30,29,DEL-PNQ,DEL,PNQ,T+1,1,IndiGo,8262.92,10080,2026-08-31,False
2026-08-30,29,DEL-PNQ,DEL,PNQ,T+1,1,IndiGo,9081.95,11079,2026-08-31,False
2026-08-30,29,DEL-PNQ,DEL,PNQ,T+7,7,Air India,7235.75,8827,2026-09-06,False
2026-08-30,29,DEL-PNQ,DEL,PNQ,T+7,7,IndiGo,6353.26,7750,2026-09-06,False
2026-08-30,29,DEL-PNQ,DEL,PNQ,T+7,7,Akasa Air,6191.55,7553,2026-09-06,False
2026-08-30,29,DEL-PNQ,DEL,PNQ,T+7,7,IndiGo,6380.01,7783,2026-09-06,False
2026-08-30,29,DEL-PNQ,DEL,PNQ,T+7,7,IndiGo,6336.14,7730,2026-09-06,False
2026-08-30,29,DEL-PNQ,DEL,PNQ,T+15,15,Air India,5573.15,6799,2026-09-14,False
2026-08-30,29,DEL-PNQ,DEL,PNQ,T+15,15,IndiGo,5310.34,6478,2026-09-14,False
2026-08-30,29,DEL-PNQ,DEL,PNQ,T+15,15,IndiGo,5237.31,6389,2026-09-14,False
2026-08-30,29,DEL-PNQ,DEL,PNQ,T+15,15,IndiGo,4716.05,5753,2026-09-14,False
2026-08-30,29,DEL-PNQ,DEL,PNQ,T+15,15,IndiGo,5188.22,6329,2026-09-14,False
2026-08-30,29,DEL-PNQ,DEL,PNQ,T+30,30,IndiGo,4154.8,5068,2026-09-29,False
2026-08-30,29,DEL-PNQ,DEL,PNQ,T+30,30,IndiGo,4232.77,5163,2026-09-29,False
2026-08-30,29,DEL-PNQ,DEL,PNQ,T+30,30,Air India,4956.74,6047,2026-09-29,False
2026-08-30,29,DEL-PNQ,DEL,PNQ,T+30,30,IndiGo,4116.41,5022,2026-09-29,False
2026-08-30,29,DEL-PNQ,DEL,PNQ,T+30,30,Air India,5138.81,6269,2026-09-29,False
2026-08-30,29,DEL-PNQ,DEL,PNQ,T+45,45,IndiGo,3762.03,4589,2026-10-14,False
2026-08-30,29,DEL-PNQ,DEL,PNQ,T+45,45,IndiGo,3683.05,4493,2026-10-14,False
2026-08-30,29,DEL-PNQ,DEL,PNQ,T+45,45,Air India,4214.15,5141,2026-10-14,False
2026-08-30,29,DEL-PNQ,DEL,PNQ,T+45,45,IndiGo,3628.38,4426,2026-10-14,False
2026-08-30,29,DEL-PNQ,DEL,PNQ,T+45,45,IndiGo,3530.35,4307,2026-10-14,False
2026-08-31,30,DEL-BOM,DEL,BOM,T+1,1,Air India,11694.15,14266,2026-09-01,False
2026-08-31,30,DEL-BOM,DEL,BOM,T+1,1,IndiGo,9499.64,11589,2026-09-01,False
2026-08-31,30,DEL-BOM,DEL,BOM,T+1,1,Air India,11580.51,14128,2026-09-01,False
2026-08-31,30,DEL-BOM,DEL,BOM,T+1,1,IndiGo,10390.36,12676,2026-09-01,False
2026-08-31,30,DEL-BOM,DEL,BOM,T+1,1,IndiGo,10331.09,12603,2026-09-01,False
2026-08-31,30,DEL-BOM,DEL,BOM,T+7,7,Air India,8262.98,10080,2026-09-07,False
2026-08-31,30,DEL-BOM,DEL,BOM,T+7,7,IndiGo,6995.32,8534,2026-09-07,False
2026-08-31,30,DEL-BOM,DEL,BOM,T+7,7,IndiGo,7478.37,9123,2026-09-07,False
2026-08-31,30,DEL-BOM,DEL,BOM,T+7,7,IndiGo,7144.59,8716,2026-09-07,False
2026-08-31,30,DEL-BOM,DEL,BOM,T+7,7,Akasa Air,6717.16,8194,2026-09-07,False
2026-08-31,30,DEL-BOM,DEL,BOM,T+15,15,IndiGo,5072.33,6188,2026-09-15,False
2026-08-31,30,DEL-BOM,DEL,BOM,T+15,15,IndiGo,5412.39,6603,2026-09-15,False
2026-08-31,30,DEL-BOM,DEL,BOM,T+15,15,Akasa Air,5320.27,6490,2026-09-15,False
2026-08-31,30,DEL-BOM,DEL,BOM,T+15,15,IndiGo,5220.77,6369,2026-09-15,False
2026-08-31,30,DEL-BOM,DEL,BOM,T+15,15,IndiGo,5393.21,6579,2026-09-15,False
2026-08-31,30,DEL-BOM,DEL,BOM,T+30,30,IndiGo,4517.88,5511,2026-09-30,False
2026-08-31,30,DEL-BOM,DEL,BOM,T+30,30,Air India,5360.24,6539,2026-09-30,False
2026-08-31,30,DEL-BOM,DEL,BOM,T+30,30,IndiGo,4177.65,5096,2026-09-30,False
2026-08-31,30,DEL-BOM,DEL,BOM,T+30,30,Air India,5353.12,6530,2026-09-30,False
2026-08-31,30,DEL-BOM,DEL,BOM,T+30,30,IndiGo,4731.37,5772,2026-09-30,False
2026-08-31,30,DEL-BOM,DEL,BOM,T+45,45,Air India,4689.57,5721,2026-10-15,False
2026-08-31,30,DEL-BOM,DEL,BOM,T+45,45,IndiGo,4075.13,4971,2026-10-15,False
2026-08-31,30,DEL-BOM,DEL,BOM,T+45,45,IndiGo,3960.03,4831,2026-10-15,False
2026-08-31,30,DEL-BOM,DEL,BOM,T+45,45,IndiGo,4118.97,5025,2026-10-15,False
2026-08-31,30,DEL-BOM,DEL,BOM,T+45,45,IndiGo,4036.83,4924,2026-10-15,False
2026-08-31,30,BOM-DEL,BOM,DEL,T+1,1,IndiGo,9588.97,11698,2026-09-01,False
2026-08-31,30,BOM-DEL,BOM,DEL,T+1,1,Air India,12234.33,14925,2026-09-01,False
2026-08-31,30,BOM-DEL,BOM,DEL,T+1,1,IndiGo,10237.27,12489,2026-09-01,False
2026-08-31,30,BOM-DEL,BOM,DEL,T+1,1,IndiGo,9704.99,11840,2026-09-01,False
2026-08-31,30,BOM-DEL,BOM,DEL,T+1,1,IndiGo,10087.65,12306,2026-09-01,False
2026-08-31,30,BOM-DEL,BOM,DEL,T+7,7,Air India,8427.92,10282,2026-09-07,False
2026-08-31,30,BOM-DEL,BOM,DEL,T+7,7,IndiGo,7174.44,8752,2026-09-07,False
2026-08-31,30,BOM-DEL,BOM,DEL,T+7,7,IndiGo,6600.62,8052,2026-09-07,False
2026-08-31,30,BOM-DEL,BOM,DEL,T+7,7,IndiGo,7263.91,8861,2026-09-07,False
2026-08-31,30,BOM-DEL,BOM,DEL,T+7,7,IndiGo,6876.79,8389,2026-09-07,False
2026-08-31,30,BOM-DEL,BOM,DEL,T+15,15,IndiGo,5271.93,6431,2026-09-15,False
2026-08-31,30,BOM-DEL,BOM,DEL,T+15,15,IndiGo,5831.7,7114,2026-09-15,False
2026-08-31,30,BOM-DEL,BOM,DEL,T+15,15,Air India,6360.66,7760,2026-09-15,False
2026-08-31,30,BOM-DEL,BOM,DEL,T+15,15,IndiGo,5266.61,6425,2026-09-15,False
2026-08-31,30,BOM-DEL,BOM,DEL,T+15,15,Air India,5808.34,7086,2026-09-15,False
2026-08-31,30,BOM-DEL,BOM,DEL,T+30,30,IndiGo,4798.7,5854,2026-09-30,False
2026-08-31,30,BOM-DEL,BOM,DEL,T+30,30,Air India,5140.98,6271,2026-09-30,False
2026-08-31,30,BOM-DEL,BOM,DEL,T+30,30,IndiGo,4415.4,5386,2026-09-30,False
2026-08-31,30,BOM-DEL,BOM,DEL,T+30,30,Akasa Air,4380.21,5343,2026-09-30,False
2026-08-31,30,BOM-DEL,BOM,DEL,T+30,30,IndiGo,4802.97,5859,2026-09-30,False
2026-08-31,30,BOM-DEL,BOM,DEL,T+45,45,IndiGo,4177.74,5096,2026-10-15,False
2026-08-31,30,BOM-DEL,BOM,DEL,T+45,45,IndiGo,4045.18,4935,2026-10-15,False
2026-08-31,30,BOM-DEL,BOM,DEL,T+45,45,Air India,4847.3,5913,2026-10-15,False
2026-08-31,30,BOM-DEL,BOM,DEL,T+45,45,IndiGo,3982.18,4858,2026-10-15,False
2026-08-31,30,BOM-DEL,BOM,DEL,T+45,45,Air India,4818.99,5879,2026-10-15,False
2026-08-31,30,DEL-BLR,DEL,BLR,T+1,1,IndiGo,12234.28,14925,2026-09-01,False
2026-08-31,30,DEL-BLR,DEL,BLR,T+1,1,IndiGo,12616.73,15392,2026-09-01,False
2026-08-31,30,DEL-BLR,DEL,BLR,T+1,1,Air India,14873.66,18145,2026-09-01,False
2026-08-31,30,DEL-BLR,DEL,BLR,T+1,1,IndiGo,12413.94,15145,2026-09-01,False
2026-08-31,30,DEL-BLR,DEL,BLR,T+1,1,IndiGo,12048.2,14698,2026-09-01,False
2026-08-31,30,DEL-BLR,DEL,BLR,T+7,7,IndiGo,8860.16,10809,2026-09-07,False
2026-08-31,30,DEL-BLR,DEL,BLR,T+7,7,IndiGo,8608.14,10501,2026-09-07,False
2026-08-31,30,DEL-BLR,DEL,BLR,T+7,7,IndiGo,8308.93,10136,2026-09-07,False
2026-08-31,30,DEL-BLR,DEL,BLR,T+7,7,Air India,10037.61,12245,2026-09-07,False
2026-08-31,30,DEL-BLR,DEL,BLR,T+7,7,Air India,10211.44,12457,2026-09-07,False
2026-08-31,30,DEL-BLR,DEL,BLR,T+15,15,Air India,7993.45,9752,2026-09-15,False
2026-08-31,30,DEL-BLR,DEL,BLR,T+15,15,IndiGo,6528.62,7964,2026-09-15,False
2026-08-31,30,DEL-BLR,DEL,BLR,T+15,15,IndiGo,6292.74,7677,2026-09-15,False
2026-08-31,30,DEL-BLR,DEL,BLR,T+15,15,IndiGo,6583.88,8032,2026-09-15,False
2026-08-31,30,DEL-BLR,DEL,BLR,T+15,15,SpiceJet,6249.71,7624,2026-09-15,False
2026-08-31,30,DEL-BLR,DEL,BLR,T+30,30,IndiGo,5668.77,6915,2026-09-30,False
2026-08-31,30,DEL-BLR,DEL,BLR,T+30,30,IndiGo,5813.47,7092,2026-09-30,False
2026-08-31,30,DEL-BLR,DEL,BLR,T+30,30,Air India,6876.79,8389,2026-09-30,False
2026-08-31,30,DEL-BLR,DEL,BLR,T+30,30,IndiGo,5515.0,6728,2026-09-30,False
2026-08-31,30,DEL-BLR,DEL,BLR,T+30,30,Air India,6496.8,7926,2026-09-30,False
2026-08-31,30,DEL-BLR,DEL,BLR,T+45,45,IndiGo,4824.08,5885,2026-10-15,False
2026-08-31,30,DEL-BLR,DEL,BLR,T+45,45,IndiGo,5128.79,6257,2026-10-15,False
2026-08-31,30,DEL-BLR,DEL,BLR,T+45,45,IndiGo,5260.21,6417,2026-10-15,False
2026-08-31,30,DEL-BLR,DEL,BLR,T+45,45,Air India,5837.13,7121,2026-10-15,False
2026-08-31,30,DEL-BLR,DEL,BLR,T+45,45,IndiGo,4964.04,6056,2026-10-15,False
2026-08-31,30,BOM-BLR,BOM,BLR,T+1,1,IndiGo,8218.85,10026,2026-09-01,False
2026-08-31,30,BOM-BLR,BOM,BLR,T+1,1,Air India,9379.53,11443,2026-09-01,False
2026-08-31,30,BOM-BLR,BOM,BLR,T+1,1,IndiGo,7936.88,9682,2026-09-01,False
2026-08-31,30,BOM-BLR,BOM,BLR,T+1,1,IndiGo,7491.67,9139,2026-09-01,False
2026-08-31,30,BOM-BLR,BOM,BLR,T+1,1,Air India,9435.39,11511,2026-09-01,False
2026-08-31,30,BOM-BLR,BOM,BLR,T+7,7,IndiGo,5352.49,6530,2026-09-07,False
2026-08-31,30,BOM-BLR,BOM,BLR,T+7,7,IndiGo,5312.82,6481,2026-09-07,False
2026-08-31,30,BOM-BLR,BOM,BLR,T+7,7,IndiGo,5465.25,6667,2026-09-07,False
2026-08-31,30,BOM-BLR,BOM,BLR,T+7,7,IndiGo,5418.97,6611,2026-09-07,False
2026-08-31,30,BOM-BLR,BOM,BLR,T+7,7,IndiGo,5489.49,6697,2026-09-07,False
2026-08-31,30,BOM-BLR,BOM,BLR,T+15,15,IndiGo,3997.14,4876,2026-09-15,False
2026-08-31,30,BOM-BLR,BOM,BLR,T+15,15,Air India,5129.24,6257,2026-09-15,False
2026-08-31,30,BOM-BLR,BOM,BLR,T+15,15,IndiGo,4375.58,5338,2026-09-15,False
2026-08-31,30,BOM-BLR,BOM,BLR,T+15,15,IndiGo,3922.53,4785,2026-09-15,False
2026-08-31,30,BOM-BLR,BOM,BLR,T+15,15,Air India,5132.66,6261,2026-09-15,False
2026-08-31,30,BOM-BLR,BOM,BLR,T+30,30,Air India,4133.07,5042,2026-09-30,False
2026-08-31,30,BOM-BLR,BOM,BLR,T+30,30,IndiGo,3716.31,4533,2026-09-30,False
2026-08-31,30,BOM-BLR,BOM,BLR,T+30,30,IndiGo,3599.44,4391,2026-09-30,False
2026-08-31,30,BOM-BLR,BOM,BLR,T+30,30,Akasa Air,3497.67,4267,2026-09-30,False
2026-08-31,30,BOM-BLR,BOM,BLR,T+30,30,Air India,4226.19,5155,2026-09-30,False
2026-08-31,30,BOM-BLR,BOM,BLR,T+45,45,IndiGo,3343.25,4078,2026-10-15,False
2026-08-31,30,BOM-BLR,BOM,BLR,T+45,45,Akasa Air,2971.16,3624,2026-10-15,False
2026-08-31,30,BOM-BLR,BOM,BLR,T+45,45,IndiGo,3275.42,3996,2026-10-15,False
2026-08-31,30,BOM-BLR,BOM,BLR,T+45,45,IndiGo,3330.81,4063,2026-10-15,False
2026-08-31,30,BOM-BLR,BOM,BLR,T+45,45,Air India,3875.91,4728,2026-10-15,False
2026-08-31,30,DEL-CCU,DEL,CCU,T+1,1,IndiGo,11958.74,14589,2026-09-01,False
2026-08-31,30,DEL-CCU,DEL,CCU,T+1,1,IndiGo,10854.2,13242,2026-09-01,False
2026-08-31,30,DEL-CCU,DEL,CCU,T+1,1,IndiGo,11429.47,13943,2026-09-01,False
2026-08-31,30,DEL-CCU,DEL,CCU,T+1,1,IndiGo,11017.87,13441,2026-09-01,False
2026-08-31,30,DEL-CCU,DEL,CCU,T+1,1,IndiGo,11536.34,14074,2026-09-01,False
2026-08-31,30,DEL-CCU,DEL,CCU,T+7,7,IndiGo,7824.22,9545,2026-09-07,False
2026-08-31,30,DEL-CCU,DEL,CCU,T+7,7,IndiGo,7720.08,9418,2026-09-07,False
2026-08-31,30,DEL-CCU,DEL,CCU,T+7,7,Air India,9648.6,11771,2026-09-07,False
2026-08-31,30,DEL-CCU,DEL,CCU,T+7,7,IndiGo,7691.67,9383,2026-09-07,False
2026-08-31,30,DEL-CCU,DEL,CCU,T+7,7,IndiGo,7439.35,9076,2026-09-07,False
2026-08-31,30,DEL-CCU,DEL,CCU,T+15,15,IndiGo,5847.09,7133,2026-09-15,False
2026-08-31,30,DEL-CCU,DEL,CCU,T+15,15,Air India,7172.51,8750,2026-09-15,False
2026-08-31,30,DEL-CCU,DEL,CCU,T+15,15,IndiGo,6244.94,7618,2026-09-15,False
2026-08-31,30,DEL-CCU,DEL,CCU,T+15,15,IndiGo,5977.97,7293,2026-09-15,False
2026-08-31,30,DEL-CCU,DEL,CCU,T+15,15,IndiGo,6229.55,7600,2026-09-15,False
2026-08-31,30,DEL-CCU,DEL,CCU,T+30,30,Air India,5731.44,6992,2026-09-30,False
2026-08-31,30,DEL-CCU,DEL,CCU,T+30,30,IndiGo,5024.94,6130,2026-09-30,False
2026-08-31,30,DEL-CCU,DEL,CCU,T+30,30,IndiGo,5052.57,6164,2026-09-30,False
2026-08-31,30,DEL-CCU,DEL,CCU,T+30,30,IndiGo,5083.66,6202,2026-09-30,False
2026-08-31,30,DEL-CCU,DEL,CCU,T+30,30,IndiGo,5119.15,6245,2026-09-30,False
2026-08-31,30,DEL-CCU,DEL,CCU,T+45,45,IndiGo,4646.71,5668,2026-10-15,False
2026-08-31,30,DEL-CCU,DEL,CCU,T+45,45,IndiGo,4466.37,5448,2026-10-15,False
2026-08-31,30,DEL-CCU,DEL,CCU,T+45,45,IndiGo,4559.08,5562,2026-10-15,False
2026-08-31,30,DEL-CCU,DEL,CCU,T+45,45,Air India,5340.44,6515,2026-10-15,False
2026-08-31,30,DEL-CCU,DEL,CCU,T+45,45,IndiGo,4389.97,5355,2026-10-15,False
2026-08-31,30,BLR-HYD,BLR,HYD,T+1,1,IndiGo,6077.21,7414,2026-09-01,False
2026-08-31,30,BLR-HYD,BLR,HYD,T+1,1,IndiGo,6070.8,7406,2026-09-01,False
2026-08-31,30,BLR-HYD,BLR,HYD,T+1,1,IndiGo,6066.23,7400,2026-09-01,False
2026-08-31,30,BLR-HYD,BLR,HYD,T+1,1,IndiGo,6108.26,7452,2026-09-01,False
2026-08-31,30,BLR-HYD,BLR,HYD,T+1,1,IndiGo,6117.64,7463,2026-09-01,False
2026-08-31,30,BLR-HYD,BLR,HYD,T+7,7,IndiGo,4252.64,5188,2026-09-07,False
2026-08-31,30,BLR-HYD,BLR,HYD,T+7,7,IndiGo,4510.32,5502,2026-09-07,False
2026-08-31,30,BLR-HYD,BLR,HYD,T+7,7,Air India,4882.29,5956,2026-09-07,False
2026-08-31,30,BLR-HYD,BLR,HYD,T+7,7,IndiGo,4209.01,5134,2026-09-07,False
2026-08-31,30,BLR-HYD,BLR,HYD,T+7,7,IndiGo,4738.1,5780,2026-09-07,False
2026-08-31,30,BLR-HYD,BLR,HYD,T+15,15,Air India,3732.61,4553,2026-09-15,False
2026-08-31,30,BLR-HYD,BLR,HYD,T+15,15,Akasa Air,3030.91,3697,2026-09-15,False
2026-08-31,30,BLR-HYD,BLR,HYD,T+15,15,IndiGo,3369.87,4111,2026-09-15,False
2026-08-31,30,BLR-HYD,BLR,HYD,T+15,15,IndiGo,3046.57,3716,2026-09-15,False
2026-08-31,30,BLR-HYD,BLR,HYD,T+15,15,Air India,3841.43,4686,2026-09-15,False
2026-08-31,30,BLR-HYD,BLR,HYD,T+30,30,IndiGo,3027.57,3693,2026-09-30,False
2026-08-31,30,BLR-HYD,BLR,HYD,T+30,30,IndiGo,2663.8,3249,2026-09-30,False
2026-08-31,30,BLR-HYD,BLR,HYD,T+30,30,Air India,3089.69,3769,2026-09-30,False
2026-08-31,30,BLR-HYD,BLR,HYD,T+30,30,Air India,3145.79,3837,2026-09-30,False
2026-08-31,30,BLR-HYD,BLR,HYD,T+30,30,IndiGo,2904.61,3543,2026-09-30,False
2026-08-31,30,BLR-HYD,BLR,HYD,T+45,45,IndiGo,2601.71,3174,2026-10-15,False
2026-08-31,30,BLR-HYD,BLR,HYD,T+45,45,IndiGo,2458.26,2999,2026-10-15,False
2026-08-31,30,BLR-HYD,BLR,HYD,T+45,45,IndiGo,2563.03,3126,2026-10-15,False
2026-08-31,30,BLR-HYD,BLR,HYD,T+45,45,Akasa Air,2542.08,3101,2026-10-15,False
2026-08-31,30,BLR-HYD,BLR,HYD,T+45,45,Air India,3135.72,3825,2026-10-15,False
2026-08-31,30,MAA-DEL,MAA,DEL,T+1,1,IndiGo,11530.67,14067,2026-09-01,False
2026-08-31,30,MAA-DEL,MAA,DEL,T+1,1,IndiGo,10694.06,13046,2026-09-01,False
2026-08-31,30,MAA-DEL,MAA,DEL,T+1,1,Air India,13318.31,16248,2026-09-01,False
2026-08-31,30,MAA-DEL,MAA,DEL,T+1,1,Akasa Air,11095.4,13536,2026-09-01,False
2026-08-31,30,MAA-DEL,MAA,DEL,T+1,1,IndiGo,11525.54,14061,2026-09-01,False
2026-08-31,30,MAA-DEL,MAA,DEL,T+7,7,Air India,9640.27,11761,2026-09-07,False
2026-08-31,30,MAA-DEL,MAA,DEL,T+7,7,Akasa Air,8283.36,10105,2026-09-07,False
2026-08-31,30,MAA-DEL,MAA,DEL,T+7,7,Air India,10136.92,12367,2026-09-07,False
2026-08-31,30,MAA-DEL,MAA,DEL,T+7,7,IndiGo,8181.68,9981,2026-09-07,False
2026-08-31,30,MAA-DEL,MAA,DEL,T+7,7,Air India,10077.16,12294,2026-09-07,False
2026-08-31,30,MAA-DEL,MAA,DEL,T+15,15,IndiGo,6341.22,7736,2026-09-15,False
2026-08-31,30,MAA-DEL,MAA,DEL,T+15,15,IndiGo,6276.96,7657,2026-09-15,False
2026-08-31,30,MAA-DEL,MAA,DEL,T+15,15,Air India,7617.81,9293,2026-09-15,False
2026-08-31,30,MAA-DEL,MAA,DEL,T+15,15,IndiGo,6278.66,7659,2026-09-15,False
2026-08-31,30,MAA-DEL,MAA,DEL,T+15,15,IndiGo,6713.89,8190,2026-09-15,False
2026-08-31,30,MAA-DEL,MAA,DEL,T+30,30,IndiGo,5097.87,6219,2026-09-30,False
2026-08-31,30,MAA-DEL,MAA,DEL,T+30,30,Air India,6214.63,7581,2026-09-30,False
2026-08-31,30,MAA-DEL,MAA,DEL,T+30,30,IndiGo,5344.36,6520,2026-09-30,False
2026-08-31,30,MAA-DEL,MAA,DEL,T+30,30,IndiGo,5450.7,6649,2026-09-30,False
2026-08-31,30,MAA-DEL,MAA,DEL,T+30,30,IndiGo,5606.36,6839,2026-09-30,False
2026-08-31,30,MAA-DEL,MAA,DEL,T+45,45,IndiGo,4767.6,5816,2026-10-15,False
2026-08-31,30,MAA-DEL,MAA,DEL,T+45,45,Akasa Air,4390.96,5356,2026-10-15,False
2026-08-31,30,MAA-DEL,MAA,DEL,T+45,45,IndiGo,4912.38,5993,2026-10-15,False
2026-08-31,30,MAA-DEL,MAA,DEL,T+45,45,IndiGo,4897.76,5975,2026-10-15,False
2026-08-31,30,MAA-DEL,MAA,DEL,T+45,45,IndiGo,4447.36,5425,2026-10-15,False
2026-08-31,30,DEL-PNQ,DEL,PNQ,T+1,1,IndiGo,9151.0,11164,2026-09-01,False
2026-08-31,30,DEL-PNQ,DEL,PNQ,T+1,1,IndiGo,8642.85,10544,2026-09-01,False
2026-08-31,30,DEL-PNQ,DEL,PNQ,T+1,1,Akasa Air,8657.02,10561,2026-09-01,False
2026-08-31,30,DEL-PNQ,DEL,PNQ,T+1,1,IndiGo,8863.03,10812,2026-09-01,False
2026-08-31,30,DEL-PNQ,DEL,PNQ,T+1,1,IndiGo,9411.45,11481,2026-09-01,False
2026-08-31,30,DEL-PNQ,DEL,PNQ,T+7,7,Air India,7667.22,9354,2026-09-07,False
2026-08-31,30,DEL-PNQ,DEL,PNQ,T+7,7,Akasa Air,5990.19,7308,2026-09-07,False
2026-08-31,30,DEL-PNQ,DEL,PNQ,T+7,7,Air India,7871.2,9602,2026-09-07,False
2026-08-31,30,DEL-PNQ,DEL,PNQ,T+7,7,Akasa Air,5957.65,7268,2026-09-07,False
2026-08-31,30,DEL-PNQ,DEL,PNQ,T+7,7,IndiGo,6551.79,7993,2026-09-07,False
2026-08-31,30,DEL-PNQ,DEL,PNQ,T+15,15,Air India,5644.46,6886,2026-09-15,False
2026-08-31,30,DEL-PNQ,DEL,PNQ,T+15,15,Air India,5735.63,6997,2026-09-15,False
2026-08-31,30,DEL-PNQ,DEL,PNQ,T+15,15,IndiGo,5015.1,6118,2026-09-15,False
2026-08-31,30,DEL-PNQ,DEL,PNQ,T+15,15,Akasa Air,4859.6,5928,2026-09-15,False
2026-08-31,30,DEL-PNQ,DEL,PNQ,T+15,15,IndiGo,5158.73,6293,2026-09-15,False
2026-08-31,30,DEL-PNQ,DEL,PNQ,T+30,30,Air India,4965.66,6058,2026-09-30,False
2026-08-31,30,DEL-PNQ,DEL,PNQ,T+30,30,Air India,5033.41,6140,2026-09-30,False
2026-08-31,30,DEL-PNQ,DEL,PNQ,T+30,30,Akasa Air,4028.04,4914,2026-09-30,False
2026-08-31,30,DEL-PNQ,DEL,PNQ,T+30,30,Air India,5011.72,6114,2026-09-30,False
2026-08-31,30,DEL-PNQ,DEL,PNQ,T+30,30,Air India,5056.6,6169,2026-09-30,False
2026-08-31,30,DEL-PNQ,DEL,PNQ,T+45,45,IndiGo,3741.84,4565,2026-10-15,False
2026-08-31,30,DEL-PNQ,DEL,PNQ,T+45,45,IndiGo,3517.71,4291,2026-10-15,False
2026-08-31,30,DEL-PNQ,DEL,PNQ,T+45,45,IndiGo,3798.32,4633,2026-10-15,False
2026-08-31,30,DEL-PNQ,DEL,PNQ,T+45,45,Akasa Air,3682.58,4492,2026-10-15,False
2026-08-31,30,DEL-PNQ,DEL,PNQ,T+45,45,IndiGo,3665.37,4471,2026-10-15,False
2026-09-01,31,DEL-BOM,DEL,BOM,T+1,1,Air India,11192.11,13654,2026-09-02,False
2026-09-01,31,DEL-BOM,DEL,BOM,T+1,1,IndiGo,10453.62,12753,2026-09-02,False
2026-09-01,31,DEL-BOM,DEL,BOM,T+1,1,Air India,11920.49,14542,2026-09-02,False
2026-09-01,31,DEL-BOM,DEL,BOM,T+1,1,Air India,11624.95,14182,2026-09-02,False
2026-09-01,31,DEL-BOM,DEL,BOM,T+1,1,IndiGo,9544.57,11644,2026-09-02,False
2026-09-01,31,DEL-BOM,DEL,BOM,T+7,7,Air India,8054.84,9826,2026-09-08,False
2026-09-01,31,DEL-BOM,DEL,BOM,T+7,7,IndiGo,7355.28,8973,2026-09-08,False
2026-09-01,31,DEL-BOM,DEL,BOM,T+7,7,Akasa Air,6845.25,8351,2026-09-08,False
2026-09-01,31,DEL-BOM,DEL,BOM,T+7,7,IndiGo,6899.01,8416,2026-09-08,False
2026-09-01,31,DEL-BOM,DEL,BOM,T+7,7,IndiGo,7160.06,8735,2026-09-08,False
2026-09-01,31,DEL-BOM,DEL,BOM,T+15,15,Air India,6130.32,7478,2026-09-16,False
2026-09-01,31,DEL-BOM,DEL,BOM,T+15,15,IndiGo,5633.55,6872,2026-09-16,False
2026-09-01,31,DEL-BOM,DEL,BOM,T+15,15,IndiGo,5605.81,6839,2026-09-16,False
2026-09-01,31,DEL-BOM,DEL,BOM,T+15,15,Air India,6207.14,7572,2026-09-16,False
2026-09-01,31,DEL-BOM,DEL,BOM,T+15,15,Air India,6171.34,7529,2026-09-16,False
2026-09-01,31,DEL-BOM,DEL,BOM,T+30,30,IndiGo,4167.36,5084,2026-10-01,False
2026-09-01,31,DEL-BOM,DEL,BOM,T+30,30,Air India,5128.26,6256,2026-10-01,False
2026-09-01,31,DEL-BOM,DEL,BOM,T+30,30,Air India,5155.16,6289,2026-10-01,False
2026-09-01,31,DEL-BOM,DEL,BOM,T+30,30,IndiGo,4609.47,5623,2026-10-01,False
2026-09-01,31,DEL-BOM,DEL,BOM,T+30,30,IndiGo,4535.38,5533,2026-10-01,False
2026-09-01,31,DEL-BOM,DEL,BOM,T+45,45,Air India,4581.38,5589,2026-10-16,False
2026-09-01,31,DEL-BOM,DEL,BOM,T+45,45,Air India,4760.45,5807,2026-10-16,False
2026-09-01,31,DEL-BOM,DEL,BOM,T+45,45,Akasa Air,4019.08,4903,2026-10-16,False
2026-09-01,31,DEL-BOM,DEL,BOM,T+45,45,IndiGo,4153.35,5067,2026-10-16,False
2026-09-01,31,DEL-BOM,DEL,BOM,T+45,45,IndiGo,3806.87,4644,2026-10-16,False
2026-09-01,31,BOM-DEL,BOM,DEL,T+1,1,Air India,11666.31,14232,2026-09-02,False
2026-09-01,31,BOM-DEL,BOM,DEL,T+1,1,Air India,11151.52,13604,2026-09-02,False
2026-09-01,31,BOM-DEL,BOM,DEL,T+1,1,Air India,12088.77,14748,2026-09-02,False
2026-09-01,31,BOM-DEL,BOM,DEL,T+1,1,Air India,12040.54,14689,2026-09-02,False
2026-09-01,31,BOM-DEL,BOM,DEL,T+1,1,Air India,11350.58,13847,2026-09-02,False
2026-09-01,31,BOM-DEL,BOM,DEL,T+7,7,Air India,8071.03,9846,2026-09-08,False
2026-09-01,31,BOM-DEL,BOM,DEL,T+7,7,IndiGo,6921.0,8443,2026-09-08,False
2026-09-01,31,BOM-DEL,BOM,DEL,T+7,7,IndiGo,6479.91,7905,2026-09-08,False
2026-09-01,31,BOM-DEL,BOM,DEL,T+7,7,IndiGo,7117.29,8683,2026-09-08,False
2026-09-01,31,BOM-DEL,BOM,DEL,T+7,7,Air India,8214.19,10021,2026-09-08,False
2026-09-01,31,BOM-DEL,BOM,DEL,T+15,15,Air India,6524.45,7959,2026-09-16,False
2026-09-01,31,BOM-DEL,BOM,DEL,T+15,15,IndiGo,5146.62,6278,2026-09-16,False
2026-09-01,31,BOM-DEL,BOM,DEL,T+15,15,IndiGo,5236.41,6388,2026-09-16,False
2026-09-01,31,BOM-DEL,BOM,DEL,T+15,15,IndiGo,5070.17,6185,2026-09-16,False
2026-09-01,31,BOM-DEL,BOM,DEL,T+15,15,IndiGo,5164.25,6300,2026-09-16,False
2026-09-01,31,BOM-DEL,BOM,DEL,T+30,30,IndiGo,4397.97,5365,2026-10-01,False
2026-09-01,31,BOM-DEL,BOM,DEL,T+30,30,Air India,5597.27,6828,2026-10-01,False
2026-09-01,31,BOM-DEL,BOM,DEL,T+30,30,IndiGo,4475.64,5460,2026-10-01,False
2026-09-01,31,BOM-DEL,BOM,DEL,T+30,30,IndiGo,4607.7,5621,2026-10-01,False
2026-09-01,31,BOM-DEL,BOM,DEL,T+30,30,IndiGo,4526.62,5522,2026-10-01,False
2026-09-01,31,BOM-DEL,BOM,DEL,T+45,45,IndiGo,3896.82,4754,2026-10-16,False
2026-09-01,31,BOM-DEL,BOM,DEL,T+45,45,IndiGo,4053.99,4945,2026-10-16,False
2026-09-01,31,BOM-DEL,BOM,DEL,T+45,45,IndiGo,4163.52,5079,2026-10-16,False
2026-09-01,31,BOM-DEL,BOM,DEL,T+45,45,IndiGo,3905.63,4764,2026-10-16,False
2026-09-01,31,BOM-DEL,BOM,DEL,T+45,45,Akasa Air,4061.07,4954,2026-10-16,False
2026-09-01,31,DEL-BLR,DEL,BLR,T+1,1,Air India,13994.33,17073,2026-09-02,False
2026-09-01,31,DEL-BLR,DEL,BLR,T+1,1,Air India,14179.46,17298,2026-09-02,False
2026-09-01,31,DEL-BLR,DEL,BLR,T+1,1,Air India,14691.18,17923,2026-09-02,False
2026-09-01,31,DEL-BLR,DEL,BLR,T+1,1,Air India,14088.37,17187,2026-09-02,False
2026-09-01,31,DEL-BLR,DEL,BLR,T+1,1,Air India,14442.25,17619,2026-09-02,False
2026-09-01,31,DEL-BLR,DEL,BLR,T+7,7,IndiGo,8562.57,10446,2026-09-08,False
2026-09-01,31,DEL-BLR,DEL,BLR,T+7,7,IndiGo,8697.13,10610,2026-09-08,False
2026-09-01,31,DEL-BLR,DEL,BLR,T+7,7,Air India,9356.72,11415,2026-09-08,False
2026-09-01,31,DEL-BLR,DEL,BLR,T+7,7,IndiGo,8103.49,9886,2026-09-08,False
2026-09-01,31,DEL-BLR,DEL,BLR,T+7,7,Air India,10427.3,12721,2026-09-08,False
2026-09-01,31,DEL-BLR,DEL,BLR,T+15,15,Air India,8048.31,9818,2026-09-16,False
2026-09-01,31,DEL-BLR,DEL,BLR,T+15,15,Air India,7518.89,9173,2026-09-16,False
2026-09-01,31,DEL-BLR,DEL,BLR,T+15,15,IndiGo,6531.29,7968,2026-09-16,False
2026-09-01,31,DEL-BLR,DEL,BLR,T+15,15,IndiGo,6655.51,8119,2026-09-16,False
2026-09-01,31,DEL-BLR,DEL,BLR,T+15,15,IndiGo,6747.39,8231,2026-09-16,False
2026-09-01,31,DEL-BLR,DEL,BLR,T+30,30,Air India,6184.47,7545,2026-10-01,False
2026-09-01,31,DEL-BLR,DEL,BLR,T+30,30,Akasa Air,5298.59,6464,2026-10-01,False
2026-09-01,31,DEL-BLR,DEL,BLR,T+30,30,Air India,6579.41,8026,2026-10-01,False
2026-09-01,31,DEL-BLR,DEL,BLR,T+30,30,IndiGo,5785.44,7058,2026-10-01,False
2026-09-01,31,DEL-BLR,DEL,BLR,T+30,30,Akasa Air,5946.33,7254,2026-10-01,False
2026-09-01,31,DEL-BLR,DEL,BLR,T+45,45,Air India,5870.02,7161,2026-10-16,False
2026-09-01,31,DEL-BLR,DEL,BLR,T+45,45,IndiGo,4771.93,5821,2026-10-16,False
2026-09-01,31,DEL-BLR,DEL,BLR,T+45,45,IndiGo,5089.76,6209,2026-10-16,False
2026-09-01,31,DEL-BLR,DEL,BLR,T+45,45,Air India,6190.83,7552,2026-10-16,False
2026-09-01,31,DEL-BLR,DEL,BLR,T+45,45,Akasa Air,4878.97,5952,2026-10-16,False
2026-09-01,31,BOM-BLR,BOM,BLR,T+1,1,IndiGo,7588.72,9258,2026-09-02,False
2026-09-01,31,BOM-BLR,BOM,BLR,T+1,1,Air India,9549.73,11650,2026-09-02,False
2026-09-01,31,BOM-BLR,BOM,BLR,T+1,1,IndiGo,8019.44,9783,2026-09-02,False
2026-09-01,31,BOM-BLR,BOM,BLR,T+1,1,IndiGo,7555.96,9218,2026-09-02,False
2026-09-01,31,BOM-BLR,BOM,BLR,T+1,1,IndiGo,7942.06,9689,2026-09-02,False
2026-09-01,31,BOM-BLR,BOM,BLR,T+7,7,IndiGo,5740.08,7002,2026-09-08,False
2026-09-01,31,BOM-BLR,BOM,BLR,T+7,7,IndiGo,5775.92,7046,2026-09-08,False
2026-09-01,31,BOM-BLR,BOM,BLR,T+7,7,IndiGo,5533.59,6750,2026-09-08,False
2026-09-01,31,BOM-BLR,BOM,BLR,T+7,7,Akasa Air,5304.02,6470,2026-09-08,False
2026-09-01,31,BOM-BLR,BOM,BLR,T+7,7,IndiGo,5784.73,7057,2026-09-08,False
2026-09-01,31,BOM-BLR,BOM,BLR,T+15,15,Air India,4764.6,5812,2026-09-16,False
2026-09-01,31,BOM-BLR,BOM,BLR,T+15,15,IndiGo,4284.93,5227,2026-09-16,False
2026-09-01,31,BOM-BLR,BOM,BLR,T+15,15,Air India,4736.77,5778,2026-09-16,False
2026-09-01,31,BOM-BLR,BOM,BLR,T+15,15,IndiGo,4377.51,5340,2026-09-16,False
2026-09-01,31,BOM-BLR,BOM,BLR,T+15,15,Air India,4930.4,6015,2026-09-16,False
2026-09-01,31,BOM-BLR,BOM,BLR,T+30,30,IndiGo,3777.88,4609,2026-10-01,False
2026-09-01,31,BOM-BLR,BOM,BLR,T+30,30,Air India,4337.92,5292,2026-10-01,False
2026-09-01,31,BOM-BLR,BOM,BLR,T+30,30,IndiGo,3462.41,4224,2026-10-01,False
2026-09-01,31,BOM-BLR,BOM,BLR,T+30,30,Air India,4477.22,5462,2026-10-01,False
2026-09-01,31,BOM-BLR,BOM,BLR,T+30,30,Air India,4496.11,5485,2026-10-01,False
2026-09-01,31,BOM-BLR,BOM,BLR,T+45,45,IndiGo,3314.64,4043,2026-10-16,False
2026-09-01,31,BOM-BLR,BOM,BLR,T+45,45,IndiGo,3129.65,3818,2026-10-16,False
2026-09-01,31,BOM-BLR,BOM,BLR,T+45,45,IndiGo,3180.92,3880,2026-10-16,False
2026-09-01,31,BOM-BLR,BOM,BLR,T+45,45,Air India,3810.03,4648,2026-10-16,False
2026-09-01,31,BOM-BLR,BOM,BLR,T+45,45,IndiGo,3136.16,3826,2026-10-16,False
2026-09-01,31,DEL-CCU,DEL,CCU,T+1,1,SpiceJet,11125.71,13573,2026-09-02,False
2026-09-01,31,DEL-CCU,DEL,CCU,T+1,1,IndiGo,11143.1,13594,2026-09-02,False
2026-09-01,31,DEL-CCU,DEL,CCU,T+1,1,Air India,11834.35,14437,2026-09-02,False
2026-09-01,31,DEL-CCU,DEL,CCU,T+1,1,IndiGo,11218.78,13686,2026-09-02,False
2026-09-01,31,DEL-CCU,DEL,CCU,T+1,1,IndiGo,10951.99,13361,2026-09-02,False
2026-09-01,31,DEL-CCU,DEL,CCU,T+7,7,IndiGo,7825.67,9547,2026-09-08,False
2026-09-01,31,DEL-CCU,DEL,CCU,T+7,7,IndiGo,7745.02,9448,2026-09-08,False
2026-09-01,31,DEL-CCU,DEL,CCU,T+7,7,IndiGo,8067.88,9842,2026-09-08,False
2026-09-01,31,DEL-CCU,DEL,CCU,T+7,7,IndiGo,8153.74,9947,2026-09-08,False
2026-09-01,31,DEL-CCU,DEL,CCU,T+7,7,Air India,9341.96,11397,2026-09-08,False
2026-09-01,31,DEL-CCU,DEL,CCU,T+15,15,IndiGo,5899.07,7196,2026-09-16,False
2026-09-01,31,DEL-CCU,DEL,CCU,T+15,15,Air India,7028.1,8574,2026-09-16,False
2026-09-01,31,DEL-CCU,DEL,CCU,T+15,15,IndiGo,5974.07,7288,2026-09-16,False
2026-09-01,31,DEL-CCU,DEL,CCU,T+15,15,IndiGo,5802.31,7078,2026-09-16,False
2026-09-01,31,DEL-CCU,DEL,CCU,T+15,15,IndiGo,6090.94,7430,2026-09-16,False
2026-09-01,31,DEL-CCU,DEL,CCU,T+30,30,IndiGo,5199.51,6343,2026-10-01,False
2026-09-01,31,DEL-CCU,DEL,CCU,T+30,30,Air India,6358.08,7756,2026-10-01,False
2026-09-01,31,DEL-CCU,DEL,CCU,T+30,30,Air India,6297.88,7683,2026-10-01,False
2026-09-01,31,DEL-CCU,DEL,CCU,T+30,30,Air India,5888.03,7183,2026-10-01,False
2026-09-01,31,DEL-CCU,DEL,CCU,T+30,30,Air India,6206.02,7571,2026-10-01,False
2026-09-01,31,DEL-CCU,DEL,CCU,T+45,45,Air India,5184.02,6324,2026-10-16,False
2026-09-01,31,DEL-CCU,DEL,CCU,T+45,45,IndiGo,4659.34,5684,2026-10-16,False
2026-09-01,31,DEL-CCU,DEL,CCU,T+45,45,IndiGo,4466.31,5448,2026-10-16,False
2026-09-01,31,DEL-CCU,DEL,CCU,T+45,45,IndiGo,4385.65,5350,2026-10-16,False
2026-09-01,31,DEL-CCU,DEL,CCU,T+45,45,IndiGo,4593.13,5603,2026-10-16,False
2026-09-01,31,BLR-HYD,BLR,HYD,T+1,1,IndiGo,5544.4,6764,2026-09-02,False
2026-09-01,31,BLR-HYD,BLR,HYD,T+1,1,Air India,6769.68,8259,2026-09-02,False
2026-09-01,31,BLR-HYD,BLR,HYD,T+1,1,SpiceJet,5759.07,7026,2026-09-02,False
2026-09-01,31,BLR-HYD,BLR,HYD,T+1,1,Akasa Air,5940.94,7247,2026-09-02,False
2026-09-01,31,BLR-HYD,BLR,HYD,T+1,1,Akasa Air,5847.27,7133,2026-09-02,False
2026-09-01,31,BLR-HYD,BLR,HYD,T+7,7,IndiGo,4089.66,4989,2026-09-08,False
2026-09-01,31,BLR-HYD,BLR,HYD,T+7,7,Air India,4957.52,6048,2026-09-08,False
2026-09-01,31,BLR-HYD,BLR,HYD,T+7,7,IndiGo,4388.24,5353,2026-09-08,False
2026-09-01,31,BLR-HYD,BLR,HYD,T+7,7,IndiGo,4417.11,5388,2026-09-08,False
2026-09-01,31,BLR-HYD,BLR,HYD,T+7,7,IndiGo,4326.51,5278,2026-09-08,False
2026-09-01,31,BLR-HYD,BLR,HYD,T+15,15,IndiGo,3427.14,4181,2026-09-16,False
2026-09-01,31,BLR-HYD,BLR,HYD,T+15,15,IndiGo,3339.59,4074,2026-09-16,False
2026-09-01,31,BLR-HYD,BLR,HYD,T+15,15,IndiGo,3207.61,3913,2026-09-16,False
2026-09-01,31,BLR-HYD,BLR,HYD,T+15,15,Akasa Air,3158.45,3853,2026-09-16,False
2026-09-01,31,BLR-HYD,BLR,HYD,T+15,15,IndiGo,3132.05,3821,2026-09-16,False
2026-09-01,31,BLR-HYD,BLR,HYD,T+30,30,IndiGo,2812.55,3431,2026-10-01,False
2026-09-01,31,BLR-HYD,BLR,HYD,T+30,30,IndiGo,2933.13,3578,2026-10-01,False
2026-09-01,31,BLR-HYD,BLR,HYD,T+30,30,IndiGo,2890.95,3526,2026-10-01,False
2026-09-01,31,BLR-HYD,BLR,HYD,T+30,30,Air India,3491.78,4259,2026-10-01,False
2026-09-01,31,BLR-HYD,BLR,HYD,T+30,30,Air India,3293.16,4017,2026-10-01,False
2026-09-01,31,BLR-HYD,BLR,HYD,T+45,45,IndiGo,2627.78,3205,2026-10-16,False
2026-09-01,31,BLR-HYD,BLR,HYD,T+45,45,IndiGo,2492.57,3040,2026-10-16,False
2026-09-01,31,BLR-HYD,BLR,HYD,T+45,45,IndiGo,2638.8,3219,2026-10-16,False
2026-09-01,31,BLR-HYD,BLR,HYD,T+45,45,IndiGo,2507.63,3059,2026-10-16,False
2026-09-01,31,BLR-HYD,BLR,HYD,T+45,45,IndiGo,2571.66,3137,2026-10-16,False
2026-09-01,31,MAA-DEL,MAA,DEL,T+1,1,IndiGo,12262.58,14960,2026-09-02,False
2026-09-01,31,MAA-DEL,MAA,DEL,T+1,1,IndiGo,11581.62,14129,2026-09-02,False
2026-09-01,31,MAA-DEL,MAA,DEL,T+1,1,Air India,13852.27,16899,2026-09-02,False
2026-09-01,31,MAA-DEL,MAA,DEL,T+1,1,Air India,14367.33,17528,2026-09-02,False
2026-09-01,31,MAA-DEL,MAA,DEL,T+1,1,Air India,13683.19,16693,2026-09-02,False
2026-09-01,31,MAA-DEL,MAA,DEL,T+7,7,Air India,9279.01,11320,2026-09-08,False
2026-09-01,31,MAA-DEL,MAA,DEL,T+7,7,IndiGo,8871.04,10822,2026-09-08,False
2026-09-01,31,MAA-DEL,MAA,DEL,T+7,7,Air India,9568.82,11673,2026-09-08,False
2026-09-01,31,MAA-DEL,MAA,DEL,T+7,7,IndiGo,8297.94,10123,2026-09-08,False
2026-09-01,31,MAA-DEL,MAA,DEL,T+7,7,Air India,10122.41,12349,2026-09-08,False
2026-09-01,31,MAA-DEL,MAA,DEL,T+15,15,IndiGo,6145.04,7496,2026-09-16,False
2026-09-01,31,MAA-DEL,MAA,DEL,T+15,15,IndiGo,6057.28,7389,2026-09-16,False
2026-09-01,31,MAA-DEL,MAA,DEL,T+15,15,Air India,7468.07,9111,2026-09-16,False
2026-09-01,31,MAA-DEL,MAA,DEL,T+15,15,IndiGo,5884.72,7179,2026-09-16,False
2026-09-01,31,MAA-DEL,MAA,DEL,T+15,15,SpiceJet,5888.36,7183,2026-09-16,False
2026-09-01,31,MAA-DEL,MAA,DEL,T+30,30,Air India,6399.27,7807,2026-10-01,False
2026-09-01,31,MAA-DEL,MAA,DEL,T+30,30,IndiGo,5330.95,6503,2026-10-01,False
2026-09-01,31,MAA-DEL,MAA,DEL,T+30,30,Air India,6002.1,7322,2026-10-01,False
2026-09-01,31,MAA-DEL,MAA,DEL,T+30,30,IndiGo,5682.08,6932,2026-10-01,False
2026-09-01,31,MAA-DEL,MAA,DEL,T+30,30,Air India,6367.85,7768,2026-10-01,False
2026-09-01,31,MAA-DEL,MAA,DEL,T+45,45,IndiGo,5023.44,6128,2026-10-16,False
2026-09-01,31,MAA-DEL,MAA,DEL,T+45,45,IndiGo,4740.28,5783,2026-10-16,False
2026-09-01,31,MAA-DEL,MAA,DEL,T+45,45,IndiGo,4636.48,5656,2026-10-16,False
2026-09-01,31,MAA-DEL,MAA,DEL,T+45,45,IndiGo,4828.89,5891,2026-10-16,False
2026-09-01,31,MAA-DEL,MAA,DEL,T+45,45,IndiGo,4747.69,5792,2026-10-16,False
2026-09-01,31,DEL-PNQ,DEL,PNQ,T+1,1,Air India,10371.55,12653,2026-09-02,False
2026-09-01,31,DEL-PNQ,DEL,PNQ,T+1,1,IndiGo,9647.54,11769,2026-09-02,False
2026-09-01,31,DEL-PNQ,DEL,PNQ,T+1,1,SpiceJet,8503.28,10374,2026-09-02,False
2026-09-01,31,DEL-PNQ,DEL,PNQ,T+1,1,Air India,10120.71,12347,2026-09-02,False
2026-09-01,31,DEL-PNQ,DEL,PNQ,T+1,1,IndiGo,9602.06,11714,2026-09-02,False
2026-09-01,31,DEL-PNQ,DEL,PNQ,T+7,7,IndiGo,6378.84,7782,2026-09-08,False
2026-09-01,31,DEL-PNQ,DEL,PNQ,T+7,7,Air India,7492.57,9140,2026-09-08,False
2026-09-01,31,DEL-PNQ,DEL,PNQ,T+7,7,IndiGo,6092.23,7432,2026-09-08,False
2026-09-01,31,DEL-PNQ,DEL,PNQ,T+7,7,IndiGo,6889.11,8404,2026-09-08,False
2026-09-01,31,DEL-PNQ,DEL,PNQ,T+7,7,Air India,7309.93,8918,2026-09-08,False
2026-09-01,31,DEL-PNQ,DEL,PNQ,T+15,15,Air India,5836.7,7120,2026-09-16,False
2026-09-01,31,DEL-PNQ,DEL,PNQ,T+15,15,IndiGo,5098.48,6220,2026-09-16,False
2026-09-01,31,DEL-PNQ,DEL,PNQ,T+15,15,IndiGo,5013.59,6116,2026-09-16,False
2026-09-01,31,DEL-PNQ,DEL,PNQ,T+15,15,Air India,5812.62,7091,2026-09-16,False
2026-09-01,31,DEL-PNQ,DEL,PNQ,T+15,15,IndiGo,4646.41,5668,2026-09-16,False
2026-09-01,31,DEL-PNQ,DEL,PNQ,T+30,30,IndiGo,4114.84,5020,2026-10-01,False
2026-09-01,31,DEL-PNQ,DEL,PNQ,T+30,30,IndiGo,4262.69,5200,2026-10-01,False
2026-09-01,31,DEL-PNQ,DEL,PNQ,T+30,30,IndiGo,4118.18,5024,2026-10-01,False
2026-09-01,31,DEL-PNQ,DEL,PNQ,T+30,30,Air India,5028.21,6134,2026-10-01,False
2026-09-01,31,DEL-PNQ,DEL,PNQ,T+30,30,IndiGo,4335.91,5289,2026-10-01,False
2026-09-01,31,DEL-PNQ,DEL,PNQ,T+45,45,IndiGo,3891.13,4747,2026-10-16,False
2026-09-01,31,DEL-PNQ,DEL,PNQ,T+45,45,Akasa Air,3489.0,4256,2026-10-16,False
2026-09-01,31,DEL-PNQ,DEL,PNQ,T+45,45,IndiGo,4053.73,4945,2026-10-16,False
2026-09-01,31,DEL-PNQ,DEL,PNQ,T+45,45,IndiGo,3865.43,4715,2026-10-16,False
2026-09-01,31,DEL-PNQ,DEL,PNQ,T+45,45,IndiGo,3764.09,4592,2026-10-16,False
2026-09-02,32,DEL-BOM,DEL,BOM,T+1,1,IndiGo,10345.68,12621,2026-09-03,False
2026-09-02,32,DEL-BOM,DEL,BOM,T+1,1,Air India,12721.67,15520,2026-09-03,False
2026-09-02,32,DEL-BOM,DEL,BOM,T+1,1,Air India,11157.36,13611,2026-09-03,False
2026-09-02,32,DEL-BOM,DEL,BOM,T+1,1,Air India,11656.35,14220,2026-09-03,False
2026-09-02,32,DEL-BOM,DEL,BOM,T+1,1,IndiGo,9136.06,11145,2026-09-03,False
2026-09-02,32,DEL-BOM,DEL,BOM,T+7,7,Air India,8370.73,10212,2026-09-09,False
2026-09-02,32,DEL-BOM,DEL,BOM,T+7,7,Air India,8421.0,10273,2026-09-09,False
2026-09-02,32,DEL-BOM,DEL,BOM,T+7,7,IndiGo,7042.95,8592,2026-09-09,False
2026-09-02,32,DEL-BOM,DEL,BOM,T+7,7,IndiGo,6891.05,8407,2026-09-09,False
2026-09-02,32,DEL-BOM,DEL,BOM,T+7,7,Akasa Air,6339.97,7734,2026-09-09,False
2026-09-02,32,DEL-BOM,DEL,BOM,T+15,15,Air India,6409.08,7819,2026-09-17,False
2026-09-02,32,DEL-BOM,DEL,BOM,T+15,15,IndiGo,5639.47,6880,2026-09-17,False
2026-09-02,32,DEL-BOM,DEL,BOM,T+15,15,IndiGo,5255.12,6411,2026-09-17,False
2026-09-02,32,DEL-BOM,DEL,BOM,T+15,15,Air India,6423.81,7837,2026-09-17,False
2026-09-02,32,DEL-BOM,DEL,BOM,T+15,15,IndiGo,5071.6,6187,2026-09-17,False
2026-09-02,32,DEL-BOM,DEL,BOM,T+30,30,IndiGo,4673.13,5701,2026-10-02,False
2026-09-02,32,DEL-BOM,DEL,BOM,T+30,30,Akasa Air,4392.95,5359,2026-10-02,False
2026-09-02,32,DEL-BOM,DEL,BOM,T+30,30,IndiGo,4476.79,5461,2026-10-02,False
2026-09-02,32,DEL-BOM,DEL,BOM,T+30,30,IndiGo,4477.12,5462,2026-10-02,False
2026-09-02,32,DEL-BOM,DEL,BOM,T+30,30,Akasa Air,4392.92,5359,2026-10-02,False
2026-09-02,32,DEL-BOM,DEL,BOM,T+45,45,IndiGo,4143.2,5054,2026-10-17,False
2026-09-02,32,DEL-BOM,DEL,BOM,T+45,45,Akasa Air,3777.53,4608,2026-10-17,False
2026-09-02,32,DEL-BOM,DEL,BOM,T+45,45,IndiGo,4031.65,4918,2026-10-17,False
2026-09-02,32,DEL-BOM,DEL,BOM,T+45,45,Air India,4813.1,5871,2026-10-17,False
2026-09-02,32,DEL-BOM,DEL,BOM,T+45,45,Air India,4634.68,5654,2026-10-17,False
2026-09-02,32,BOM-DEL,BOM,DEL,T+1,1,Akasa Air,10257.83,12514,2026-09-03,False
2026-09-02,32,BOM-DEL,BOM,DEL,T+1,1,IndiGo,9667.95,11794,2026-09-03,False
2026-09-02,32,BOM-DEL,BOM,DEL,T+1,1,IndiGo,9732.15,11873,2026-09-03,False
2026-09-02,32,BOM-DEL,BOM,DEL,T+1,1,IndiGo,9624.42,11741,2026-09-03,False
2026-09-02,32,BOM-DEL,BOM,DEL,T+1,1,IndiGo,10592.96,12923,2026-09-03,False
2026-09-02,32,BOM-DEL,BOM,DEL,T+7,7,IndiGo,7189.09,8770,2026-09-09,False
2026-09-02,32,BOM-DEL,BOM,DEL,T+7,7,IndiGo,6821.42,8322,2026-09-09,False
2026-09-02,32,BOM-DEL,BOM,DEL,T+7,7,IndiGo,7325.68,8937,2026-09-09,False
2026-09-02,32,BOM-DEL,BOM,DEL,T+7,7,Akasa Air,6877.88,8391,2026-09-09,False
2026-09-02,32,BOM-DEL,BOM,DEL,T+7,7,IndiGo,7116.12,8681,2026-09-09,False
2026-09-02,32,BOM-DEL,BOM,DEL,T+15,15,IndiGo,5301.42,6467,2026-09-17,False
2026-09-02,32,BOM-DEL,BOM,DEL,T+15,15,IndiGo,5225.37,6374,2026-09-17,False
2026-09-02,32,BOM-DEL,BOM,DEL,T+15,15,Akasa Air,5258.1,6414,2026-09-17,False
2026-09-02,32,BOM-DEL,BOM,DEL,T+15,15,Air India,6205.68,7570,2026-09-17,False
2026-09-02,32,BOM-DEL,BOM,DEL,T+15,15,IndiGo,5707.33,6962,2026-09-17,False
2026-09-02,32,BOM-DEL,BOM,DEL,T+30,30,Air India,5181.7,6321,2026-10-02,False
2026-09-02,32,BOM-DEL,BOM,DEL,T+30,30,IndiGo,4846.83,5913,2026-10-02,False
2026-09-02,32,BOM-DEL,BOM,DEL,T+30,30,Air India,5401.48,6589,2026-10-02,False
2026-09-02,32,BOM-DEL,BOM,DEL,T+30,30,IndiGo,4647.68,5670,2026-10-02,False
2026-09-02,32,BOM-DEL,BOM,DEL,T+30,30,Air India,5580.73,6808,2026-10-02,False
2026-09-02,32,BOM-DEL,BOM,DEL,T+45,45,IndiGo,3998.29,4877,2026-10-17,False
2026-09-02,32,BOM-DEL,BOM,DEL,T+45,45,IndiGo,4212.14,5138,2026-10-17,False
2026-09-02,32,BOM-DEL,BOM,DEL,T+45,45,IndiGo,3701.03,4515,2026-10-17,False
2026-09-02,32,BOM-DEL,BOM,DEL,T+45,45,IndiGo,3985.44,4862,2026-10-17,False
2026-09-02,32,BOM-DEL,BOM,DEL,T+45,45,Air India,4664.2,5690,2026-10-17,False
2026-09-02,32,DEL-BLR,DEL,BLR,T+1,1,IndiGo,11727.3,14307,2026-09-03,False
2026-09-02,32,DEL-BLR,DEL,BLR,T+1,1,Air India,14351.49,17508,2026-09-03,False
2026-09-02,32,DEL-BLR,DEL,BLR,T+1,1,IndiGo,12431.01,15165,2026-09-03,False
2026-09-02,32,DEL-BLR,DEL,BLR,T+1,1,Air India,14815.9,18075,2026-09-03,False
2026-09-02,32,DEL-BLR,DEL,BLR,T+1,1,Air India,14582.19,17790,2026-09-03,False
2026-09-02,32,DEL-BLR,DEL,BLR,T+7,7,IndiGo,8477.9,10343,2026-09-09,False
2026-09-02,32,DEL-BLR,DEL,BLR,T+7,7,IndiGo,8792.25,10726,2026-09-09,False
2026-09-02,32,DEL-BLR,DEL,BLR,T+7,7,Air India,10277.94,12539,2026-09-09,False
2026-09-02,32,DEL-BLR,DEL,BLR,T+7,7,IndiGo,8964.52,10936,2026-09-09,False
2026-09-02,32,DEL-BLR,DEL,BLR,T+7,7,IndiGo,8916.18,10877,2026-09-09,False
2026-09-02,32,DEL-BLR,DEL,BLR,T+15,15,IndiGo,6611.5,8066,2026-09-17,False
2026-09-02,32,DEL-BLR,DEL,BLR,T+15,15,Air India,7541.78,9200,2026-09-17,False
2026-09-02,32,DEL-BLR,DEL,BLR,T+15,15,Air India,7608.36,9282,2026-09-17,False
2026-09-02,32,DEL-BLR,DEL,BLR,T+15,15,IndiGo,6477.37,7902,2026-09-17,False
2026-09-02,32,DEL-BLR,DEL,BLR,T+15,15,IndiGo,6531.58,7968,2026-09-17,False
2026-09-02,32,DEL-BLR,DEL,BLR,T+30,30,IndiGo,5714.07,6971,2026-10-02,False
2026-09-02,32,DEL-BLR,DEL,BLR,T+30,30,IndiGo,5802.66,7079,2026-10-02,False
2026-09-02,32,DEL-BLR,DEL,BLR,T+30,30,IndiGo,5650.83,6894,2026-10-02,False
2026-09-02,32,DEL-BLR,DEL,BLR,T+30,30,IndiGo,5664.16,6910,2026-10-02,False
2026-09-02,32,DEL-BLR,DEL,BLR,T+30,30,IndiGo,5689.36,6941,2026-10-02,False
2026-09-02,32,DEL-BLR,DEL,BLR,T+45,45,Air India,5825.3,7106,2026-10-17,False
2026-09-02,32,DEL-BLR,DEL,BLR,T+45,45,IndiGo,4868.99,5940,2026-10-17,False
2026-09-02,32,DEL-BLR,DEL,BLR,T+45,45,IndiGo,4722.8,5761,2026-10-17,False
2026-09-02,32,DEL-BLR,DEL,BLR,T+45,45,IndiGo,4909.54,5989,2026-10-17,False
2026-09-02,32,DEL-BLR,DEL,BLR,T+45,45,IndiGo,5115.3,6240,2026-10-17,False
2026-09-02,32,BOM-BLR,BOM,BLR,T+1,1,IndiGo,7664.22,9350,2026-09-03,False
2026-09-02,32,BOM-BLR,BOM,BLR,T+1,1,IndiGo,7792.13,9506,2026-09-03,False
2026-09-02,32,BOM-BLR,BOM,BLR,T+1,1,Air India,9414.85,11486,2026-09-03,False
2026-09-02,32,BOM-BLR,BOM,BLR,T+1,1,IndiGo,8000.73,9760,2026-09-03,False
2026-09-02,32,BOM-BLR,BOM,BLR,T+1,1,IndiGo,7560.65,9223,2026-09-03,False
2026-09-02,32,BOM-BLR,BOM,BLR,T+7,7,IndiGo,5754.77,7020,2026-09-09,False
2026-09-02,32,BOM-BLR,BOM,BLR,T+7,7,Air India,6814.46,8313,2026-09-09,False
2026-09-02,32,BOM-BLR,BOM,BLR,T+7,7,Air India,6296.54,7681,2026-09-09,False
2026-09-02,32,BOM-BLR,BOM,BLR,T+7,7,IndiGo,5400.38,6588,2026-09-09,False
2026-09-02,32,BOM-BLR,BOM,BLR,T+7,7,IndiGo,5792.53,7066,2026-09-09,False
2026-09-02,32,BOM-BLR,BOM,BLR,T+15,15,IndiGo,4209.23,5135,2026-09-17,False
2026-09-02,32,BOM-BLR,BOM,BLR,T+15,15,IndiGo,3902.26,4760,2026-09-17,False
2026-09-02,32,BOM-BLR,BOM,BLR,T+15,15,IndiGo,4023.71,4908,2026-09-17,False
2026-09-02,32,BOM-BLR,BOM,BLR,T+15,15,IndiGo,4194.05,5116,2026-09-17,False
2026-09-02,32,BOM-BLR,BOM,BLR,T+15,15,IndiGo,4058.75,4951,2026-09-17,False
2026-09-02,32,BOM-BLR,BOM,BLR,T+30,30,IndiGo,3574.08,4360,2026-10-02,False
2026-09-02,32,BOM-BLR,BOM,BLR,T+30,30,Air India,4280.36,5222,2026-10-02,False
2026-09-02,32,BOM-BLR,BOM,BLR,T+30,30,IndiGo,3812.16,4650,2026-10-02,False
2026-09-02,32,BOM-BLR,BOM,BLR,T+30,30,IndiGo,3589.69,4379,2026-10-02,False
2026-09-02,32,BOM-BLR,BOM,BLR,T+30,30,IndiGo,3762.69,4590,2026-10-02,False
2026-09-02,32,BOM-BLR,BOM,BLR,T+45,45,IndiGo,3384.8,4129,2026-10-17,False
2026-09-02,32,BOM-BLR,BOM,BLR,T+45,45,IndiGo,3385.43,4130,2026-10-17,False
2026-09-02,32,BOM-BLR,BOM,BLR,T+45,45,IndiGo,3255.73,3971,2026-10-17,False
2026-09-02,32,BOM-BLR,BOM,BLR,T+45,45,Air India,3539.31,4317,2026-10-17,False
2026-09-02,32,BOM-BLR,BOM,BLR,T+45,45,IndiGo,3275.6,3996,2026-10-17,False
2026-09-02,32,DEL-CCU,DEL,CCU,T+1,1,IndiGo,11523.41,14058,2026-09-03,False
2026-09-02,32,DEL-CCU,DEL,CCU,T+1,1,IndiGo,11083.99,13522,2026-09-03,False
2026-09-02,32,DEL-CCU,DEL,CCU,T+1,1,IndiGo,11794.25,14388,2026-09-03,False
2026-09-02,32,DEL-CCU,DEL,CCU,T+1,1,Air India,13499.0,16468,2026-09-03,False
2026-09-02,32,DEL-CCU,DEL,CCU,T+1,1,IndiGo,11336.62,13830,2026-09-03,False
2026-09-02,32,DEL-CCU,DEL,CCU,T+7,7,IndiGo,8165.48,9961,2026-09-09,False
2026-09-02,32,DEL-CCU,DEL,CCU,T+7,7,IndiGo,7958.16,9708,2026-09-09,False
2026-09-02,32,DEL-CCU,DEL,CCU,T+7,7,Air India,8464.9,10327,2026-09-09,False
2026-09-02,32,DEL-CCU,DEL,CCU,T+7,7,IndiGo,7728.95,9429,2026-09-09,False
2026-09-02,32,DEL-CCU,DEL,CCU,T+7,7,IndiGo,8195.99,9999,2026-09-09,False
2026-09-02,32,DEL-CCU,DEL,CCU,T+15,15,Akasa Air,5632.44,6871,2026-09-17,False
2026-09-02,32,DEL-CCU,DEL,CCU,T+15,15,Air India,7001.15,8541,2026-09-17,False
2026-09-02,32,DEL-CCU,DEL,CCU,T+15,15,IndiGo,5766.41,7035,2026-09-17,False
2026-09-02,32,DEL-CCU,DEL,CCU,T+15,15,IndiGo,6358.99,7757,2026-09-17,False
2026-09-02,32,DEL-CCU,DEL,CCU,T+15,15,Air India,7471.62,9115,2026-09-17,False
2026-09-02,32,DEL-CCU,DEL,CCU,T+30,30,IndiGo,4971.54,6065,2026-10-02,False
2026-09-02,32,DEL-CCU,DEL,CCU,T+30,30,Air India,6079.47,7416,2026-10-02,False
2026-09-02,32,DEL-CCU,DEL,CCU,T+30,30,IndiGo,5008.06,6109,2026-10-02,False
2026-09-02,32,DEL-CCU,DEL,CCU,T+30,30,IndiGo,5240.66,6393,2026-10-02,False
2026-09-02,32,DEL-CCU,DEL,CCU,T+30,30,IndiGo,5221.76,6370,2026-10-02,False
2026-09-02,32,DEL-CCU,DEL,CCU,T+45,45,IndiGo,4689.77,5721,2026-10-17,False
2026-09-02,32,DEL-CCU,DEL,CCU,T+45,45,IndiGo,4613.2,5628,2026-10-17,False
2026-09-02,32,DEL-CCU,DEL,CCU,T+45,45,IndiGo,5028.73,6135,2026-10-17,False
2026-09-02,32,DEL-CCU,DEL,CCU,T+45,45,Air India,5182.83,6323,2026-10-17,False
2026-09-02,32,DEL-CCU,DEL,CCU,T+45,45,Air India,5054.38,6166,2026-10-17,False
2026-09-02,32,BLR-HYD,BLR,HYD,T+1,1,Akasa Air,5857.33,7145,2026-09-03,False
2026-09-02,32,BLR-HYD,BLR,HYD,T+1,1,IndiGo,5796.15,7071,2026-09-03,False
2026-09-02,32,BLR-HYD,BLR,HYD,T+1,1,IndiGo,5812.36,7091,2026-09-03,False
2026-09-02,32,BLR-HYD,BLR,HYD,T+1,1,IndiGo,5917.78,7219,2026-09-03,False
2026-09-02,32,BLR-HYD,BLR,HYD,T+1,1,Akasa Air,5747.35,7011,2026-09-03,False
2026-09-02,32,BLR-HYD,BLR,HYD,T+7,7,IndiGo,4195.06,5117,2026-09-09,False
2026-09-02,32,BLR-HYD,BLR,HYD,T+7,7,Air India,5209.52,6355,2026-09-09,False
2026-09-02,32,BLR-HYD,BLR,HYD,T+7,7,Air India,5026.06,6131,2026-09-09,False
2026-09-02,32,BLR-HYD,BLR,HYD,T+7,7,IndiGo,4312.8,5261,2026-09-09,False
2026-09-02,32,BLR-HYD,BLR,HYD,T+7,7,IndiGo,4475.91,5460,2026-09-09,False
2026-09-02,32,BLR-HYD,BLR,HYD,T+15,15,IndiGo,3213.66,3920,2026-09-17,False
2026-09-02,32,BLR-HYD,BLR,HYD,T+15,15,IndiGo,3271.65,3991,2026-09-17,False
2026-09-02,32,BLR-HYD,BLR,HYD,T+15,15,IndiGo,3344.5,4080,2026-09-17,False
2026-09-02,32,BLR-HYD,BLR,HYD,T+15,15,IndiGo,3077.82,3754,2026-09-17,False
2026-09-02,32,BLR-HYD,BLR,HYD,T+15,15,Akasa Air,2931.01,3575,2026-09-17,False
2026-09-02,32,BLR-HYD,BLR,HYD,T+30,30,Air India,3377.41,4120,2026-10-02,False
2026-09-02,32,BLR-HYD,BLR,HYD,T+30,30,IndiGo,2879.22,3512,2026-10-02,False
2026-09-02,32,BLR-HYD,BLR,HYD,T+30,30,IndiGo,3034.98,3702,2026-10-02,False
2026-09-02,32,BLR-HYD,BLR,HYD,T+30,30,IndiGo,2846.14,3472,2026-10-02,False
2026-09-02,32,BLR-HYD,BLR,HYD,T+30,30,IndiGo,2911.69,3552,2026-10-02,False
2026-09-02,32,BLR-HYD,BLR,HYD,T+45,45,IndiGo,2498.77,3048,2026-10-17,False
2026-09-02,32,BLR-HYD,BLR,HYD,T+45,45,Air India,2997.07,3656,2026-10-17,False
2026-09-02,32,BLR-HYD,BLR,HYD,T+45,45,IndiGo,2662.8,3248,2026-10-17,False
2026-09-02,32,BLR-HYD,BLR,HYD,T+45,45,IndiGo,2328.95,2841,2026-10-17,False
2026-09-02,32,BLR-HYD,BLR,HYD,T+45,45,IndiGo,2552.41,3113,2026-10-17,False
2026-09-02,32,MAA-DEL,MAA,DEL,T+1,1,IndiGo,12564.29,15328,2026-09-03,False
2026-09-02,32,MAA-DEL,MAA,DEL,T+1,1,IndiGo,11805.87,14403,2026-09-03,False
2026-09-02,32,MAA-DEL,MAA,DEL,T+1,1,IndiGo,12365.83,15086,2026-09-03,False
2026-09-02,32,MAA-DEL,MAA,DEL,T+1,1,IndiGo,11433.02,13948,2026-09-03,False
2026-09-02,32,MAA-DEL,MAA,DEL,T+1,1,Air India,13767.0,16795,2026-09-03,False
2026-09-02,32,MAA-DEL,MAA,DEL,T+7,7,Akasa Air,8021.4,9786,2026-09-09,False
2026-09-02,32,MAA-DEL,MAA,DEL,T+7,7,IndiGo,7631.12,9309,2026-09-09,False
2026-09-02,32,MAA-DEL,MAA,DEL,T+7,7,Air India,9354.94,11413,2026-09-09,False
2026-09-02,32,MAA-DEL,MAA,DEL,T+7,7,IndiGo,7955.64,9705,2026-09-09,False
2026-09-02,32,MAA-DEL,MAA,DEL,T+7,7,IndiGo,8511.3,10383,2026-09-09,False
2026-09-02,32,MAA-DEL,MAA,DEL,T+15,15,IndiGo,6487.02,7914,2026-09-17,False
2026-09-02,32,MAA-DEL,MAA,DEL,T+15,15,Air India,7505.49,9156,2026-09-17,False
2026-09-02,32,MAA-DEL,MAA,DEL,T+15,15,IndiGo,6476.44,7901,2026-09-17,False
2026-09-02,32,MAA-DEL,MAA,DEL,T+15,15,IndiGo,6258.71,7635,2026-09-17,False
2026-09-02,32,MAA-DEL,MAA,DEL,T+15,15,IndiGo,6559.68,8002,2026-09-17,False
2026-09-02,32,MAA-DEL,MAA,DEL,T+30,30,Air India,6363.09,7762,2026-10-02,False
2026-09-02,32,MAA-DEL,MAA,DEL,T+30,30,Akasa Air,5235.8,6387,2026-10-02,False
2026-09-02,32,MAA-DEL,MAA,DEL,T+30,30,Air India,6302.0,7688,2026-10-02,False
2026-09-02,32,MAA-DEL,MAA,DEL,T+30,30,Air India,6513.52,7946,2026-10-02,False
2026-09-02,32,MAA-DEL,MAA,DEL,T+30,30,IndiGo,5316.06,6485,2026-10-02,False
2026-09-02,32,MAA-DEL,MAA,DEL,T+45,45,IndiGo,4960.0,6051,2026-10-17,False
2026-09-02,32,MAA-DEL,MAA,DEL,T+45,45,IndiGo,4606.05,5619,2026-10-17,False
2026-09-02,32,MAA-DEL,MAA,DEL,T+45,45,IndiGo,4611.62,5626,2026-10-17,False
2026-09-02,32,MAA-DEL,MAA,DEL,T+45,45,IndiGo,4911.49,5992,2026-10-17,False
2026-09-02,32,MAA-DEL,MAA,DEL,T+45,45,IndiGo,4781.23,5833,2026-10-17,False
2026-09-02,32,DEL-PNQ,DEL,PNQ,T+1,1,IndiGo,9052.92,11044,2026-09-03,False
2026-09-02,32,DEL-PNQ,DEL,PNQ,T+1,1,Air India,11183.06,13643,2026-09-03,False
2026-09-02,32,DEL-PNQ,DEL,PNQ,T+1,1,Air India,10614.7,12949,2026-09-03,False
2026-09-02,32,DEL-PNQ,DEL,PNQ,T+1,1,IndiGo,9134.6,11144,2026-09-03,False
2026-09-02,32,DEL-PNQ,DEL,PNQ,T+1,1,Air India,11376.33,13879,2026-09-03,False
2026-09-02,32,DEL-PNQ,DEL,PNQ,T+7,7,IndiGo,6860.8,8370,2026-09-09,False
2026-09-02,32,DEL-PNQ,DEL,PNQ,T+7,7,IndiGo,6868.38,8379,2026-09-09,False
2026-09-02,32,DEL-PNQ,DEL,PNQ,T+7,7,IndiGo,6445.82,7863,2026-09-09,False
2026-09-02,32,DEL-PNQ,DEL,PNQ,T+7,7,IndiGo,6790.53,8284,2026-09-09,False
2026-09-02,32,DEL-PNQ,DEL,PNQ,T+7,7,Air India,7420.16,9052,2026-09-09,False
2026-09-02,32,DEL-PNQ,DEL,PNQ,T+15,15,IndiGo,4796.11,5851,2026-09-17,False
2026-09-02,32,DEL-PNQ,DEL,PNQ,T+15,15,IndiGo,4545.85,5545,2026-09-17,False
2026-09-02,32,DEL-PNQ,DEL,PNQ,T+15,15,IndiGo,5243.36,6396,2026-09-17,False
2026-09-02,32,DEL-PNQ,DEL,PNQ,T+15,15,Akasa Air,4651.86,5675,2026-09-17,False
2026-09-02,32,DEL-PNQ,DEL,PNQ,T+15,15,IndiGo,4931.4,6016,2026-09-17,False
2026-09-02,32,DEL-PNQ,DEL,PNQ,T+30,30,Air India,4846.0,5912,2026-10-02,False
2026-09-02,32,DEL-PNQ,DEL,PNQ,T+30,30,IndiGo,4349.02,5305,2026-10-02,False
2026-09-02,32,DEL-PNQ,DEL,PNQ,T+30,30,IndiGo,4189.9,5111,2026-10-02,False
2026-09-02,32,DEL-PNQ,DEL,PNQ,T+30,30,IndiGo,4051.82,4943,2026-10-02,False
2026-09-02,32,DEL-PNQ,DEL,PNQ,T+30,30,IndiGo,4311.35,5259,2026-10-02,False
2026-09-02,32,DEL-PNQ,DEL,PNQ,T+45,45,IndiGo,3584.59,4373,2026-10-17,False
2026-09-02,32,DEL-PNQ,DEL,PNQ,T+45,45,IndiGo,3663.36,4469,2026-10-17,False
2026-09-02,32,DEL-PNQ,DEL,PNQ,T+45,45,Air India,4121.22,5027,2026-10-17,False
2026-09-02,32,DEL-PNQ,DEL,PNQ,T+45,45,IndiGo,3585.88,4374,2026-10-17,False
2026-09-02,32,DEL-PNQ,DEL,PNQ,T+45,45,IndiGo,3797.56,4633,2026-10-17,False
2026-09-03,33,DEL-BOM,DEL,BOM,T+1,1,Air India,10968.73,13381,2026-09-04,False
2026-09-03,33,DEL-BOM,DEL,BOM,T+1,1,IndiGo,9472.87,11556,2026-09-04,False
2026-09-03,33,DEL-BOM,DEL,BOM,T+1,1,IndiGo,9989.96,12187,2026-09-04,False
2026-09-03,33,DEL-BOM,DEL,BOM,T+1,1,IndiGo,9800.7,11956,2026-09-04,False
2026-09-03,33,DEL-BOM,DEL,BOM,T+1,1,Air India,12599.84,15371,2026-09-04,False
2026-09-03,33,DEL-BOM,DEL,BOM,T+7,7,Akasa Air,7286.62,8889,2026-09-10,False
2026-09-03,33,DEL-BOM,DEL,BOM,T+7,7,Air India,8082.42,9860,2026-09-10,False
2026-09-03,33,DEL-BOM,DEL,BOM,T+7,7,Air India,8498.18,10367,2026-09-10,False
2026-09-03,33,DEL-BOM,DEL,BOM,T+7,7,Air India,8554.24,10436,2026-09-10,False
2026-09-03,33,DEL-BOM,DEL,BOM,T+7,7,Air India,8161.32,9956,2026-09-10,False
2026-09-03,33,DEL-BOM,DEL,BOM,T+15,15,Air India,6010.35,7332,2026-09-18,False
2026-09-03,33,DEL-BOM,DEL,BOM,T+15,15,Air India,6339.6,7734,2026-09-18,False
2026-09-03,33,DEL-BOM,DEL,BOM,T+15,15,IndiGo,5347.11,6523,2026-09-18,False
2026-09-03,33,DEL-BOM,DEL,BOM,T+15,15,IndiGo,5297.61,6463,2026-09-18,False
2026-09-03,33,DEL-BOM,DEL,BOM,T+15,15,Air India,6440.52,7857,2026-09-18,False
2026-09-03,33,DEL-BOM,DEL,BOM,T+30,30,Air India,5293.44,6457,2026-10-03,False
2026-09-03,33,DEL-BOM,DEL,BOM,T+30,30,IndiGo,4425.21,5398,2026-10-03,False
2026-09-03,33,DEL-BOM,DEL,BOM,T+30,30,IndiGo,4628.74,5647,2026-10-03,False
2026-09-03,33,DEL-BOM,DEL,BOM,T+30,30,IndiGo,4673.43,5701,2026-10-03,False
2026-09-03,33,DEL-BOM,DEL,BOM,T+30,30,IndiGo,4421.24,5393,2026-10-03,False
2026-09-03,33,DEL-BOM,DEL,BOM,T+45,45,IndiGo,4231.93,5162,2026-10-18,False
2026-09-03,33,DEL-BOM,DEL,BOM,T+45,45,SpiceJet,3642.44,4443,2026-10-18,False
2026-09-03,33,DEL-BOM,DEL,BOM,T+45,45,IndiGo,4015.85,4899,2026-10-18,False
2026-09-03,33,DEL-BOM,DEL,BOM,T+45,45,IndiGo,4061.77,4955,2026-10-18,False
2026-09-03,33,DEL-BOM,DEL,BOM,T+45,45,IndiGo,4007.52,4889,2026-10-18,False
2026-09-03,33,BOM-DEL,BOM,DEL,T+1,1,IndiGo,9793.2,11947,2026-09-04,False
2026-09-03,33,BOM-DEL,BOM,DEL,T+1,1,Air India,12549.97,15310,2026-09-04,False
2026-09-03,33,BOM-DEL,BOM,DEL,T+1,1,IndiGo,9693.26,11825,2026-09-04,False
2026-09-03,33,BOM-DEL,BOM,DEL,T+1,1,IndiGo,10844.43,13230,2026-09-04,False
2026-09-03,33,BOM-DEL,BOM,DEL,T+1,1,Air India,11958.82,14589,2026-09-04,False
2026-09-03,33,BOM-DEL,BOM,DEL,T+7,7,Air India,8362.49,10202,2026-09-10,False
2026-09-03,33,BOM-DEL,BOM,DEL,T+7,7,IndiGo,7188.26,8769,2026-09-10,False
2026-09-03,33,BOM-DEL,BOM,DEL,T+7,7,IndiGo,7696.47,9389,2026-09-10,False
2026-09-03,33,BOM-DEL,BOM,DEL,T+7,7,IndiGo,6824.53,8325,2026-09-10,False
2026-09-03,33,BOM-DEL,BOM,DEL,T+7,7,IndiGo,6793.14,8287,2026-09-10,False
2026-09-03,33,BOM-DEL,BOM,DEL,T+15,15,IndiGo,5237.53,6389,2026-09-18,False
2026-09-03,33,BOM-DEL,BOM,DEL,T+15,15,IndiGo,5385.71,6570,2026-09-18,False
2026-09-03,33,BOM-DEL,BOM,DEL,T+15,15,IndiGo,5054.72,6166,2026-09-18,False
2026-09-03,33,BOM-DEL,BOM,DEL,T+15,15,IndiGo,5383.86,6568,2026-09-18,False
2026-09-03,33,BOM-DEL,BOM,DEL,T+15,15,IndiGo,5698.53,6952,2026-09-18,False
2026-09-03,33,BOM-DEL,BOM,DEL,T+30,30,IndiGo,4635.57,5655,2026-10-03,False
2026-09-03,33,BOM-DEL,BOM,DEL,T+30,30,Air India,5380.6,6564,2026-10-03,False
2026-09-03,33,BOM-DEL,BOM,DEL,T+30,30,IndiGo,4511.37,5503,2026-10-03,False
2026-09-03,33,BOM-DEL,BOM,DEL,T+30,30,IndiGo,4756.15,5802,2026-10-03,False
2026-09-03,33,BOM-DEL,BOM,DEL,T+30,30,Air India,5279.15,6440,2026-10-03,False
2026-09-03,33,BOM-DEL,BOM,DEL,T+45,45,IndiGo,4363.67,5323,2026-10-18,False
2026-09-03,33,BOM-DEL,BOM,DEL,T+45,45,Air India,5159.24,6294,2026-10-18,False
2026-09-03,33,BOM-DEL,BOM,DEL,T+45,45,Air India,4875.68,5948,2026-10-18,False
2026-09-03,33,BOM-DEL,BOM,DEL,T+45,45,Air India,4830.31,5892,2026-10-18,False
2026-09-03,33,BOM-DEL,BOM,DEL,T+45,45,IndiGo,4246.64,5180,2026-10-18,False
2026-09-03,33,DEL-BLR,DEL,BLR,T+1,1,IndiGo,12767.53,15576,2026-09-04,False
2026-09-03,33,DEL-BLR,DEL,BLR,T+1,1,Air India,14087.81,17187,2026-09-04,False
2026-09-03,33,DEL-BLR,DEL,BLR,T+1,1,IndiGo,12069.74,14725,2026-09-04,False
2026-09-03,33,DEL-BLR,DEL,BLR,T+1,1,IndiGo,11727.26,14307,2026-09-04,False
2026-09-03,33,DEL-BLR,DEL,BLR,T+1,1,IndiGo,12472.41,15216,2026-09-04,False
2026-09-03,33,DEL-BLR,DEL,BLR,T+7,7,Air India,10498.61,12808,2026-09-10,False
2026-09-03,33,DEL-BLR,DEL,BLR,T+7,7,Akasa Air,8029.07,9795,2026-09-10,False
2026-09-03,33,DEL-BLR,DEL,BLR,T+7,7,Air India,10095.8,12316,2026-09-10,False
2026-09-03,33,DEL-BLR,DEL,BLR,T+7,7,IndiGo,8291.7,10115,2026-09-10,False
2026-09-03,33,DEL-BLR,DEL,BLR,T+7,7,IndiGo,8428.29,10282,2026-09-10,False
2026-09-03,33,DEL-BLR,DEL,BLR,T+15,15,IndiGo,6748.81,8233,2026-09-18,False
2026-09-03,33,DEL-BLR,DEL,BLR,T+15,15,Air India,7605.55,9278,2026-09-18,False
2026-09-03,33,DEL-BLR,DEL,BLR,T+15,15,Air India,7723.76,9422,2026-09-18,False
2026-09-03,33,DEL-BLR,DEL,BLR,T+15,15,IndiGo,6244.0,7617,2026-09-18,False
2026-09-03,33,DEL-BLR,DEL,BLR,T+15,15,IndiGo,6664.45,8130,2026-09-18,False
2026-09-03,33,DEL-BLR,DEL,BLR,T+30,30,IndiGo,5666.45,6913,2026-10-03,False
2026-09-03,33,DEL-BLR,DEL,BLR,T+30,30,IndiGo,5530.45,6747,2026-10-03,False
2026-09-03,33,DEL-BLR,DEL,BLR,T+30,30,Air India,6646.55,8108,2026-10-03,False
2026-09-03,33,DEL-BLR,DEL,BLR,T+30,30,IndiGo,5711.06,6967,2026-10-03,False
2026-09-03,33,DEL-BLR,DEL,BLR,T+30,30,IndiGo,5513.38,6726,2026-10-03,False
2026-09-03,33,DEL-BLR,DEL,BLR,T+45,45,IndiGo,4784.01,5836,2026-10-18,False
2026-09-03,33,DEL-BLR,DEL,BLR,T+45,45,IndiGo,5363.46,6543,2026-10-18,False
2026-09-03,33,DEL-BLR,DEL,BLR,T+45,45,Air India,5815.57,7094,2026-10-18,False
2026-09-03,33,DEL-BLR,DEL,BLR,T+45,45,IndiGo,5027.58,6133,2026-10-18,False
2026-09-03,33,DEL-BLR,DEL,BLR,T+45,45,IndiGo,5223.14,6372,2026-10-18,False
2026-09-03,33,BOM-BLR,BOM,BLR,T+1,1,Air India,10434.09,12729,2026-09-04,False
2026-09-03,33,BOM-BLR,BOM,BLR,T+1,1,IndiGo,7534.24,9191,2026-09-04,False
2026-09-03,33,BOM-BLR,BOM,BLR,T+1,1,Air India,9433.2,11508,2026-09-04,False
2026-09-03,33,BOM-BLR,BOM,BLR,T+1,1,IndiGo,7682.28,9372,2026-09-04,False
2026-09-03,33,BOM-BLR,BOM,BLR,T+1,1,IndiGo,7728.81,9429,2026-09-04,False
2026-09-03,33,BOM-BLR,BOM,BLR,T+7,7,IndiGo,5434.22,6629,2026-09-10,False
2026-09-03,33,BOM-BLR,BOM,BLR,T+7,7,IndiGo,5355.11,6533,2026-09-10,False
2026-09-03,33,BOM-BLR,BOM,BLR,T+7,7,Air India,6562.83,8006,2026-09-10,False
2026-09-03,33,BOM-BLR,BOM,BLR,T+7,7,IndiGo,5287.04,6450,2026-09-10,False
2026-09-03,33,BOM-BLR,BOM,BLR,T+7,7,Air India,6790.13,8283,2026-09-10,False
2026-09-03,33,BOM-BLR,BOM,BLR,T+15,15,IndiGo,4249.82,5184,2026-09-18,False
2026-09-03,33,BOM-BLR,BOM,BLR,T+15,15,Air India,5074.62,6191,2026-09-18,False
2026-09-03,33,BOM-BLR,BOM,BLR,T+15,15,IndiGo,4172.44,5090,2026-09-18,False
2026-09-03,33,BOM-BLR,BOM,BLR,T+15,15,IndiGo,4187.14,5108,2026-09-18,False
2026-09-03,33,BOM-BLR,BOM,BLR,T+15,15,Air India,5051.02,6162,2026-09-18,False
2026-09-03,33,BOM-BLR,BOM,BLR,T+30,30,IndiGo,3487.58,4254,2026-10-03,False
2026-09-03,33,BOM-BLR,BOM,BLR,T+30,30,IndiGo,3590.15,4379,2026-10-03,False
2026-09-03,33,BOM-BLR,BOM,BLR,T+30,30,IndiGo,3526.32,4302,2026-10-03,False
2026-09-03,33,BOM-BLR,BOM,BLR,T+30,30,Air India,4152.7,5066,2026-10-03,False
2026-09-03,33,BOM-BLR,BOM,BLR,T+30,30,Air India,3969.78,4843,2026-10-03,False
2026-09-03,33,BOM-BLR,BOM,BLR,T+45,45,IndiGo,3383.23,4127,2026-10-18,False
2026-09-03,33,BOM-BLR,BOM,BLR,T+45,45,IndiGo,3154.08,3847,2026-10-18,False
2026-09-03,33,BOM-BLR,BOM,BLR,T+45,45,IndiGo,3363.33,4103,2026-10-18,False
2026-09-03,33,BOM-BLR,BOM,BLR,T+45,45,IndiGo,3352.63,4090,2026-10-18,False
2026-09-03,33,BOM-BLR,BOM,BLR,T+45,45,Air India,3638.56,4439,2026-10-18,False
2026-09-03,33,DEL-CCU,DEL,CCU,T+1,1,Akasa Air,10380.57,12664,2026-09-04,False
2026-09-03,33,DEL-CCU,DEL,CCU,T+1,1,IndiGo,12142.24,14813,2026-09-04,False
2026-09-03,33,DEL-CCU,DEL,CCU,T+1,1,IndiGo,11826.48,14428,2026-09-04,False
2026-09-03,33,DEL-CCU,DEL,CCU,T+1,1,Akasa Air,10779.77,13151,2026-09-04,False
2026-09-03,33,DEL-CCU,DEL,CCU,T+1,1,IndiGo,11243.96,13717,2026-09-04,False
2026-09-03,33,DEL-CCU,DEL,CCU,T+7,7,IndiGo,7712.1,9408,2026-09-10,False
2026-09-03,33,DEL-CCU,DEL,CCU,T+7,7,Air India,9438.13,11514,2026-09-10,False
2026-09-03,33,DEL-CCU,DEL,CCU,T+7,7,IndiGo,7688.27,9379,2026-09-10,False
2026-09-03,33,DEL-CCU,DEL,CCU,T+7,7,IndiGo,7325.26,8936,2026-09-10,False
2026-09-03,33,DEL-CCU,DEL,CCU,T+7,7,Air India,8867.39,10818,2026-09-10,False
2026-09-03,33,DEL-CCU,DEL,CCU,T+15,15,IndiGo,6004.82,7325,2026-09-18,False
2026-09-03,33,DEL-CCU,DEL,CCU,T+15,15,IndiGo,5762.85,7030,2026-09-18,False
2026-09-03,33,DEL-CCU,DEL,CCU,T+15,15,Air India,7057.48,8610,2026-09-18,False
2026-09-03,33,DEL-CCU,DEL,CCU,T+15,15,IndiGo,5774.69,7045,2026-09-18,False
2026-09-03,33,DEL-CCU,DEL,CCU,T+15,15,IndiGo,5836.08,7120,2026-09-18,False
2026-09-03,33,DEL-CCU,DEL,CCU,T+30,30,IndiGo,5296.77,6462,2026-10-03,False
2026-09-03,33,DEL-CCU,DEL,CCU,T+30,30,IndiGo,5187.74,6329,2026-10-03,False
2026-09-03,33,DEL-CCU,DEL,CCU,T+30,30,Air India,6061.5,7395,2026-10-03,False
2026-09-03,33,DEL-CCU,DEL,CCU,T+30,30,IndiGo,5301.41,6467,2026-10-03,False
2026-09-03,33,DEL-CCU,DEL,CCU,T+30,30,IndiGo,5229.7,6380,2026-10-03,False
2026-09-03,33,DEL-CCU,DEL,CCU,T+45,45,Air India,5662.71,6908,2026-10-18,False
2026-09-03,33,DEL-CCU,DEL,CCU,T+45,45,Air India,5303.07,6469,2026-10-18,False
2026-09-03,33,DEL-CCU,DEL,CCU,T+45,45,IndiGo,4502.98,5493,2026-10-18,False
2026-09-03,33,DEL-CCU,DEL,CCU,T+45,45,IndiGo,4363.53,5323,2026-10-18,False
2026-09-03,33,DEL-CCU,DEL,CCU,T+45,45,IndiGo,4503.08,5493,2026-10-18,False
2026-09-03,33,BLR-HYD,BLR,HYD,T+1,1,Air India,7493.14,9141,2026-09-04,False
2026-09-03,33,BLR-HYD,BLR,HYD,T+1,1,Air India,7578.18,9245,2026-09-04,False
2026-09-03,33,BLR-HYD,BLR,HYD,T+1,1,IndiGo,6354.82,7752,2026-09-04,False
2026-09-03,33,BLR-HYD,BLR,HYD,T+1,1,IndiGo,5762.09,7029,2026-09-04,False
2026-09-03,33,BLR-HYD,BLR,HYD,T+1,1,IndiGo,6381.26,7785,2026-09-04,False
2026-09-03,33,BLR-HYD,BLR,HYD,T+7,7,Air India,4799.54,5855,2026-09-10,False
2026-09-03,33,BLR-HYD,BLR,HYD,T+7,7,IndiGo,4487.79,5475,2026-09-10,False
2026-09-03,33,BLR-HYD,BLR,HYD,T+7,7,Air India,5063.59,6177,2026-09-10,False
2026-09-03,33,BLR-HYD,BLR,HYD,T+7,7,Air India,5255.75,6412,2026-09-10,False
2026-09-03,33,BLR-HYD,BLR,HYD,T+7,7,Air India,4890.4,5966,2026-09-10,False
2026-09-03,33,BLR-HYD,BLR,HYD,T+15,15,IndiGo,3446.26,4204,2026-09-18,False
2026-09-03,33,BLR-HYD,BLR,HYD,T+15,15,IndiGo,3140.81,3831,2026-09-18,False
2026-09-03,33,BLR-HYD,BLR,HYD,T+15,15,IndiGo,3233.1,3944,2026-09-18,False
2026-09-03,33,BLR-HYD,BLR,HYD,T+15,15,IndiGo,3194.91,3897,2026-09-18,False
2026-09-03,33,BLR-HYD,BLR,HYD,T+15,15,IndiGo,3107.29,3790,2026-09-18,False
2026-09-03,33,BLR-HYD,BLR,HYD,T+30,30,Air India,3356.47,4094,2026-10-03,False
2026-09-03,33,BLR-HYD,BLR,HYD,T+30,30,Air India,3556.88,4339,2026-10-03,False
2026-09-03,33,BLR-HYD,BLR,HYD,T+30,30,IndiGo,3102.49,3785,2026-10-03,False
2026-09-03,33,BLR-HYD,BLR,HYD,T+30,30,SpiceJet,2697.41,3290,2026-10-03,False
2026-09-03,33,BLR-HYD,BLR,HYD,T+30,30,IndiGo,2948.53,3597,2026-10-03,False
2026-09-03,33,BLR-HYD,BLR,HYD,T+45,45,IndiGo,2542.82,3102,2026-10-18,False
2026-09-03,33,BLR-HYD,BLR,HYD,T+45,45,IndiGo,2566.37,3130,2026-10-18,False
2026-09-03,33,BLR-HYD,BLR,HYD,T+45,45,IndiGo,2492.12,3040,2026-10-18,False
2026-09-03,33,BLR-HYD,BLR,HYD,T+45,45,Air India,2994.0,3652,2026-10-18,False
2026-09-03,33,BLR-HYD,BLR,HYD,T+45,45,IndiGo,2569.78,3135,2026-10-18,False
2026-09-03,33,MAA-DEL,MAA,DEL,T+1,1,IndiGo,11482.68,14008,2026-09-04,False
2026-09-03,33,MAA-DEL,MAA,DEL,T+1,1,Air India,13779.75,16811,2026-09-04,False
2026-09-03,33,MAA-DEL,MAA,DEL,T+1,1,IndiGo,11696.0,14269,2026-09-04,False
2026-09-03,33,MAA-DEL,MAA,DEL,T+1,1,IndiGo,12058.96,14711,2026-09-04,False
2026-09-03,33,MAA-DEL,MAA,DEL,T+1,1,Air India,13301.69,16228,2026-09-04,False
2026-09-03,33,MAA-DEL,MAA,DEL,T+7,7,Air India,9760.7,11908,2026-09-10,False
2026-09-03,33,MAA-DEL,MAA,DEL,T+7,7,Akasa Air,8569.73,10455,2026-09-10,False
2026-09-03,33,MAA-DEL,MAA,DEL,T+7,7,IndiGo,8632.05,10531,2026-09-10,False
2026-09-03,33,MAA-DEL,MAA,DEL,T+7,7,IndiGo,8685.79,10596,2026-09-10,False
2026-09-03,33,MAA-DEL,MAA,DEL,T+7,7,IndiGo,8301.22,10127,2026-09-10,False
2026-09-03,33,MAA-DEL,MAA,DEL,T+15,15,IndiGo,6381.65,7785,2026-09-18,False
2026-09-03,33,MAA-DEL,MAA,DEL,T+15,15,IndiGo,6532.12,7969,2026-09-18,False
2026-09-03,33,MAA-DEL,MAA,DEL,T+15,15,IndiGo,6655.38,8119,2026-09-18,False
2026-09-03,33,MAA-DEL,MAA,DEL,T+15,15,IndiGo,5879.69,7173,2026-09-18,False
2026-09-03,33,MAA-DEL,MAA,DEL,T+15,15,IndiGo,6020.2,7344,2026-09-18,False
2026-09-03,33,MAA-DEL,MAA,DEL,T+30,30,IndiGo,5657.12,6901,2026-10-03,False
2026-09-03,33,MAA-DEL,MAA,DEL,T+30,30,Air India,6315.38,7704,2026-10-03,False
2026-09-03,33,MAA-DEL,MAA,DEL,T+30,30,IndiGo,5282.04,6444,2026-10-03,False
2026-09-03,33,MAA-DEL,MAA,DEL,T+30,30,Akasa Air,5008.46,6110,2026-10-03,False
2026-09-03,33,MAA-DEL,MAA,DEL,T+30,30,Air India,6253.3,7629,2026-10-03,False
2026-09-03,33,MAA-DEL,MAA,DEL,T+45,45,SpiceJet,4331.55,5284,2026-10-18,False
2026-09-03,33,MAA-DEL,MAA,DEL,T+45,45,IndiGo,5160.1,6295,2026-10-18,False
2026-09-03,33,MAA-DEL,MAA,DEL,T+45,45,Air India,5664.15,6910,2026-10-18,False
2026-09-03,33,MAA-DEL,MAA,DEL,T+45,45,IndiGo,4798.44,5854,2026-10-18,False
2026-09-03,33,MAA-DEL,MAA,DEL,T+45,45,IndiGo,4907.16,5986,2026-10-18,False
2026-09-03,33,DEL-PNQ,DEL,PNQ,T+1,1,IndiGo,9532.89,11630,2026-09-04,False
2026-09-03,33,DEL-PNQ,DEL,PNQ,T+1,1,IndiGo,9527.58,11623,2026-09-04,False
2026-09-03,33,DEL-PNQ,DEL,PNQ,T+1,1,IndiGo,9568.81,11673,2026-09-04,False
2026-09-03,33,DEL-PNQ,DEL,PNQ,T+1,1,Air India,10632.51,12971,2026-09-04,False
2026-09-03,33,DEL-PNQ,DEL,PNQ,T+1,1,Air India,10759.22,13126,2026-09-04,False
2026-09-03,33,DEL-PNQ,DEL,PNQ,T+7,7,Air India,7901.54,9639,2026-09-10,False
2026-09-03,33,DEL-PNQ,DEL,PNQ,T+7,7,Air India,7552.41,9213,2026-09-10,False
2026-09-03,33,DEL-PNQ,DEL,PNQ,T+7,7,IndiGo,6525.36,7960,2026-09-10,False
2026-09-03,33,DEL-PNQ,DEL,PNQ,T+7,7,IndiGo,6617.62,8073,2026-09-10,False
2026-09-03,33,DEL-PNQ,DEL,PNQ,T+7,7,IndiGo,6705.89,8181,2026-09-10,False
2026-09-03,33,DEL-PNQ,DEL,PNQ,T+15,15,IndiGo,4656.87,5681,2026-09-18,False
2026-09-03,33,DEL-PNQ,DEL,PNQ,T+15,15,Air India,6000.92,7321,2026-09-18,False
2026-09-03,33,DEL-PNQ,DEL,PNQ,T+15,15,IndiGo,4925.22,6008,2026-09-18,False
2026-09-03,33,DEL-PNQ,DEL,PNQ,T+15,15,IndiGo,5088.8,6208,2026-09-18,False
2026-09-03,33,DEL-PNQ,DEL,PNQ,T+15,15,Air India,6013.66,7336,2026-09-18,False
2026-09-03,33,DEL-PNQ,DEL,PNQ,T+30,30,Air India,5300.51,6466,2026-10-03,False
2026-09-03,33,DEL-PNQ,DEL,PNQ,T+30,30,IndiGo,4458.06,5438,2026-10-03,False
2026-09-03,33,DEL-PNQ,DEL,PNQ,T+30,30,IndiGo,4457.04,5437,2026-10-03,False
2026-09-03,33,DEL-PNQ,DEL,PNQ,T+30,30,Air India,5271.67,6431,2026-10-03,False
2026-09-03,33,DEL-PNQ,DEL,PNQ,T+30,30,IndiGo,4299.84,5245,2026-10-03,False
2026-09-03,33,DEL-PNQ,DEL,PNQ,T+45,45,IndiGo,3787.76,4621,2026-10-18,False
2026-09-03,33,DEL-PNQ,DEL,PNQ,T+45,45,IndiGo,3899.08,4756,2026-10-18,False
2026-09-03,33,DEL-PNQ,DEL,PNQ,T+45,45,IndiGo,3880.44,4734,2026-10-18,False
2026-09-03,33,DEL-PNQ,DEL,PNQ,T+45,45,IndiGo,3742.57,4565,2026-10-18,False
2026-09-03,33,DEL-PNQ,DEL,PNQ,T+45,45,IndiGo,3837.1,4681,2026-10-18,False
2026-09-04,34,DEL-BOM,DEL,BOM,T+1,1,IndiGo,10002.67,12203,2026-09-05,False
2026-09-04,34,DEL-BOM,DEL,BOM,T+1,1,IndiGo,9715.65,11853,2026-09-05,False
2026-09-04,34,DEL-BOM,DEL,BOM,T+1,1,IndiGo,10467.31,12770,2026-09-05,False
2026-09-04,34,DEL-BOM,DEL,BOM,T+1,1,IndiGo,10034.33,12241,2026-09-05,False
2026-09-04,34,DEL-BOM,DEL,BOM,T+1,1,IndiGo,10733.1,13094,2026-09-05,False
2026-09-04,34,DEL-BOM,DEL,BOM,T+7,7,Air India,7880.43,9614,2026-09-11,False
2026-09-04,34,DEL-BOM,DEL,BOM,T+7,7,IndiGo,6949.41,8478,2026-09-11,False
2026-09-04,34,DEL-BOM,DEL,BOM,T+7,7,Akasa Air,6871.55,8383,2026-09-11,False
2026-09-04,34,DEL-BOM,DEL,BOM,T+7,7,Air India,8688.45,10599,2026-09-11,False
2026-09-04,34,DEL-BOM,DEL,BOM,T+7,7,IndiGo,7186.62,8767,2026-09-11,False
2026-09-04,34,DEL-BOM,DEL,BOM,T+15,15,IndiGo,5451.28,6650,2026-09-19,False
2026-09-04,34,DEL-BOM,DEL,BOM,T+15,15,Air India,6106.85,7450,2026-09-19,False
2026-09-04,34,DEL-BOM,DEL,BOM,T+15,15,IndiGo,5174.31,6312,2026-09-19,False
2026-09-04,34,DEL-BOM,DEL,BOM,T+15,15,Air India,6429.45,7843,2026-09-19,False
2026-09-04,34,DEL-BOM,DEL,BOM,T+15,15,Air India,6054.15,7386,2026-09-19,False
2026-09-04,34,DEL-BOM,DEL,BOM,T+30,30,IndiGo,4536.25,5534,2026-10-04,False
2026-09-04,34,DEL-BOM,DEL,BOM,T+30,30,IndiGo,4703.34,5738,2026-10-04,False
2026-09-04,34,DEL-BOM,DEL,BOM,T+30,30,IndiGo,4463.38,5445,2026-10-04,False
2026-09-04,34,DEL-BOM,DEL,BOM,T+30,30,Air India,5755.64,7021,2026-10-04,False
2026-09-04,34,DEL-BOM,DEL,BOM,T+30,30,Akasa Air,4668.09,5695,2026-10-04,False
2026-09-04,34,DEL-BOM,DEL,BOM,T+45,45,IndiGo,3882.73,4736,2026-10-19,False
2026-09-04,34,DEL-BOM,DEL,BOM,T+45,45,Akasa Air,3849.11,4695,2026-10-19,False
2026-09-04,34,DEL-BOM,DEL,BOM,T+45,45,IndiGo,3780.0,4611,2026-10-19,False
2026-09-04,34,DEL-BOM,DEL,BOM,T+45,45,IndiGo,3996.17,4875,2026-10-19,False
2026-09-04,34,DEL-BOM,DEL,BOM,T+45,45,IndiGo,4218.92,5147,2026-10-19,False
2026-09-04,34,BOM-DEL,BOM,DEL,T+1,1,IndiGo,9869.9,12041,2026-09-05,False
2026-09-04,34,BOM-DEL,BOM,DEL,T+1,1,IndiGo,10176.5,12415,2026-09-05,False
2026-09-04,34,BOM-DEL,BOM,DEL,T+1,1,IndiGo,9481.36,11567,2026-09-05,False
2026-09-04,34,BOM-DEL,BOM,DEL,T+1,1,IndiGo,10294.69,12559,2026-09-05,False
2026-09-04,34,BOM-DEL,BOM,DEL,T+1,1,SpiceJet,9303.53,11350,2026-09-05,False
2026-09-04,34,BOM-DEL,BOM,DEL,T+7,7,IndiGo,7090.54,8650,2026-09-11,False
2026-09-04,34,BOM-DEL,BOM,DEL,T+7,7,IndiGo,7064.48,8618,2026-09-11,False
2026-09-04,34,BOM-DEL,BOM,DEL,T+7,7,Air India,7983.95,9740,2026-09-11,False
2026-09-04,34,BOM-DEL,BOM,DEL,T+7,7,IndiGo,6801.48,8297,2026-09-11,False
2026-09-04,34,BOM-DEL,BOM,DEL,T+7,7,IndiGo,7327.6,8939,2026-09-11,False
2026-09-04,34,BOM-DEL,BOM,DEL,T+15,15,IndiGo,5467.99,6670,2026-09-19,False
2026-09-04,34,BOM-DEL,BOM,DEL,T+15,15,Air India,6591.34,8041,2026-09-19,False
2026-09-04,34,BOM-DEL,BOM,DEL,T+15,15,Air India,6429.93,7844,2026-09-19,False
2026-09-04,34,BOM-DEL,BOM,DEL,T+15,15,IndiGo,5419.67,6611,2026-09-19,False
2026-09-04,34,BOM-DEL,BOM,DEL,T+15,15,Air India,5973.62,7287,2026-09-19,False
2026-09-04,34,BOM-DEL,BOM,DEL,T+30,30,IndiGo,4578.56,5585,2026-10-04,False
2026-09-04,34,BOM-DEL,BOM,DEL,T+30,30,IndiGo,4617.87,5633,2026-10-04,False
2026-09-04,34,BOM-DEL,BOM,DEL,T+30,30,IndiGo,4938.27,6024,2026-10-04,False
2026-09-04,34,BOM-DEL,BOM,DEL,T+30,30,Air India,5580.47,6808,2026-10-04,False
2026-09-04,34,BOM-DEL,BOM,DEL,T+30,30,IndiGo,4870.8,5942,2026-10-04,False
2026-09-04,34,BOM-DEL,BOM,DEL,T+45,45,IndiGo,4194.64,5117,2026-10-19,False
2026-09-04,34,BOM-DEL,BOM,DEL,T+45,45,IndiGo,4006.42,4887,2026-10-19,False
2026-09-04,34,BOM-DEL,BOM,DEL,T+45,45,Air India,4863.81,5933,2026-10-19,False
2026-09-04,34,BOM-DEL,BOM,DEL,T+45,45,Air India,4884.0,5958,2026-10-19,False
2026-09-04,34,BOM-DEL,BOM,DEL,T+45,45,IndiGo,3973.65,4847,2026-10-19,False
2026-09-04,34,DEL-BLR,DEL,BLR,T+1,1,Air India,14336.35,17490,2026-09-05,False
2026-09-04,34,DEL-BLR,DEL,BLR,T+1,1,IndiGo,12237.35,14929,2026-09-05,False
2026-09-04,34,DEL-BLR,DEL,BLR,T+1,1,Air India,15348.49,18725,2026-09-05,False
2026-09-04,34,DEL-BLR,DEL,BLR,T+1,1,IndiGo,11428.46,13942,2026-09-05,False
2026-09-04,34,DEL-BLR,DEL,BLR,T+1,1,IndiGo,12846.33,15672,2026-09-05,False
2026-09-04,34,DEL-BLR,DEL,BLR,T+7,7,IndiGo,8437.09,10293,2026-09-11,False
2026-09-04,34,DEL-BLR,DEL,BLR,T+7,7,IndiGo,8304.2,10131,2026-09-11,False
2026-09-04,34,DEL-BLR,DEL,BLR,T+7,7,Air India,10708.79,13064,2026-09-11,False
2026-09-04,34,DEL-BLR,DEL,BLR,T+7,7,IndiGo,8946.56,10914,2026-09-11,False
2026-09-04,34,DEL-BLR,DEL,BLR,T+7,7,Air India,10735.64,13097,2026-09-11,False
2026-09-04,34,DEL-BLR,DEL,BLR,T+15,15,Air India,8044.13,9813,2026-09-19,False
2026-09-04,34,DEL-BLR,DEL,BLR,T+15,15,IndiGo,7115.65,8681,2026-09-19,False
2026-09-04,34,DEL-BLR,DEL,BLR,T+15,15,IndiGo,6766.94,8255,2026-09-19,False
2026-09-04,34,DEL-BLR,DEL,BLR,T+15,15,IndiGo,6600.79,8052,2026-09-19,False
2026-09-04,34,DEL-BLR,DEL,BLR,T+15,15,IndiGo,6716.81,8194,2026-09-19,False
2026-09-04,34,DEL-BLR,DEL,BLR,T+30,30,Akasa Air,5749.1,7013,2026-10-04,False
2026-09-04,34,DEL-BLR,DEL,BLR,T+30,30,Air India,6524.05,7959,2026-10-04,False
2026-09-04,34,DEL-BLR,DEL,BLR,T+30,30,Air India,6553.98,7995,2026-10-04,False
2026-09-04,34,DEL-BLR,DEL,BLR,T+30,30,IndiGo,5627.46,6865,2026-10-04,False
2026-09-04,34,DEL-BLR,DEL,BLR,T+30,30,Air India,6212.97,7579,2026-10-04,False
2026-09-04,34,DEL-BLR,DEL,BLR,T+45,45,Air India,5990.6,7308,2026-10-19,False
2026-09-04,34,DEL-BLR,DEL,BLR,T+45,45,IndiGo,4723.04,5762,2026-10-19,False
2026-09-04,34,DEL-BLR,DEL,BLR,T+45,45,Air India,5972.86,7286,2026-10-19,False
2026-09-04,34,DEL-BLR,DEL,BLR,T+45,45,Air India,6142.34,7493,2026-10-19,False
2026-09-04,34,DEL-BLR,DEL,BLR,T+45,45,IndiGo,4972.47,6066,2026-10-19,False
2026-09-04,34,BOM-BLR,BOM,BLR,T+1,1,IndiGo,8359.94,10199,2026-09-05,False
2026-09-04,34,BOM-BLR,BOM,BLR,T+1,1,IndiGo,7492.78,9141,2026-09-05,False
2026-09-04,34,BOM-BLR,BOM,BLR,T+1,1,IndiGo,8225.66,10035,2026-09-05,False
2026-09-04,34,BOM-BLR,BOM,BLR,T+1,1,IndiGo,8083.01,9861,2026-09-05,False
2026-09-04,34,BOM-BLR,BOM,BLR,T+1,1,IndiGo,7422.16,9055,2026-09-05,False
2026-09-04,34,BOM-BLR,BOM,BLR,T+7,7,IndiGo,6118.44,7464,2026-09-11,False
2026-09-04,34,BOM-BLR,BOM,BLR,T+7,7,IndiGo,5575.77,6802,2026-09-11,False
2026-09-04,34,BOM-BLR,BOM,BLR,T+7,7,IndiGo,5416.61,6608,2026-09-11,False
2026-09-04,34,BOM-BLR,BOM,BLR,T+7,7,IndiGo,5313.03,6481,2026-09-11,False
2026-09-04,34,BOM-BLR,BOM,BLR,T+7,7,Air India,6537.51,7975,2026-09-11,False
2026-09-04,34,BOM-BLR,BOM,BLR,T+15,15,IndiGo,4232.96,5164,2026-09-19,False
2026-09-04,34,BOM-BLR,BOM,BLR,T+15,15,Akasa Air,4132.44,5041,2026-09-19,False
2026-09-04,34,BOM-BLR,BOM,BLR,T+15,15,IndiGo,4207.6,5133,2026-09-19,False
2026-09-04,34,BOM-BLR,BOM,BLR,T+15,15,IndiGo,4346.16,5302,2026-09-19,False
2026-09-04,34,BOM-BLR,BOM,BLR,T+15,15,Air India,4944.78,6032,2026-09-19,False
2026-09-04,34,BOM-BLR,BOM,BLR,T+30,30,IndiGo,3397.68,4145,2026-10-04,False
2026-09-04,34,BOM-BLR,BOM,BLR,T+30,30,Air India,4274.22,5214,2026-10-04,False
2026-09-04,34,BOM-BLR,BOM,BLR,T+30,30,Air India,3940.65,4807,2026-10-04,False
2026-09-04,34,BOM-BLR,BOM,BLR,T+30,30,IndiGo,3689.63,4501,2026-10-04,False
2026-09-04,34,BOM-BLR,BOM,BLR,T+30,30,Air India,4149.41,5062,2026-10-04,False
2026-09-04,34,BOM-BLR,BOM,BLR,T+45,45,IndiGo,3258.08,3974,2026-10-19,False
2026-09-04,34,BOM-BLR,BOM,BLR,T+45,45,IndiGo,3388.55,4134,2026-10-19,False
2026-09-04,34,BOM-BLR,BOM,BLR,T+45,45,IndiGo,3131.99,3821,2026-10-19,False
2026-09-04,34,BOM-BLR,BOM,BLR,T+45,45,Air India,3961.13,4832,2026-10-19,False
2026-09-04,34,BOM-BLR,BOM,BLR,T+45,45,IndiGo,3190.42,3892,2026-10-19,False
2026-09-04,34,DEL-CCU,DEL,CCU,T+1,1,IndiGo,11856.0,14464,2026-09-05,False
2026-09-04,34,DEL-CCU,DEL,CCU,T+1,1,IndiGo,11027.79,13453,2026-09-05,False
2026-09-04,34,DEL-CCU,DEL,CCU,T+1,1,Air India,12782.08,15594,2026-09-05,False
2026-09-04,34,DEL-CCU,DEL,CCU,T+1,1,IndiGo,11439.24,13955,2026-09-05,False
2026-09-04,34,DEL-CCU,DEL,CCU,T+1,1,IndiGo,11000.17,13420,2026-09-05,False
2026-09-04,34,DEL-CCU,DEL,CCU,T+7,7,IndiGo,7672.5,9360,2026-09-11,False
2026-09-04,34,DEL-CCU,DEL,CCU,T+7,7,IndiGo,7773.1,9483,2026-09-11,False
2026-09-04,34,DEL-CCU,DEL,CCU,T+7,7,IndiGo,7892.97,9629,2026-09-11,False
2026-09-04,34,DEL-CCU,DEL,CCU,T+7,7,IndiGo,8276.68,10097,2026-09-11,False
2026-09-04,34,DEL-CCU,DEL,CCU,T+7,7,IndiGo,7370.18,8991,2026-09-11,False
2026-09-04,34,DEL-CCU,DEL,CCU,T+15,15,IndiGo,6019.77,7344,2026-09-19,False
2026-09-04,34,DEL-CCU,DEL,CCU,T+15,15,IndiGo,6146.47,7498,2026-09-19,False
2026-09-04,34,DEL-CCU,DEL,CCU,T+15,15,IndiGo,6055.64,7387,2026-09-19,False
2026-09-04,34,DEL-CCU,DEL,CCU,T+15,15,IndiGo,6290.67,7674,2026-09-19,False
2026-09-04,34,DEL-CCU,DEL,CCU,T+15,15,IndiGo,5999.26,7319,2026-09-19,False
2026-09-04,34,DEL-CCU,DEL,CCU,T+30,30,IndiGo,5122.34,6249,2026-10-04,False
2026-09-04,34,DEL-CCU,DEL,CCU,T+30,30,IndiGo,5262.52,6420,2026-10-04,False
2026-09-04,34,DEL-CCU,DEL,CCU,T+30,30,IndiGo,5173.56,6311,2026-10-04,False
2026-09-04,34,DEL-CCU,DEL,CCU,T+30,30,IndiGo,5085.19,6203,2026-10-04,False
2026-09-04,34,DEL-CCU,DEL,CCU,T+30,30,IndiGo,5248.78,6403,2026-10-04,False
2026-09-04,34,DEL-CCU,DEL,CCU,T+45,45,IndiGo,4478.13,5463,2026-10-19,False
2026-09-04,34,DEL-CCU,DEL,CCU,T+45,45,IndiGo,4484.76,5471,2026-10-19,False
2026-09-04,34,DEL-CCU,DEL,CCU,T+45,45,IndiGo,4498.1,5487,2026-10-19,False
2026-09-04,34,DEL-CCU,DEL,CCU,T+45,45,Air India,5658.73,6903,2026-10-19,False
2026-09-04,34,DEL-CCU,DEL,CCU,T+45,45,IndiGo,4066.15,4960,2026-10-19,False
2026-09-04,34,BLR-HYD,BLR,HYD,T+1,1,IndiGo,6248.4,7623,2026-09-05,False
2026-09-04,34,BLR-HYD,BLR,HYD,T+1,1,Air India,7274.64,8875,2026-09-05,False
2026-09-04,34,BLR-HYD,BLR,HYD,T+1,1,IndiGo,5800.49,7076,2026-09-05,False
2026-09-04,34,BLR-HYD,BLR,HYD,T+1,1,IndiGo,6229.87,7600,2026-09-05,False
2026-09-04,34,BLR-HYD,BLR,HYD,T+1,1,Air India,7386.91,9012,2026-09-05,False
2026-09-04,34,BLR-HYD,BLR,HYD,T+7,7,IndiGo,4451.56,5430,2026-09-11,False
2026-09-04,34,BLR-HYD,BLR,HYD,T+7,7,IndiGo,3956.74,4827,2026-09-11,False
2026-09-04,34,BLR-HYD,BLR,HYD,T+7,7,IndiGo,4570.14,5575,2026-09-11,False
2026-09-04,34,BLR-HYD,BLR,HYD,T+7,7,IndiGo,4248.93,5183,2026-09-11,False
2026-09-04,34,BLR-HYD,BLR,HYD,T+7,7,IndiGo,4466.36,5448,2026-09-11,False
2026-09-04,34,BLR-HYD,BLR,HYD,T+15,15,IndiGo,3404.65,4153,2026-09-19,False
2026-09-04,34,BLR-HYD,BLR,HYD,T+15,15,IndiGo,3216.74,3924,2026-09-19,False
2026-09-04,34,BLR-HYD,BLR,HYD,T+15,15,IndiGo,3395.28,4142,2026-09-19,False
2026-09-04,34,BLR-HYD,BLR,HYD,T+15,15,Air India,3859.63,4708,2026-09-19,False
2026-09-04,34,BLR-HYD,BLR,HYD,T+15,15,IndiGo,3077.98,3755,2026-09-19,False
2026-09-04,34,BLR-HYD,BLR,HYD,T+30,30,Akasa Air,2867.25,3498,2026-10-04,False
2026-09-04,34,BLR-HYD,BLR,HYD,T+30,30,Air India,3262.54,3980,2026-10-04,False
2026-09-04,34,BLR-HYD,BLR,HYD,T+30,30,IndiGo,2759.42,3366,2026-10-04,False
2026-09-04,34,BLR-HYD,BLR,HYD,T+30,30,IndiGo,2804.36,3421,2026-10-04,False
2026-09-04,34,BLR-HYD,BLR,HYD,T+30,30,Air India,3385.46,4130,2026-10-04,False
2026-09-04,34,BLR-HYD,BLR,HYD,T+45,45,IndiGo,2523.37,3078,2026-10-19,False
2026-09-04,34,BLR-HYD,BLR,HYD,T+45,45,IndiGo,2576.94,3143,2026-10-19,False
2026-09-04,34,BLR-HYD,BLR,HYD,T+45,45,IndiGo,2409.9,2940,2026-10-19,False
2026-09-04,34,BLR-HYD,BLR,HYD,T+45,45,IndiGo,2462.74,3004,2026-10-19,False
2026-09-04,34,BLR-HYD,BLR,HYD,T+45,45,IndiGo,2518.17,3072,2026-10-19,False
2026-09-04,34,MAA-DEL,MAA,DEL,T+1,1,Akasa Air,12133.09,14802,2026-09-05,False
2026-09-04,34,MAA-DEL,MAA,DEL,T+1,1,IndiGo,11701.54,14275,2026-09-05,False
2026-09-04,34,MAA-DEL,MAA,DEL,T+1,1,Akasa Air,11809.48,14407,2026-09-05,False
2026-09-04,34,MAA-DEL,MAA,DEL,T+1,1,Air India,13869.36,16920,2026-09-05,False
2026-09-04,34,MAA-DEL,MAA,DEL,T+1,1,IndiGo,11549.46,14090,2026-09-05,False
2026-09-04,34,MAA-DEL,MAA,DEL,T+7,7,IndiGo,8242.41,10055,2026-09-11,False
2026-09-04,34,MAA-DEL,MAA,DEL,T+7,7,Air India,9744.23,11887,2026-09-11,False
2026-09-04,34,MAA-DEL,MAA,DEL,T+7,7,IndiGo,8489.87,10357,2026-09-11,False
2026-09-04,34,MAA-DEL,MAA,DEL,T+7,7,IndiGo,8714.22,10631,2026-09-11,False
2026-09-04,34,MAA-DEL,MAA,DEL,T+7,7,IndiGo,8418.87,10271,2026-09-11,False
2026-09-04,34,MAA-DEL,MAA,DEL,T+15,15,Air India,7767.92,9476,2026-09-19,False
2026-09-04,34,MAA-DEL,MAA,DEL,T+15,15,IndiGo,6112.41,7457,2026-09-19,False
2026-09-04,34,MAA-DEL,MAA,DEL,T+15,15,Akasa Air,6037.35,7365,2026-09-19,False
2026-09-04,34,MAA-DEL,MAA,DEL,T+15,15,IndiGo,6165.66,7522,2026-09-19,False
2026-09-04,34,MAA-DEL,MAA,DEL,T+15,15,Akasa Air,6193.68,7556,2026-09-19,False
2026-09-04,34,MAA-DEL,MAA,DEL,T+30,30,IndiGo,5354.19,6532,2026-10-04,False
2026-09-04,34,MAA-DEL,MAA,DEL,T+30,30,IndiGo,5560.81,6784,2026-10-04,False
2026-09-04,34,MAA-DEL,MAA,DEL,T+30,30,Air India,6184.31,7544,2026-10-04,False
2026-09-04,34,MAA-DEL,MAA,DEL,T+30,30,IndiGo,5430.48,6625,2026-10-04,False
2026-09-04,34,MAA-DEL,MAA,DEL,T+30,30,IndiGo,5552.66,6774,2026-10-04,False
2026-09-04,34,MAA-DEL,MAA,DEL,T+45,45,IndiGo,4471.43,5455,2026-10-19,False
2026-09-04,34,MAA-DEL,MAA,DEL,T+45,45,IndiGo,5177.74,6316,2026-10-19,False
2026-09-04,34,MAA-DEL,MAA,DEL,T+45,45,IndiGo,4772.06,5821,2026-10-19,False
2026-09-04,34,MAA-DEL,MAA,DEL,T+45,45,IndiGo,4478.22,5463,2026-10-19,False
2026-09-04,34,MAA-DEL,MAA,DEL,T+45,45,Air India,5713.77,6970,2026-10-19,False
2026-09-04,34,DEL-PNQ,DEL,PNQ,T+1,1,IndiGo,9255.41,11291,2026-09-05,False
2026-09-04,34,DEL-PNQ,DEL,PNQ,T+1,1,IndiGo,9218.1,11246,2026-09-05,False
2026-09-04,34,DEL-PNQ,DEL,PNQ,T+1,1,IndiGo,9565.3,11669,2026-09-05,False
2026-09-04,34,DEL-PNQ,DEL,PNQ,T+1,1,IndiGo,9486.44,11573,2026-09-05,False
2026-09-04,34,DEL-PNQ,DEL,PNQ,T+1,1,IndiGo,9340.97,11395,2026-09-05,False
2026-09-04,34,DEL-PNQ,DEL,PNQ,T+7,7,IndiGo,6645.41,8107,2026-09-11,False
2026-09-04,34,DEL-PNQ,DEL,PNQ,T+7,7,IndiGo,6518.43,7952,2026-09-11,False
2026-09-04,34,DEL-PNQ,DEL,PNQ,T+7,7,IndiGo,6948.88,8477,2026-09-11,False
2026-09-04,34,DEL-PNQ,DEL,PNQ,T+7,7,IndiGo,6203.62,7568,2026-09-11,False
2026-09-04,34,DEL-PNQ,DEL,PNQ,T+7,7,Akasa Air,6366.7,7767,2026-09-11,False
2026-09-04,34,DEL-PNQ,DEL,PNQ,T+15,15,IndiGo,4989.19,6086,2026-09-19,False
2026-09-04,34,DEL-PNQ,DEL,PNQ,T+15,15,Air India,6035.68,7363,2026-09-19,False
2026-09-04,34,DEL-PNQ,DEL,PNQ,T+15,15,IndiGo,4830.84,5893,2026-09-19,False
2026-09-04,34,DEL-PNQ,DEL,PNQ,T+15,15,IndiGo,4674.07,5702,2026-09-19,False
2026-09-04,34,DEL-PNQ,DEL,PNQ,T+15,15,Air India,5900.84,7199,2026-09-19,False
2026-09-04,34,DEL-PNQ,DEL,PNQ,T+30,30,IndiGo,4308.73,5256,2026-10-04,False
2026-09-04,34,DEL-PNQ,DEL,PNQ,T+30,30,IndiGo,4489.19,5476,2026-10-04,False
2026-09-04,34,DEL-PNQ,DEL,PNQ,T+30,30,Akasa Air,3948.28,4816,2026-10-04,False
2026-09-04,34,DEL-PNQ,DEL,PNQ,T+30,30,IndiGo,4439.17,5415,2026-10-04,False
2026-09-04,34,DEL-PNQ,DEL,PNQ,T+30,30,IndiGo,4620.28,5636,2026-10-04,False
2026-09-04,34,DEL-PNQ,DEL,PNQ,T+45,45,IndiGo,3742.51,4565,2026-10-19,False
2026-09-04,34,DEL-PNQ,DEL,PNQ,T+45,45,IndiGo,3621.29,4417,2026-10-19,False
2026-09-04,34,DEL-PNQ,DEL,PNQ,T+45,45,Air India,4407.65,5377,2026-10-19,False
2026-09-04,34,DEL-PNQ,DEL,PNQ,T+45,45,IndiGo,3794.51,4629,2026-10-19,False
2026-09-04,34,DEL-PNQ,DEL,PNQ,T+45,45,IndiGo,3867.49,4718,2026-10-19,False
2026-09-05,35,DEL-BOM,DEL,BOM,T+1,1,IndiGo,9829.88,11992,2026-09-06,False
2026-09-05,35,DEL-BOM,DEL,BOM,T+1,1,Air India,12477.99,15223,2026-09-06,False
2026-09-05,35,DEL-BOM,DEL,BOM,T+1,1,Air India,11372.23,13874,2026-09-06,False
2026-09-05,35,DEL-BOM,DEL,BOM,T+1,1,IndiGo,9426.63,11500,2026-09-06,False
2026-09-05,35,DEL-BOM,DEL,BOM,T+1,1,Air India,12292.24,14996,2026-09-06,False
2026-09-05,35,DEL-BOM,DEL,BOM,T+7,7,Air India,7708.0,9403,2026-09-12,False
2026-09-05,35,DEL-BOM,DEL,BOM,T+7,7,Air India,8314.89,10144,2026-09-12,False
2026-09-05,35,DEL-BOM,DEL,BOM,T+7,7,IndiGo,7878.7,9612,2026-09-12,False
2026-09-05,35,DEL-BOM,DEL,BOM,T+7,7,Air India,8371.2,10212,2026-09-12,False
2026-09-05,35,DEL-BOM,DEL,BOM,T+7,7,IndiGo,6824.91,8326,2026-09-12,False
2026-09-05,35,DEL-BOM,DEL,BOM,T+15,15,IndiGo,5394.03,6580,2026-09-20,False
2026-09-05,35,DEL-BOM,DEL,BOM,T+15,15,IndiGo,5395.27,6582,2026-09-20,False
2026-09-05,35,DEL-BOM,DEL,BOM,T+15,15,Air India,6407.9,7817,2026-09-20,False
2026-09-05,35,DEL-BOM,DEL,BOM,T+15,15,Air India,6519.77,7954,2026-09-20,False
2026-09-05,35,DEL-BOM,DEL,BOM,T+15,15,Air India,6140.33,7491,2026-09-20,False
2026-09-05,35,DEL-BOM,DEL,BOM,T+30,30,IndiGo,4906.39,5985,2026-10-05,False
2026-09-05,35,DEL-BOM,DEL,BOM,T+30,30,Air India,5508.63,6720,2026-10-05,False
2026-09-05,35,DEL-BOM,DEL,BOM,T+30,30,Air India,5600.71,6832,2026-10-05,False
2026-09-05,35,DEL-BOM,DEL,BOM,T+30,30,IndiGo,4530.91,5527,2026-10-05,False
2026-09-05,35,DEL-BOM,DEL,BOM,T+30,30,IndiGo,4841.34,5906,2026-10-05,False
2026-09-05,35,DEL-BOM,DEL,BOM,T+45,45,Air India,4811.24,5869,2026-10-20,False
2026-09-05,35,DEL-BOM,DEL,BOM,T+45,45,Air India,4902.08,5980,2026-10-20,False
2026-09-05,35,DEL-BOM,DEL,BOM,T+45,45,IndiGo,3983.52,4859,2026-10-20,False
2026-09-05,35,DEL-BOM,DEL,BOM,T+45,45,IndiGo,3974.32,4848,2026-10-20,False
2026-09-05,35,DEL-BOM,DEL,BOM,T+45,45,Akasa Air,4084.02,4982,2026-10-20,False
2026-09-05,35,BOM-DEL,BOM,DEL,T+1,1,IndiGo,9881.8,12055,2026-09-06,False
2026-09-05,35,BOM-DEL,BOM,DEL,T+1,1,IndiGo,9737.68,11879,2026-09-06,False
2026-09-05,35,BOM-DEL,BOM,DEL,T+1,1,IndiGo,9811.68,11970,2026-09-06,False
2026-09-05,35,BOM-DEL,BOM,DEL,T+1,1,IndiGo,10283.2,12545,2026-09-06,False
2026-09-05,35,BOM-DEL,BOM,DEL,T+1,1,Air India,11573.31,14119,2026-09-06,False
2026-09-05,35,BOM-DEL,BOM,DEL,T+7,7,IndiGo,7074.31,8630,2026-09-12,False
2026-09-05,35,BOM-DEL,BOM,DEL,T+7,7,IndiGo,7107.3,8670,2026-09-12,False
2026-09-05,35,BOM-DEL,BOM,DEL,T+7,7,IndiGo,6626.86,8084,2026-09-12,False
2026-09-05,35,BOM-DEL,BOM,DEL,T+7,7,IndiGo,6737.8,8220,2026-09-12,False
2026-09-05,35,BOM-DEL,BOM,DEL,T+7,7,Air India,8473.29,10337,2026-09-12,False
2026-09-05,35,BOM-DEL,BOM,DEL,T+15,15,IndiGo,5265.46,6423,2026-09-20,False
2026-09-05,35,BOM-DEL,BOM,DEL,T+15,15,IndiGo,5604.79,6837,2026-09-20,False
2026-09-05,35,BOM-DEL,BOM,DEL,T+15,15,IndiGo,5587.78,6817,2026-09-20,False
2026-09-05,35,BOM-DEL,BOM,DEL,T+15,15,IndiGo,5540.93,6759,2026-09-20,False
2026-09-05,35,BOM-DEL,BOM,DEL,T+15,15,Air India,6777.92,8269,2026-09-20,False
2026-09-05,35,BOM-DEL,BOM,DEL,T+30,30,Air India,5445.89,6643,2026-10-05,False
2026-09-05,35,BOM-DEL,BOM,DEL,T+30,30,IndiGo,4737.97,5780,2026-10-05,False
2026-09-05,35,BOM-DEL,BOM,DEL,T+30,30,IndiGo,4538.0,5536,2026-10-05,False
2026-09-05,35,BOM-DEL,BOM,DEL,T+30,30,Air India,5930.58,7235,2026-10-05,False
2026-09-05,35,BOM-DEL,BOM,DEL,T+30,30,IndiGo,4954.4,6044,2026-10-05,False
2026-09-05,35,BOM-DEL,BOM,DEL,T+45,45,Air India,4856.93,5925,2026-10-20,False
2026-09-05,35,BOM-DEL,BOM,DEL,T+45,45,IndiGo,4173.73,5091,2026-10-20,False
2026-09-05,35,BOM-DEL,BOM,DEL,T+45,45,IndiGo,4313.92,5262,2026-10-20,False
2026-09-05,35,BOM-DEL,BOM,DEL,T+45,45,IndiGo,4096.8,4998,2026-10-20,False
2026-09-05,35,BOM-DEL,BOM,DEL,T+45,45,IndiGo,4023.37,4908,2026-10-20,False
2026-09-05,35,DEL-BLR,DEL,BLR,T+1,1,IndiGo,12731.93,15532,2026-09-06,False
2026-09-05,35,DEL-BLR,DEL,BLR,T+1,1,Air India,14604.73,17817,2026-09-06,False
2026-09-05,35,DEL-BLR,DEL,BLR,T+1,1,IndiGo,12433.15,15168,2026-09-06,False
2026-09-05,35,DEL-BLR,DEL,BLR,T+1,1,IndiGo,11993.29,14631,2026-09-06,False
2026-09-05,35,DEL-BLR,DEL,BLR,T+1,1,IndiGo,11611.32,14165,2026-09-06,False
2026-09-05,35,DEL-BLR,DEL,BLR,T+7,7,IndiGo,8815.11,10754,2026-09-12,False
2026-09-05,35,DEL-BLR,DEL,BLR,T+7,7,IndiGo,9019.76,11004,2026-09-12,False
2026-09-05,35,DEL-BLR,DEL,BLR,T+7,7,IndiGo,8673.75,10581,2026-09-12,False
2026-09-05,35,DEL-BLR,DEL,BLR,T+7,7,IndiGo,9182.39,11202,2026-09-12,False
2026-09-05,35,DEL-BLR,DEL,BLR,T+7,7,IndiGo,8527.45,10403,2026-09-12,False
2026-09-05,35,DEL-BLR,DEL,BLR,T+15,15,Air India,7553.05,9214,2026-09-20,False
2026-09-05,35,DEL-BLR,DEL,BLR,T+15,15,IndiGo,6636.51,8096,2026-09-20,False
2026-09-05,35,DEL-BLR,DEL,BLR,T+15,15,Air India,7819.88,9540,2026-09-20,False
2026-09-05,35,DEL-BLR,DEL,BLR,T+15,15,SpiceJet,6471.89,7895,2026-09-20,False
2026-09-05,35,DEL-BLR,DEL,BLR,T+15,15,Air India,7629.83,9308,2026-09-20,False
2026-09-05,35,DEL-BLR,DEL,BLR,T+30,30,IndiGo,5974.88,7289,2026-10-05,False
2026-09-05,35,DEL-BLR,DEL,BLR,T+30,30,IndiGo,6094.38,7435,2026-10-05,False
2026-09-05,35,DEL-BLR,DEL,BLR,T+30,30,IndiGo,5694.04,6946,2026-10-05,False
2026-09-05,35,DEL-BLR,DEL,BLR,T+30,30,IndiGo,5951.25,7260,2026-10-05,False
2026-09-05,35,DEL-BLR,DEL,BLR,T+30,30,Akasa Air,5317.62,6487,2026-10-05,False
2026-09-05,35,DEL-BLR,DEL,BLR,T+45,45,IndiGo,5259.05,6416,2026-10-20,False
2026-09-05,35,DEL-BLR,DEL,BLR,T+45,45,Akasa Air,5088.18,6207,2026-10-20,False
2026-09-05,35,DEL-BLR,DEL,BLR,T+45,45,IndiGo,5221.48,6370,2026-10-20,False
2026-09-05,35,DEL-BLR,DEL,BLR,T+45,45,Akasa Air,4905.59,5984,2026-10-20,False
2026-09-05,35,DEL-BLR,DEL,BLR,T+45,45,IndiGo,4544.26,5543,2026-10-20,False
2026-09-05,35,BOM-BLR,BOM,BLR,T+1,1,SpiceJet,7329.35,8941,2026-09-06,False
2026-09-05,35,BOM-BLR,BOM,BLR,T+1,1,IndiGo,7740.92,9443,2026-09-06,False
2026-09-05,35,BOM-BLR,BOM,BLR,T+1,1,Air India,9011.07,10993,2026-09-06,False
2026-09-05,35,BOM-BLR,BOM,BLR,T+1,1,IndiGo,7948.16,9696,2026-09-06,False
2026-09-05,35,BOM-BLR,BOM,BLR,T+1,1,IndiGo,7798.24,9513,2026-09-06,False
2026-09-05,35,BOM-BLR,BOM,BLR,T+7,7,Air India,6412.57,7823,2026-09-12,False
2026-09-05,35,BOM-BLR,BOM,BLR,T+7,7,Air India,6358.45,7757,2026-09-12,False
2026-09-05,35,BOM-BLR,BOM,BLR,T+7,7,IndiGo,5460.62,6661,2026-09-12,False
2026-09-05,35,BOM-BLR,BOM,BLR,T+7,7,IndiGo,5820.73,7101,2026-09-12,False
2026-09-05,35,BOM-BLR,BOM,BLR,T+7,7,IndiGo,5471.3,6674,2026-09-12,False
2026-09-05,35,BOM-BLR,BOM,BLR,T+15,15,IndiGo,4184.74,5105,2026-09-20,False
2026-09-05,35,BOM-BLR,BOM,BLR,T+15,15,IndiGo,4193.43,5115,2026-09-20,False
2026-09-05,35,BOM-BLR,BOM,BLR,T+15,15,IndiGo,4312.11,5260,2026-09-20,False
2026-09-05,35,BOM-BLR,BOM,BLR,T+15,15,IndiGo,4329.6,5282,2026-09-20,False
2026-09-05,35,BOM-BLR,BOM,BLR,T+15,15,IndiGo,3807.42,4645,2026-09-20,False
2026-09-05,35,BOM-BLR,BOM,BLR,T+30,30,IndiGo,3783.36,4615,2026-10-05,False
2026-09-05,35,BOM-BLR,BOM,BLR,T+30,30,Air India,4522.9,5517,2026-10-05,False
2026-09-05,35,BOM-BLR,BOM,BLR,T+30,30,Akasa Air,3407.38,4157,2026-10-05,False
2026-09-05,35,BOM-BLR,BOM,BLR,T+30,30,IndiGo,3528.45,4304,2026-10-05,False
2026-09-05,35,BOM-BLR,BOM,BLR,T+30,30,IndiGo,3595.19,4386,2026-10-05,False
2026-09-05,35,BOM-BLR,BOM,BLR,T+45,45,IndiGo,3160.98,3856,2026-10-20,False
2026-09-05,35,BOM-BLR,BOM,BLR,T+45,45,IndiGo,3272.34,3992,2026-10-20,False
2026-09-05,35,BOM-BLR,BOM,BLR,T+45,45,IndiGo,3025.68,3691,2026-10-20,False
2026-09-05,35,BOM-BLR,BOM,BLR,T+45,45,IndiGo,3119.85,3806,2026-10-20,False
2026-09-05,35,BOM-BLR,BOM,BLR,T+45,45,IndiGo,3421.81,4174,2026-10-20,False
2026-09-05,35,DEL-CCU,DEL,CCU,T+1,1,IndiGo,10832.11,13215,2026-09-06,False
2026-09-05,35,DEL-CCU,DEL,CCU,T+1,1,Air India,13773.73,16803,2026-09-06,False
2026-09-05,35,DEL-CCU,DEL,CCU,T+1,1,IndiGo,11335.07,13828,2026-09-06,False
2026-09-05,35,DEL-CCU,DEL,CCU,T+1,1,IndiGo,10486.86,12793,2026-09-06,False
2026-09-05,35,DEL-CCU,DEL,CCU,T+1,1,IndiGo,11444.79,13962,2026-09-06,False
2026-09-05,35,DEL-CCU,DEL,CCU,T+7,7,IndiGo,7890.57,9626,2026-09-12,False
2026-09-05,35,DEL-CCU,DEL,CCU,T+7,7,IndiGo,7796.9,9512,2026-09-12,False
2026-09-05,35,DEL-CCU,DEL,CCU,T+7,7,IndiGo,7991.13,9749,2026-09-12,False
2026-09-05,35,DEL-CCU,DEL,CCU,T+7,7,IndiGo,8054.83,9826,2026-09-12,False
2026-09-05,35,DEL-CCU,DEL,CCU,T+7,7,IndiGo,8119.43,9905,2026-09-12,False
2026-09-05,35,DEL-CCU,DEL,CCU,T+15,15,IndiGo,6277.13,7658,2026-09-20,False
2026-09-05,35,DEL-CCU,DEL,CCU,T+15,15,Air India,7208.84,8794,2026-09-20,False
2026-09-05,35,DEL-CCU,DEL,CCU,T+15,15,Akasa Air,5557.06,6779,2026-09-20,False
2026-09-05,35,DEL-CCU,DEL,CCU,T+15,15,Air India,6989.49,8527,2026-09-20,False
2026-09-05,35,DEL-CCU,DEL,CCU,T+15,15,IndiGo,6649.5,8112,2026-09-20,False
2026-09-05,35,DEL-CCU,DEL,CCU,T+30,30,Air India,6246.46,7620,2026-10-05,False
2026-09-05,35,DEL-CCU,DEL,CCU,T+30,30,IndiGo,5595.81,6826,2026-10-05,False
2026-09-05,35,DEL-CCU,DEL,CCU,T+30,30,IndiGo,5419.68,6612,2026-10-05,False
2026-09-05,35,DEL-CCU,DEL,CCU,T+30,30,IndiGo,5211.04,6357,2026-10-05,False
2026-09-05,35,DEL-CCU,DEL,CCU,T+30,30,IndiGo,5221.82,6370,2026-10-05,False
2026-09-05,35,DEL-CCU,DEL,CCU,T+45,45,IndiGo,4587.28,5596,2026-10-20,False
2026-09-05,35,DEL-CCU,DEL,CCU,T+45,45,IndiGo,4313.79,5262,2026-10-20,False
2026-09-05,35,DEL-CCU,DEL,CCU,T+45,45,Air India,5418.52,6610,2026-10-20,False
2026-09-05,35,DEL-CCU,DEL,CCU,T+45,45,IndiGo,4787.79,5841,2026-10-20,False
2026-09-05,35,DEL-CCU,DEL,CCU,T+45,45,IndiGo,4496.76,5486,2026-10-20,False
2026-09-05,35,BLR-HYD,BLR,HYD,T+1,1,Air India,7387.37,9012,2026-09-06,False
2026-09-05,35,BLR-HYD,BLR,HYD,T+1,1,IndiGo,6361.12,7760,2026-09-06,False
2026-09-05,35,BLR-HYD,BLR,HYD,T+1,1,IndiGo,5980.34,7296,2026-09-06,False
2026-09-05,35,BLR-HYD,BLR,HYD,T+1,1,IndiGo,6079.44,7416,2026-09-06,False
2026-09-05,35,BLR-HYD,BLR,HYD,T+1,1,IndiGo,5956.94,7267,2026-09-06,False
2026-09-05,35,BLR-HYD,BLR,HYD,T+7,7,Air India,5005.38,6106,2026-09-12,False
2026-09-05,35,BLR-HYD,BLR,HYD,T+7,7,IndiGo,4174.42,5092,2026-09-12,False
2026-09-05,35,BLR-HYD,BLR,HYD,T+7,7,IndiGo,4233.65,5165,2026-09-12,False
2026-09-05,35,BLR-HYD,BLR,HYD,T+7,7,IndiGo,4588.6,5598,2026-09-12,False
2026-09-05,35,BLR-HYD,BLR,HYD,T+7,7,IndiGo,4231.36,5162,2026-09-12,False
2026-09-05,35,BLR-HYD,BLR,HYD,T+15,15,Air India,3938.63,4805,2026-09-20,False
2026-09-05,35,BLR-HYD,BLR,HYD,T+15,15,IndiGo,3267.54,3986,2026-09-20,False
2026-09-05,35,BLR-HYD,BLR,HYD,T+15,15,IndiGo,3463.32,4225,2026-09-20,False
2026-09-05,35,BLR-HYD,BLR,HYD,T+15,15,IndiGo,3478.72,4244,2026-09-20,False
2026-09-05,35,BLR-HYD,BLR,HYD,T+15,15,IndiGo,3426.67,4180,2026-09-20,False
2026-09-05,35,BLR-HYD,BLR,HYD,T+30,30,IndiGo,2881.47,3515,2026-10-05,False
2026-09-05,35,BLR-HYD,BLR,HYD,T+30,30,Air India,3333.91,4067,2026-10-05,False
2026-09-05,35,BLR-HYD,BLR,HYD,T+30,30,Air India,3220.88,3929,2026-10-05,False
2026-09-05,35,BLR-HYD,BLR,HYD,T+30,30,IndiGo,3044.86,3714,2026-10-05,False
2026-09-05,35,BLR-HYD,BLR,HYD,T+30,30,IndiGo,2775.13,3385,2026-10-05,False
2026-09-05,35,BLR-HYD,BLR,HYD,T+45,45,Akasa Air,2511.14,3063,2026-10-20,False
2026-09-05,35,BLR-HYD,BLR,HYD,T+45,45,Air India,3098.44,3780,2026-10-20,False
2026-09-05,35,BLR-HYD,BLR,HYD,T+45,45,IndiGo,2484.91,3031,2026-10-20,False
2026-09-05,35,BLR-HYD,BLR,HYD,T+45,45,IndiGo,2626.23,3204,2026-10-20,False
2026-09-05,35,BLR-HYD,BLR,HYD,T+45,45,IndiGo,2601.94,3174,2026-10-20,False
2026-09-05,35,MAA-DEL,MAA,DEL,T+1,1,IndiGo,12487.06,15234,2026-09-06,False
2026-09-05,35,MAA-DEL,MAA,DEL,T+1,1,IndiGo,11581.5,14129,2026-09-06,False
2026-09-05,35,MAA-DEL,MAA,DEL,T+1,1,IndiGo,11244.99,13718,2026-09-06,False
2026-09-05,35,MAA-DEL,MAA,DEL,T+1,1,Air India,13636.42,16636,2026-09-06,False
2026-09-05,35,MAA-DEL,MAA,DEL,T+1,1,IndiGo,11861.0,14470,2026-09-06,False
2026-09-05,35,MAA-DEL,MAA,DEL,T+7,7,IndiGo,8350.0,10187,2026-09-12,False
2026-09-05,35,MAA-DEL,MAA,DEL,T+7,7,IndiGo,8218.28,10026,2026-09-12,False
2026-09-05,35,MAA-DEL,MAA,DEL,T+7,7,IndiGo,7776.2,9486,2026-09-12,False
2026-09-05,35,MAA-DEL,MAA,DEL,T+7,7,IndiGo,8470.24,10333,2026-09-12,False
2026-09-05,35,MAA-DEL,MAA,DEL,T+7,7,Air India,10502.38,12812,2026-09-12,False
2026-09-05,35,MAA-DEL,MAA,DEL,T+15,15,IndiGo,6443.37,7860,2026-09-20,False
2026-09-05,35,MAA-DEL,MAA,DEL,T+15,15,IndiGo,6475.52,7900,2026-09-20,False
2026-09-05,35,MAA-DEL,MAA,DEL,T+15,15,Air India,7624.7,9302,2026-09-20,False
2026-09-05,35,MAA-DEL,MAA,DEL,T+15,15,IndiGo,6428.45,7842,2026-09-20,False
2026-09-05,35,MAA-DEL,MAA,DEL,T+15,15,IndiGo,6547.09,7987,2026-09-20,False
2026-09-05,35,MAA-DEL,MAA,DEL,T+30,30,IndiGo,5509.79,6721,2026-10-05,False
2026-09-05,35,MAA-DEL,MAA,DEL,T+30,30,Akasa Air,5205.37,6350,2026-10-05,False
2026-09-05,35,MAA-DEL,MAA,DEL,T+30,30,Air India,6228.59,7598,2026-10-05,False
2026-09-05,35,MAA-DEL,MAA,DEL,T+30,30,IndiGo,5387.22,6572,2026-10-05,False
2026-09-05,35,MAA-DEL,MAA,DEL,T+30,30,Air India,6477.53,7902,2026-10-05,False
2026-09-05,35,MAA-DEL,MAA,DEL,T+45,45,Air India,5632.18,6871,2026-10-20,False
2026-09-05,35,MAA-DEL,MAA,DEL,T+45,45,IndiGo,4883.89,5958,2026-10-20,False
2026-09-05,35,MAA-DEL,MAA,DEL,T+45,45,IndiGo,4904.99,5984,2026-10-20,False
2026-09-05,35,MAA-DEL,MAA,DEL,T+45,45,IndiGo,4971.61,6065,2026-10-20,False
2026-09-05,35,MAA-DEL,MAA,DEL,T+45,45,IndiGo,5047.63,6158,2026-10-20,False
2026-09-05,35,DEL-PNQ,DEL,PNQ,T+1,1,IndiGo,9290.81,11334,2026-09-06,False
2026-09-05,35,DEL-PNQ,DEL,PNQ,T+1,1,IndiGo,8841.41,10786,2026-09-06,False
2026-09-05,35,DEL-PNQ,DEL,PNQ,T+1,1,Air India,10791.61,13165,2026-09-06,False
2026-09-05,35,DEL-PNQ,DEL,PNQ,T+1,1,IndiGo,9279.81,11321,2026-09-06,False
2026-09-05,35,DEL-PNQ,DEL,PNQ,T+1,1,IndiGo,8670.19,10577,2026-09-06,False
2026-09-05,35,DEL-PNQ,DEL,PNQ,T+7,7,Air India,8106.24,9889,2026-09-12,False
2026-09-05,35,DEL-PNQ,DEL,PNQ,T+7,7,Air India,7769.04,9478,2026-09-12,False
2026-09-05,35,DEL-PNQ,DEL,PNQ,T+7,7,IndiGo,6644.66,8106,2026-09-12,False
2026-09-05,35,DEL-PNQ,DEL,PNQ,T+7,7,IndiGo,6870.52,8382,2026-09-12,False
2026-09-05,35,DEL-PNQ,DEL,PNQ,T+7,7,IndiGo,6412.52,7823,2026-09-12,False
2026-09-05,35,DEL-PNQ,DEL,PNQ,T+15,15,Air India,6000.09,7320,2026-09-20,False
2026-09-05,35,DEL-PNQ,DEL,PNQ,T+15,15,Air India,5859.3,7148,2026-09-20,False
2026-09-05,35,DEL-PNQ,DEL,PNQ,T+15,15,IndiGo,4956.98,6047,2026-09-20,False
2026-09-05,35,DEL-PNQ,DEL,PNQ,T+15,15,Air India,5722.95,6981,2026-09-20,False
2026-09-05,35,DEL-PNQ,DEL,PNQ,T+15,15,Air India,6224.81,7594,2026-09-20,False
2026-09-05,35,DEL-PNQ,DEL,PNQ,T+30,30,Akasa Air,4086.92,4986,2026-10-05,False
2026-09-05,35,DEL-PNQ,DEL,PNQ,T+30,30,IndiGo,4381.08,5344,2026-10-05,False
2026-09-05,35,DEL-PNQ,DEL,PNQ,T+30,30,IndiGo,3995.75,4874,2026-10-05,False
2026-09-05,35,DEL-PNQ,DEL,PNQ,T+30,30,IndiGo,4453.01,5432,2026-10-05,False
2026-09-05,35,DEL-PNQ,DEL,PNQ,T+30,30,Akasa Air,4293.86,5238,2026-10-05,False
2026-09-05,35,DEL-PNQ,DEL,PNQ,T+45,45,IndiGo,3814.2,4653,2026-10-20,False
2026-09-05,35,DEL-PNQ,DEL,PNQ,T+45,45,IndiGo,3771.04,4600,2026-10-20,False
2026-09-05,35,DEL-PNQ,DEL,PNQ,T+45,45,IndiGo,3854.45,4702,2026-10-20,False
2026-09-05,35,DEL-PNQ,DEL,PNQ,T+45,45,IndiGo,4105.75,5009,2026-10-20,False
2026-09-05,35,DEL-PNQ,DEL,PNQ,T+45,45,Air India,4204.89,5129,2026-10-20,False
2026-09-06,36,DEL-BOM,DEL,BOM,T+1,1,IndiGo,10333.6,12606,2026-09-07,False
2026-09-06,36,DEL-BOM,DEL,BOM,T+1,1,IndiGo,9737.36,11879,2026-09-07,False
2026-09-06,36,DEL-BOM,DEL,BOM,T+1,1,IndiGo,10051.28,12262,2026-09-07,False
2026-09-06,36,DEL-BOM,DEL,BOM,T+1,1,IndiGo,9971.03,12164,2026-09-07,False
2026-09-06,36,DEL-BOM,DEL,BOM,T+1,1,IndiGo,9907.51,12087,2026-09-07,False
2026-09-06,36,DEL-BOM,DEL,BOM,T+7,7,IndiGo,7115.57,8680,2026-09-13,False
2026-09-06,36,DEL-BOM,DEL,BOM,T+7,7,IndiGo,6835.61,8339,2026-09-13,False
2026-09-06,36,DEL-BOM,DEL,BOM,T+7,7,Air India,8694.24,10606,2026-09-13,False
2026-09-06,36,DEL-BOM,DEL,BOM,T+7,7,Akasa Air,6460.52,7881,2026-09-13,False
2026-09-06,36,DEL-BOM,DEL,BOM,T+7,7,IndiGo,7252.65,8848,2026-09-13,False
2026-09-06,36,DEL-BOM,DEL,BOM,T+15,15,Air India,6312.21,7700,2026-09-21,False
2026-09-06,36,DEL-BOM,DEL,BOM,T+15,15,IndiGo,5194.04,6336,2026-09-21,False
2026-09-06,36,DEL-BOM,DEL,BOM,T+15,15,IndiGo,5454.37,6654,2026-09-21,False
2026-09-06,36,DEL-BOM,DEL,BOM,T+15,15,SpiceJet,4851.35,5918,2026-09-21,False
2026-09-06,36,DEL-BOM,DEL,BOM,T+15,15,IndiGo,5423.53,6616,2026-09-21,False
2026-09-06,36,DEL-BOM,DEL,BOM,T+30,30,IndiGo,4411.1,5381,2026-10-06,False
2026-09-06,36,DEL-BOM,DEL,BOM,T+30,30,IndiGo,4717.24,5755,2026-10-06,False
2026-09-06,36,DEL-BOM,DEL,BOM,T+30,30,IndiGo,4492.1,5480,2026-10-06,False
2026-09-06,36,DEL-BOM,DEL,BOM,T+30,30,IndiGo,4569.01,5574,2026-10-06,False
2026-09-06,36,DEL-BOM,DEL,BOM,T+30,30,IndiGo,4690.05,5721,2026-10-06,False
2026-09-06,36,DEL-BOM,DEL,BOM,T+45,45,IndiGo,4014.9,4898,2026-10-21,False
2026-09-06,36,DEL-BOM,DEL,BOM,T+45,45,Air India,4855.03,5923,2026-10-21,False
2026-09-06,36,DEL-BOM,DEL,BOM,T+45,45,IndiGo,3907.84,4767,2026-10-21,False
2026-09-06,36,DEL-BOM,DEL,BOM,T+45,45,IndiGo,4217.59,5145,2026-10-21,False
2026-09-06,36,DEL-BOM,DEL,BOM,T+45,45,IndiGo,4381.38,5345,2026-10-21,False
2026-09-06,36,BOM-DEL,BOM,DEL,T+1,1,IndiGo,11041.26,13470,2026-09-07,False
2026-09-06,36,BOM-DEL,BOM,DEL,T+1,1,Air India,11896.03,14513,2026-09-07,False
2026-09-06,36,BOM-DEL,BOM,DEL,T+1,1,Air India,12185.33,14866,2026-09-07,False
2026-09-06,36,BOM-DEL,BOM,DEL,T+1,1,IndiGo,9431.44,11506,2026-09-07,False
2026-09-06,36,BOM-DEL,BOM,DEL,T+1,1,IndiGo,10587.31,12916,2026-09-07,False
2026-09-06,36,BOM-DEL,BOM,DEL,T+7,7,IndiGo,7311.56,8920,2026-09-13,False
2026-09-06,36,BOM-DEL,BOM,DEL,T+7,7,IndiGo,6997.61,8537,2026-09-13,False
2026-09-06,36,BOM-DEL,BOM,DEL,T+7,7,Air India,8755.34,10681,2026-09-13,False
2026-09-06,36,BOM-DEL,BOM,DEL,T+7,7,Air India,8317.21,10146,2026-09-13,False
2026-09-06,36,BOM-DEL,BOM,DEL,T+7,7,IndiGo,7004.06,8544,2026-09-13,False
2026-09-06,36,BOM-DEL,BOM,DEL,T+15,15,Air India,6491.41,7919,2026-09-21,False
2026-09-06,36,BOM-DEL,BOM,DEL,T+15,15,IndiGo,5214.43,6361,2026-09-21,False
2026-09-06,36,BOM-DEL,BOM,DEL,T+15,15,Air India,6613.5,8068,2026-09-21,False
2026-09-06,36,BOM-DEL,BOM,DEL,T+15,15,IndiGo,5215.83,6363,2026-09-21,False
2026-09-06,36,BOM-DEL,BOM,DEL,T+15,15,Akasa Air,5052.21,6163,2026-09-21,False
2026-09-06,36,BOM-DEL,BOM,DEL,T+30,30,IndiGo,4494.48,5483,2026-10-06,False
2026-09-06,36,BOM-DEL,BOM,DEL,T+30,30,IndiGo,4765.69,5814,2026-10-06,False
2026-09-06,36,BOM-DEL,BOM,DEL,T+30,30,Air India,5354.87,6532,2026-10-06,False
2026-09-06,36,BOM-DEL,BOM,DEL,T+30,30,Air India,5214.8,6362,2026-10-06,False
2026-09-06,36,BOM-DEL,BOM,DEL,T+30,30,Akasa Air,4400.39,5368,2026-10-06,False
2026-09-06,36,BOM-DEL,BOM,DEL,T+45,45,Akasa Air,3991.69,4869,2026-10-21,False
2026-09-06,36,BOM-DEL,BOM,DEL,T+45,45,SpiceJet,3747.71,4572,2026-10-21,False
2026-09-06,36,BOM-DEL,BOM,DEL,T+45,45,Air India,4668.8,5695,2026-10-21,False
2026-09-06,36,BOM-DEL,BOM,DEL,T+45,45,Air India,5224.39,6373,2026-10-21,False
2026-09-06,36,BOM-DEL,BOM,DEL,T+45,45,IndiGo,4002.19,4882,2026-10-21,False
2026-09-06,36,DEL-BLR,DEL,BLR,T+1,1,IndiGo,12239.47,14932,2026-09-07,False
2026-09-06,36,DEL-BLR,DEL,BLR,T+1,1,Air India,14407.11,17576,2026-09-07,False
2026-09-06,36,DEL-BLR,DEL,BLR,T+1,1,Air India,14379.47,17542,2026-09-07,False
2026-09-06,36,DEL-BLR,DEL,BLR,T+1,1,IndiGo,12648.65,15431,2026-09-07,False
2026-09-06,36,DEL-BLR,DEL,BLR,T+1,1,IndiGo,12790.25,15604,2026-09-07,False
2026-09-06,36,DEL-BLR,DEL,BLR,T+7,7,IndiGo,8667.02,10573,2026-09-13,False
2026-09-06,36,DEL-BLR,DEL,BLR,T+7,7,IndiGo,8381.69,10225,2026-09-13,False
2026-09-06,36,DEL-BLR,DEL,BLR,T+7,7,Akasa Air,8862.61,10812,2026-09-13,False
2026-09-06,36,DEL-BLR,DEL,BLR,T+7,7,IndiGo,8731.6,10652,2026-09-13,False
2026-09-06,36,DEL-BLR,DEL,BLR,T+7,7,IndiGo,9291.4,11335,2026-09-13,False
2026-09-06,36,DEL-BLR,DEL,BLR,T+15,15,IndiGo,6141.94,7493,2026-09-21,False
2026-09-06,36,DEL-BLR,DEL,BLR,T+15,15,IndiGo,6711.44,8187,2026-09-21,False
2026-09-06,36,DEL-BLR,DEL,BLR,T+15,15,IndiGo,7113.47,8678,2026-09-21,False
2026-09-06,36,DEL-BLR,DEL,BLR,T+15,15,Air India,7761.52,9469,2026-09-21,False
2026-09-06,36,DEL-BLR,DEL,BLR,T+15,15,IndiGo,6613.24,8068,2026-09-21,False
2026-09-06,36,DEL-BLR,DEL,BLR,T+30,30,IndiGo,5772.68,7042,2026-10-06,False
2026-09-06,36,DEL-BLR,DEL,BLR,T+30,30,Air India,6604.27,8057,2026-10-06,False
2026-09-06,36,DEL-BLR,DEL,BLR,T+30,30,Air India,6662.44,8128,2026-10-06,False
2026-09-06,36,DEL-BLR,DEL,BLR,T+30,30,Air India,6656.37,8120,2026-10-06,False
2026-09-06,36,DEL-BLR,DEL,BLR,T+30,30,Akasa Air,5411.65,6602,2026-10-06,False
2026-09-06,36,DEL-BLR,DEL,BLR,T+45,45,Air India,6245.1,7619,2026-10-21,False
2026-09-06,36,DEL-BLR,DEL,BLR,T+45,45,IndiGo,5160.7,6296,2026-10-21,False
2026-09-06,36,DEL-BLR,DEL,BLR,T+45,45,IndiGo,5123.29,6250,2026-10-21,False
2026-09-06,36,DEL-BLR,DEL,BLR,T+45,45,IndiGo,5222.47,6371,2026-10-21,False
2026-09-06,36,DEL-BLR,DEL,BLR,T+45,45,Air India,5932.17,7237,2026-10-21,False
2026-09-06,36,BOM-BLR,BOM,BLR,T+1,1,IndiGo,7715.68,9413,2026-09-07,False
2026-09-06,36,BOM-BLR,BOM,BLR,T+1,1,IndiGo,7763.3,9471,2026-09-07,False
2026-09-06,36,BOM-BLR,BOM,BLR,T+1,1,Air India,9350.31,11407,2026-09-07,False
2026-09-06,36,BOM-BLR,BOM,BLR,T+1,1,IndiGo,7636.57,9316,2026-09-07,False
2026-09-06,36,BOM-BLR,BOM,BLR,T+1,1,IndiGo,7791.72,9505,2026-09-07,False
2026-09-06,36,BOM-BLR,BOM,BLR,T+7,7,IndiGo,5511.02,6723,2026-09-13,False
2026-09-06,36,BOM-BLR,BOM,BLR,T+7,7,IndiGo,6029.74,7356,2026-09-13,False
2026-09-06,36,BOM-BLR,BOM,BLR,T+7,7,IndiGo,5067.53,6182,2026-09-13,False
2026-09-06,36,BOM-BLR,BOM,BLR,T+7,7,IndiGo,5577.12,6804,2026-09-13,False
2026-09-06,36,BOM-BLR,BOM,BLR,T+7,7,Air India,7016.38,8559,2026-09-13,False
2026-09-06,36,BOM-BLR,BOM,BLR,T+15,15,Air India,5055.94,6168,2026-09-21,False
2026-09-06,36,BOM-BLR,BOM,BLR,T+15,15,IndiGo,4382.92,5347,2026-09-21,False
2026-09-06,36,BOM-BLR,BOM,BLR,T+15,15,IndiGo,4285.23,5227,2026-09-21,False
2026-09-06,36,BOM-BLR,BOM,BLR,T+15,15,IndiGo,4170.57,5088,2026-09-21,False
2026-09-06,36,BOM-BLR,BOM,BLR,T+15,15,Air India,4639.43,5660,2026-09-21,False
2026-09-06,36,BOM-BLR,BOM,BLR,T+30,30,IndiGo,3686.59,4497,2026-10-06,False
2026-09-06,36,BOM-BLR,BOM,BLR,T+30,30,IndiGo,3560.9,4344,2026-10-06,False
2026-09-06,36,BOM-BLR,BOM,BLR,T+30,30,IndiGo,3557.74,4340,2026-10-06,False
2026-09-06,36,BOM-BLR,BOM,BLR,T+30,30,IndiGo,3596.34,4387,2026-10-06,False
2026-09-06,36,BOM-BLR,BOM,BLR,T+30,30,Air India,4578.79,5586,2026-10-06,False
2026-09-06,36,BOM-BLR,BOM,BLR,T+45,45,IndiGo,3527.42,4303,2026-10-21,False
2026-09-06,36,BOM-BLR,BOM,BLR,T+45,45,IndiGo,3278.3,3999,2026-10-21,False
2026-09-06,36,BOM-BLR,BOM,BLR,T+45,45,Air India,3773.39,4603,2026-10-21,False
2026-09-06,36,BOM-BLR,BOM,BLR,T+45,45,IndiGo,3119.51,3805,2026-10-21,False
2026-09-06,36,BOM-BLR,BOM,BLR,T+45,45,Akasa Air,3202.5,3907,2026-10-21,False
2026-09-06,36,DEL-CCU,DEL,CCU,T+1,1,IndiGo,11918.94,14541,2026-09-07,False
2026-09-06,36,DEL-CCU,DEL,CCU,T+1,1,IndiGo,11121.74,13568,2026-09-07,False
2026-09-06,36,DEL-CCU,DEL,CCU,T+1,1,IndiGo,10284.73,12547,2026-09-07,False
2026-09-06,36,DEL-CCU,DEL,CCU,T+1,1,IndiGo,11481.96,14007,2026-09-07,False
2026-09-06,36,DEL-CCU,DEL,CCU,T+1,1,IndiGo,11605.79,14159,2026-09-07,False
2026-09-06,36,DEL-CCU,DEL,CCU,T+7,7,IndiGo,7498.82,9148,2026-09-13,False
2026-09-06,36,DEL-CCU,DEL,CCU,T+7,7,IndiGo,7988.54,9746,2026-09-13,False
2026-09-06,36,DEL-CCU,DEL,CCU,T+7,7,IndiGo,8064.89,9839,2026-09-13,False
2026-09-06,36,DEL-CCU,DEL,CCU,T+7,7,IndiGo,7919.19,9661,2026-09-13,False
2026-09-06,36,DEL-CCU,DEL,CCU,T+7,7,IndiGo,7719.76,9418,2026-09-13,False
2026-09-06,36,DEL-CCU,DEL,CCU,T+15,15,IndiGo,6255.73,7631,2026-09-21,False
2026-09-06,36,DEL-CCU,DEL,CCU,T+15,15,IndiGo,5955.64,7265,2026-09-21,False
2026-09-06,36,DEL-CCU,DEL,CCU,T+15,15,Air India,6751.72,8237,2026-09-21,False
2026-09-06,36,DEL-CCU,DEL,CCU,T+15,15,IndiGo,5607.6,6841,2026-09-21,False
2026-09-06,36,DEL-CCU,DEL,CCU,T+15,15,IndiGo,6307.51,7695,2026-09-21,False
2026-09-06,36,DEL-CCU,DEL,CCU,T+30,30,IndiGo,5289.69,6453,2026-10-06,False
2026-09-06,36,DEL-CCU,DEL,CCU,T+30,30,IndiGo,5193.88,6336,2026-10-06,False
2026-09-06,36,DEL-CCU,DEL,CCU,T+30,30,IndiGo,5098.15,6219,2026-10-06,False
2026-09-06,36,DEL-CCU,DEL,CCU,T+30,30,IndiGo,5082.07,6200,2026-10-06,False
2026-09-06,36,DEL-CCU,DEL,CCU,T+30,30,IndiGo,4982.98,6079,2026-10-06,False
2026-09-06,36,DEL-CCU,DEL,CCU,T+45,45,Air India,5344.29,6520,2026-10-21,False
2026-09-06,36,DEL-CCU,DEL,CCU,T+45,45,IndiGo,4261.08,5198,2026-10-21,False
2026-09-06,36,DEL-CCU,DEL,CCU,T+45,45,IndiGo,4484.04,5470,2026-10-21,False
2026-09-06,36,DEL-CCU,DEL,CCU,T+45,45,Air India,5367.18,6547,2026-10-21,False
2026-09-06,36,DEL-CCU,DEL,CCU,T+45,45,Air India,5542.06,6761,2026-10-21,False
2026-09-06,36,BLR-HYD,BLR,HYD,T+1,1,IndiGo,6181.07,7540,2026-09-07,False
2026-09-06,36,BLR-HYD,BLR,HYD,T+1,1,IndiGo,6361.93,7761,2026-09-07,False
2026-09-06,36,BLR-HYD,BLR,HYD,T+1,1,IndiGo,6481.99,7908,2026-09-07,False
2026-09-06,36,BLR-HYD,BLR,HYD,T+1,1,IndiGo,6418.96,7831,2026-09-07,False
2026-09-06,36,BLR-HYD,BLR,HYD,T+1,1,IndiGo,6291.65,7675,2026-09-07,False
2026-09-06,36,BLR-HYD,BLR,HYD,T+7,7,IndiGo,4382.23,5346,2026-09-13,False
2026-09-06,36,BLR-HYD,BLR,HYD,T+7,7,IndiGo,4230.05,5160,2026-09-13,False
2026-09-06,36,BLR-HYD,BLR,HYD,T+7,7,Air India,5298.02,6463,2026-09-13,False
2026-09-06,36,BLR-HYD,BLR,HYD,T+7,7,Air India,5467.89,6670,2026-09-13,False
2026-09-06,36,BLR-HYD,BLR,HYD,T+7,7,IndiGo,4432.87,5408,2026-09-13,False
2026-09-06,36,BLR-HYD,BLR,HYD,T+15,15,Air India,4193.02,5115,2026-09-21,False
2026-09-06,36,BLR-HYD,BLR,HYD,T+15,15,SpiceJet,2988.91,3646,2026-09-21,False
2026-09-06,36,BLR-HYD,BLR,HYD,T+15,15,SpiceJet,3029.96,3696,2026-09-21,False
2026-09-06,36,BLR-HYD,BLR,HYD,T+15,15,Air India,4046.96,4937,2026-09-21,False
2026-09-06,36,BLR-HYD,BLR,HYD,T+15,15,Air India,3965.69,4838,2026-09-21,False
2026-09-06,36,BLR-HYD,BLR,HYD,T+30,30,Air India,3522.88,4297,2026-10-06,False
2026-09-06,36,BLR-HYD,BLR,HYD,T+30,30,IndiGo,2855.25,3483,2026-10-06,False
2026-09-06,36,BLR-HYD,BLR,HYD,T+30,30,IndiGo,2770.01,3379,2026-10-06,False
2026-09-06,36,BLR-HYD,BLR,HYD,T+30,30,Air India,3342.83,4078,2026-10-06,False
2026-09-06,36,BLR-HYD,BLR,HYD,T+30,30,Air India,3187.33,3888,2026-10-06,False
2026-09-06,36,BLR-HYD,BLR,HYD,T+45,45,IndiGo,2439.06,2975,2026-10-21,False
2026-09-06,36,BLR-HYD,BLR,HYD,T+45,45,IndiGo,2625.8,3203,2026-10-21,False
2026-09-06,36,BLR-HYD,BLR,HYD,T+45,45,IndiGo,2616.94,3192,2026-10-21,False
2026-09-06,36,BLR-HYD,BLR,HYD,T+45,45,IndiGo,2571.63,3137,2026-10-21,False
2026-09-06,36,BLR-HYD,BLR,HYD,T+45,45,IndiGo,2386.41,2911,2026-10-21,False
2026-09-06,36,MAA-DEL,MAA,DEL,T+1,1,IndiGo,11651.14,14214,2026-09-07,False
2026-09-06,36,MAA-DEL,MAA,DEL,T+1,1,Air India,13314.16,16243,2026-09-07,False
2026-09-06,36,MAA-DEL,MAA,DEL,T+1,1,IndiGo,12285.02,14987,2026-09-07,False
2026-09-06,36,MAA-DEL,MAA,DEL,T+1,1,IndiGo,11558.09,14100,2026-09-07,False
2026-09-06,36,MAA-DEL,MAA,DEL,T+1,1,IndiGo,11350.77,13847,2026-09-07,False
2026-09-06,36,MAA-DEL,MAA,DEL,T+7,7,Air India,9854.67,12022,2026-09-13,False
2026-09-06,36,MAA-DEL,MAA,DEL,T+7,7,IndiGo,8163.08,9958,2026-09-13,False
2026-09-06,36,MAA-DEL,MAA,DEL,T+7,7,IndiGo,8783.8,10716,2026-09-13,False
2026-09-06,36,MAA-DEL,MAA,DEL,T+7,7,Air India,9591.22,11701,2026-09-13,False
2026-09-06,36,MAA-DEL,MAA,DEL,T+7,7,Air India,9362.3,11422,2026-09-13,False
2026-09-06,36,MAA-DEL,MAA,DEL,T+15,15,Air India,6925.9,8449,2026-09-21,False
2026-09-06,36,MAA-DEL,MAA,DEL,T+15,15,IndiGo,6346.54,7742,2026-09-21,False
2026-09-06,36,MAA-DEL,MAA,DEL,T+15,15,Air India,7342.99,8958,2026-09-21,False
2026-09-06,36,MAA-DEL,MAA,DEL,T+15,15,IndiGo,6035.64,7363,2026-09-21,False
2026-09-06,36,MAA-DEL,MAA,DEL,T+15,15,IndiGo,6617.83,8073,2026-09-21,False
2026-09-06,36,MAA-DEL,MAA,DEL,T+30,30,Air India,6570.2,8015,2026-10-06,False
2026-09-06,36,MAA-DEL,MAA,DEL,T+30,30,Air India,6413.92,7824,2026-10-06,False
2026-09-06,36,MAA-DEL,MAA,DEL,T+30,30,IndiGo,5705.8,6961,2026-10-06,False
2026-09-06,36,MAA-DEL,MAA,DEL,T+30,30,IndiGo,5572.04,6797,2026-10-06,False
2026-09-06,36,MAA-DEL,MAA,DEL,T+30,30,IndiGo,5288.92,6452,2026-10-06,False
2026-09-06,36,MAA-DEL,MAA,DEL,T+45,45,IndiGo,4664.61,5690,2026-10-21,False
2026-09-06,36,MAA-DEL,MAA,DEL,T+45,45,IndiGo,4979.26,6074,2026-10-21,False
2026-09-06,36,MAA-DEL,MAA,DEL,T+45,45,IndiGo,4907.83,5987,2026-10-21,False
2026-09-06,36,MAA-DEL,MAA,DEL,T+45,45,Akasa Air,4715.66,5753,2026-10-21,False
2026-09-06,36,MAA-DEL,MAA,DEL,T+45,45,IndiGo,4697.26,5730,2026-10-21,False
2026-09-06,36,DEL-PNQ,DEL,PNQ,T+1,1,Air India,11178.94,13638,2026-09-07,False
2026-09-06,36,DEL-PNQ,DEL,PNQ,T+1,1,Air India,10656.59,13001,2026-09-07,False
2026-09-06,36,DEL-PNQ,DEL,PNQ,T+1,1,IndiGo,9251.43,11286,2026-09-07,False
2026-09-06,36,DEL-PNQ,DEL,PNQ,T+1,1,IndiGo,9754.78,11900,2026-09-07,False
2026-09-06,36,DEL-PNQ,DEL,PNQ,T+1,1,Air India,10692.85,13045,2026-09-07,False
2026-09-06,36,DEL-PNQ,DEL,PNQ,T+7,7,IndiGo,6208.88,7574,2026-09-13,False
2026-09-06,36,DEL-PNQ,DEL,PNQ,T+7,7,Air India,7461.05,9102,2026-09-13,False
2026-09-06,36,DEL-PNQ,DEL,PNQ,T+7,7,IndiGo,6799.28,8295,2026-09-13,False
2026-09-06,36,DEL-PNQ,DEL,PNQ,T+7,7,IndiGo,6629.2,8087,2026-09-13,False
2026-09-06,36,DEL-PNQ,DEL,PNQ,T+7,7,IndiGo,6540.98,7979,2026-09-13,False
2026-09-06,36,DEL-PNQ,DEL,PNQ,T+15,15,Air India,5788.99,7062,2026-09-21,False
2026-09-06,36,DEL-PNQ,DEL,PNQ,T+15,15,Air India,5994.14,7312,2026-09-21,False
2026-09-06,36,DEL-PNQ,DEL,PNQ,T+15,15,IndiGo,4850.81,5917,2026-09-21,False
2026-09-06,36,DEL-PNQ,DEL,PNQ,T+15,15,Akasa Air,4893.31,5969,2026-09-21,False
2026-09-06,36,DEL-PNQ,DEL,PNQ,T+15,15,IndiGo,4871.43,5943,2026-09-21,False
2026-09-06,36,DEL-PNQ,DEL,PNQ,T+30,30,IndiGo,4150.56,5063,2026-10-06,False
2026-09-06,36,DEL-PNQ,DEL,PNQ,T+30,30,IndiGo,4189.58,5111,2026-10-06,False
2026-09-06,36,DEL-PNQ,DEL,PNQ,T+30,30,IndiGo,4228.88,5159,2026-10-06,False
2026-09-06,36,DEL-PNQ,DEL,PNQ,T+30,30,Air India,5043.38,6152,2026-10-06,False
2026-09-06,36,DEL-PNQ,DEL,PNQ,T+30,30,Akasa Air,4184.07,5104,2026-10-06,False
2026-09-06,36,DEL-PNQ,DEL,PNQ,T+45,45,IndiGo,3317.34,4047,2026-10-21,False
2026-09-06,36,DEL-PNQ,DEL,PNQ,T+45,45,IndiGo,3701.38,4515,2026-10-21,False
2026-09-06,36,DEL-PNQ,DEL,PNQ,T+45,45,IndiGo,3756.85,4583,2026-10-21,False
2026-09-06,36,DEL-PNQ,DEL,PNQ,T+45,45,IndiGo,4009.71,4891,2026-10-21,False
2026-09-06,36,DEL-PNQ,DEL,PNQ,T+45,45,IndiGo,3665.07,4471,2026-10-21,False
2026-09-07,37,DEL-BOM,DEL,BOM,T+1,1,IndiGo,10133.91,12363,2026-09-08,False
2026-09-07,37,DEL-BOM,DEL,BOM,T+1,1,IndiGo,10603.76,12936,2026-09-08,False
2026-09-07,37,DEL-BOM,DEL,BOM,T+1,1,Air India,11333.75,13827,2026-09-08,False
2026-09-07,37,DEL-BOM,DEL,BOM,T+1,1,IndiGo,10215.45,12462,2026-09-08,False
2026-09-07,37,DEL-BOM,DEL,BOM,T+1,1,IndiGo,9793.56,11948,2026-09-08,False
2026-09-07,37,DEL-BOM,DEL,BOM,T+7,7,IndiGo,7005.11,8546,2026-09-14,False
2026-09-07,37,DEL-BOM,DEL,BOM,T+7,7,IndiGo,6930.62,8455,2026-09-14,False
2026-09-07,37,DEL-BOM,DEL,BOM,T+7,7,Air India,8191.8,9993,2026-09-14,False
2026-09-07,37,DEL-BOM,DEL,BOM,T+7,7,IndiGo,7810.42,9528,2026-09-14,False
2026-09-07,37,DEL-BOM,DEL,BOM,T+7,7,IndiGo,7341.83,8957,2026-09-14,False
2026-09-07,37,DEL-BOM,DEL,BOM,T+15,15,IndiGo,5635.03,6874,2026-09-22,False
2026-09-07,37,DEL-BOM,DEL,BOM,T+15,15,Akasa Air,5344.95,6520,2026-09-22,False
2026-09-07,37,DEL-BOM,DEL,BOM,T+15,15,IndiGo,5120.77,6247,2026-09-22,False
2026-09-07,37,DEL-BOM,DEL,BOM,T+15,15,IndiGo,5500.81,6710,2026-09-22,False
2026-09-07,37,DEL-BOM,DEL,BOM,T+15,15,IndiGo,5629.56,6868,2026-09-22,False
2026-09-07,37,DEL-BOM,DEL,BOM,T+30,30,IndiGo,4511.78,5504,2026-10-07,False
2026-09-07,37,DEL-BOM,DEL,BOM,T+30,30,IndiGo,4807.82,5865,2026-10-07,False
2026-09-07,37,DEL-BOM,DEL,BOM,T+30,30,IndiGo,4765.34,5813,2026-10-07,False
2026-09-07,37,DEL-BOM,DEL,BOM,T+30,30,IndiGo,4952.16,6041,2026-10-07,False
2026-09-07,37,DEL-BOM,DEL,BOM,T+30,30,Air India,5402.75,6591,2026-10-07,False
2026-09-07,37,DEL-BOM,DEL,BOM,T+45,45,IndiGo,3975.14,4849,2026-10-22,False
2026-09-07,37,DEL-BOM,DEL,BOM,T+45,45,IndiGo,4081.63,4979,2026-10-22,False
2026-09-07,37,DEL-BOM,DEL,BOM,T+45,45,IndiGo,4341.66,5296,2026-10-22,False
2026-09-07,37,DEL-BOM,DEL,BOM,T+45,45,IndiGo,3869.4,4720,2026-10-22,False
2026-09-07,37,DEL-BOM,DEL,BOM,T+45,45,IndiGo,3834.68,4678,2026-10-22,False
2026-09-07,37,BOM-DEL,BOM,DEL,T+1,1,IndiGo,10108.03,12331,2026-09-08,False
2026-09-07,37,BOM-DEL,BOM,DEL,T+1,1,Akasa Air,9607.13,11720,2026-09-08,False
2026-09-07,37,BOM-DEL,BOM,DEL,T+1,1,Air India,11882.88,14497,2026-09-08,False
2026-09-07,37,BOM-DEL,BOM,DEL,T+1,1,IndiGo,10409.89,12700,2026-09-08,False
2026-09-07,37,BOM-DEL,BOM,DEL,T+1,1,IndiGo,9881.62,12055,2026-09-08,False
2026-09-07,37,BOM-DEL,BOM,DEL,T+7,7,IndiGo,6663.58,8129,2026-09-14,False
2026-09-07,37,BOM-DEL,BOM,DEL,T+7,7,Air India,9008.74,10990,2026-09-14,False
2026-09-07,37,BOM-DEL,BOM,DEL,T+7,7,IndiGo,6882.17,8396,2026-09-14,False
2026-09-07,37,BOM-DEL,BOM,DEL,T+7,7,IndiGo,6866.74,8377,2026-09-14,False
2026-09-07,37,BOM-DEL,BOM,DEL,T+7,7,Akasa Air,7172.65,8750,2026-09-14,False
2026-09-07,37,BOM-DEL,BOM,DEL,T+15,15,IndiGo,5352.79,6530,2026-09-22,False
2026-09-07,37,BOM-DEL,BOM,DEL,T+15,15,IndiGo,5413.77,6604,2026-09-22,False
2026-09-07,37,BOM-DEL,BOM,DEL,T+15,15,Air India,6504.83,7935,2026-09-22,False
2026-09-07,37,BOM-DEL,BOM,DEL,T+15,15,IndiGo,5631.58,6870,2026-09-22,False
2026-09-07,37,BOM-DEL,BOM,DEL,T+15,15,IndiGo,5362.48,6542,2026-09-22,False
2026-09-07,37,BOM-DEL,BOM,DEL,T+30,30,IndiGo,4898.1,5975,2026-10-07,False
2026-09-07,37,BOM-DEL,BOM,DEL,T+30,30,IndiGo,4303.04,5249,2026-10-07,False
2026-09-07,37,BOM-DEL,BOM,DEL,T+30,30,IndiGo,4774.37,5824,2026-10-07,False
2026-09-07,37,BOM-DEL,BOM,DEL,T+30,30,Air India,5321.81,6492,2026-10-07,False
2026-09-07,37,BOM-DEL,BOM,DEL,T+30,30,IndiGo,4874.06,5946,2026-10-07,False
2026-09-07,37,BOM-DEL,BOM,DEL,T+45,45,Air India,4897.94,5975,2026-10-22,False
2026-09-07,37,BOM-DEL,BOM,DEL,T+45,45,Air India,4758.92,5805,2026-10-22,False
2026-09-07,37,BOM-DEL,BOM,DEL,T+45,45,IndiGo,4229.85,5160,2026-10-22,False
2026-09-07,37,BOM-DEL,BOM,DEL,T+45,45,IndiGo,4263.18,5201,2026-10-22,False
2026-09-07,37,BOM-DEL,BOM,DEL,T+45,45,Air India,4983.2,6079,2026-10-22,False
2026-09-07,37,DEL-BLR,DEL,BLR,T+1,1,IndiGo,11954.89,14584,2026-09-08,False
2026-09-07,37,DEL-BLR,DEL,BLR,T+1,1,Air India,14373.43,17535,2026-09-08,False
2026-09-07,37,DEL-BLR,DEL,BLR,T+1,1,IndiGo,12400.08,15128,2026-09-08,False
2026-09-07,37,DEL-BLR,DEL,BLR,T+1,1,Air India,14600.01,17812,2026-09-08,False
2026-09-07,37,DEL-BLR,DEL,BLR,T+1,1,Air India,15004.8,18305,2026-09-08,False
2026-09-07,37,DEL-BLR,DEL,BLR,T+7,7,IndiGo,8157.75,9952,2026-09-14,False
2026-09-07,37,DEL-BLR,DEL,BLR,T+7,7,IndiGo,8879.39,10832,2026-09-14,False
2026-09-07,37,DEL-BLR,DEL,BLR,T+7,7,Air India,10242.24,12495,2026-09-14,False
2026-09-07,37,DEL-BLR,DEL,BLR,T+7,7,IndiGo,8519.12,10393,2026-09-14,False
2026-09-07,37,DEL-BLR,DEL,BLR,T+7,7,IndiGo,8548.61,10429,2026-09-14,False
2026-09-07,37,DEL-BLR,DEL,BLR,T+15,15,Air India,7813.8,9532,2026-09-22,False
2026-09-07,37,DEL-BLR,DEL,BLR,T+15,15,Air India,6880.63,8394,2026-09-22,False
2026-09-07,37,DEL-BLR,DEL,BLR,T+15,15,IndiGo,6514.01,7947,2026-09-22,False
2026-09-07,37,DEL-BLR,DEL,BLR,T+15,15,Air India,7631.58,9310,2026-09-22,False
2026-09-07,37,DEL-BLR,DEL,BLR,T+15,15,IndiGo,6802.44,8298,2026-09-22,False
2026-09-07,37,DEL-BLR,DEL,BLR,T+30,30,IndiGo,5562.55,6786,2026-10-07,False
2026-09-07,37,DEL-BLR,DEL,BLR,T+30,30,IndiGo,5680.83,6930,2026-10-07,False
2026-09-07,37,DEL-BLR,DEL,BLR,T+30,30,Akasa Air,5842.39,7127,2026-10-07,False
2026-09-07,37,DEL-BLR,DEL,BLR,T+30,30,IndiGo,5923.13,7226,2026-10-07,False
2026-09-07,37,DEL-BLR,DEL,BLR,T+30,30,Air India,6961.32,8492,2026-10-07,False
2026-09-07,37,DEL-BLR,DEL,BLR,T+45,45,IndiGo,4998.92,6098,2026-10-22,False
2026-09-07,37,DEL-BLR,DEL,BLR,T+45,45,IndiGo,5184.64,6325,2026-10-22,False
2026-09-07,37,DEL-BLR,DEL,BLR,T+45,45,IndiGo,5046.28,6156,2026-10-22,False
2026-09-07,37,DEL-BLR,DEL,BLR,T+45,45,Air India,5957.24,7267,2026-10-22,False
2026-09-07,37,DEL-BLR,DEL,BLR,T+45,45,Air India,6084.42,7422,2026-10-22,False
2026-09-07,37,BOM-BLR,BOM,BLR,T+1,1,Air India,9170.94,11188,2026-09-08,False
2026-09-07,37,BOM-BLR,BOM,BLR,T+1,1,IndiGo,8360.1,10199,2026-09-08,False
2026-09-07,37,BOM-BLR,BOM,BLR,T+1,1,IndiGo,7900.4,9638,2026-09-08,False
2026-09-07,37,BOM-BLR,BOM,BLR,T+1,1,SpiceJet,7689.68,9381,2026-09-08,False
2026-09-07,37,BOM-BLR,BOM,BLR,T+1,1,IndiGo,8349.7,10186,2026-09-08,False
2026-09-07,37,BOM-BLR,BOM,BLR,T+7,7,SpiceJet,5518.98,6733,2026-09-14,False
2026-09-07,37,BOM-BLR,BOM,BLR,T+7,7,IndiGo,5345.31,6521,2026-09-14,False
2026-09-07,37,BOM-BLR,BOM,BLR,T+7,7,IndiGo,5710.12,6966,2026-09-14,False
2026-09-07,37,BOM-BLR,BOM,BLR,T+7,7,Air India,6826.08,8327,2026-09-14,False
2026-09-07,37,BOM-BLR,BOM,BLR,T+7,7,IndiGo,5798.08,7073,2026-09-14,False
2026-09-07,37,BOM-BLR,BOM,BLR,T+15,15,IndiGo,4111.35,5015,2026-09-22,False
2026-09-07,37,BOM-BLR,BOM,BLR,T+15,15,IndiGo,4179.66,5099,2026-09-22,False
2026-09-07,37,BOM-BLR,BOM,BLR,T+15,15,IndiGo,4426.96,5400,2026-09-22,False
2026-09-07,37,BOM-BLR,BOM,BLR,T+15,15,IndiGo,4163.98,5080,2026-09-22,False
2026-09-07,37,BOM-BLR,BOM,BLR,T+15,15,IndiGo,4233.17,5164,2026-09-22,False
2026-09-07,37,BOM-BLR,BOM,BLR,T+30,30,Air India,4561.51,5565,2026-10-07,False
2026-09-07,37,BOM-BLR,BOM,BLR,T+30,30,Air India,4315.84,5265,2026-10-07,False
2026-09-07,37,BOM-BLR,BOM,BLR,T+30,30,IndiGo,3573.62,4359,2026-10-07,False
2026-09-07,37,BOM-BLR,BOM,BLR,T+30,30,Air India,4190.28,5112,2026-10-07,False
2026-09-07,37,BOM-BLR,BOM,BLR,T+30,30,Air India,4373.42,5335,2026-10-07,False
2026-09-07,37,BOM-BLR,BOM,BLR,T+45,45,IndiGo,3107.37,3790,2026-10-22,False
2026-09-07,37,BOM-BLR,BOM,BLR,T+45,45,IndiGo,3231.24,3942,2026-10-22,False
2026-09-07,37,BOM-BLR,BOM,BLR,T+45,45,IndiGo,3297.47,4022,2026-10-22,False
2026-09-07,37,BOM-BLR,BOM,BLR,T+45,45,Air India,4017.46,4901,2026-10-22,False
2026-09-07,37,BOM-BLR,BOM,BLR,T+45,45,IndiGo,3335.61,4069,2026-10-22,False
2026-09-07,37,DEL-CCU,DEL,CCU,T+1,1,Air India,12919.24,15761,2026-09-08,False
2026-09-07,37,DEL-CCU,DEL,CCU,T+1,1,IndiGo,11702.73,14277,2026-09-08,False
2026-09-07,37,DEL-CCU,DEL,CCU,T+1,1,IndiGo,11121.35,13568,2026-09-08,False
2026-09-07,37,DEL-CCU,DEL,CCU,T+1,1,IndiGo,10753.08,13118,2026-09-08,False
2026-09-07,37,DEL-CCU,DEL,CCU,T+1,1,IndiGo,11171.5,13629,2026-09-08,False
2026-09-07,37,DEL-CCU,DEL,CCU,T+7,7,Akasa Air,8090.42,9870,2026-09-14,False
2026-09-07,37,DEL-CCU,DEL,CCU,T+7,7,IndiGo,7999.88,9759,2026-09-14,False
2026-09-07,37,DEL-CCU,DEL,CCU,T+7,7,Air India,9381.31,11445,2026-09-14,False
2026-09-07,37,DEL-CCU,DEL,CCU,T+7,7,Air India,9914.54,12095,2026-09-14,False
2026-09-07,37,DEL-CCU,DEL,CCU,T+7,7,IndiGo,7555.41,9217,2026-09-14,False
2026-09-07,37,DEL-CCU,DEL,CCU,T+15,15,IndiGo,5779.55,7051,2026-09-22,False
2026-09-07,37,DEL-CCU,DEL,CCU,T+15,15,IndiGo,5709.6,6965,2026-09-22,False
2026-09-07,37,DEL-CCU,DEL,CCU,T+15,15,IndiGo,6130.8,7479,2026-09-22,False
2026-09-07,37,DEL-CCU,DEL,CCU,T+15,15,IndiGo,6087.13,7426,2026-09-22,False
2026-09-07,37,DEL-CCU,DEL,CCU,T+15,15,IndiGo,6378.64,7781,2026-09-22,False
2026-09-07,37,DEL-CCU,DEL,CCU,T+30,30,IndiGo,5231.52,6382,2026-10-07,False
2026-09-07,37,DEL-CCU,DEL,CCU,T+30,30,Air India,6029.06,7355,2026-10-07,False
2026-09-07,37,DEL-CCU,DEL,CCU,T+30,30,Air India,6115.95,7461,2026-10-07,False
2026-09-07,37,DEL-CCU,DEL,CCU,T+30,30,IndiGo,5208.68,6354,2026-10-07,False
2026-09-07,37,DEL-CCU,DEL,CCU,T+30,30,IndiGo,4883.79,5958,2026-10-07,False
2026-09-07,37,DEL-CCU,DEL,CCU,T+45,45,IndiGo,5048.34,6158,2026-10-22,False
2026-09-07,37,DEL-CCU,DEL,CCU,T+45,45,IndiGo,4694.84,5727,2026-10-22,False
2026-09-07,37,DEL-CCU,DEL,CCU,T+45,45,Air India,5476.02,6680,2026-10-22,False
2026-09-07,37,DEL-CCU,DEL,CCU,T+45,45,IndiGo,4710.22,5746,2026-10-22,False
2026-09-07,37,DEL-CCU,DEL,CCU,T+45,45,Air India,5571.03,6796,2026-10-22,False
2026-09-07,37,BLR-HYD,BLR,HYD,T+1,1,Air India,7274.6,8875,2026-09-08,False
2026-09-07,37,BLR-HYD,BLR,HYD,T+1,1,Air India,7149.05,8721,2026-09-08,False
2026-09-07,37,BLR-HYD,BLR,HYD,T+1,1,IndiGo,6331.02,7723,2026-09-08,False
2026-09-07,37,BLR-HYD,BLR,HYD,T+1,1,Air India,7409.25,9039,2026-09-08,False
2026-09-07,37,BLR-HYD,BLR,HYD,T+1,1,Air India,7103.34,8666,2026-09-08,False
2026-09-07,37,BLR-HYD,BLR,HYD,T+7,7,IndiGo,4606.3,5619,2026-09-14,False
2026-09-07,37,BLR-HYD,BLR,HYD,T+7,7,IndiGo,4433.4,5408,2026-09-14,False
2026-09-07,37,BLR-HYD,BLR,HYD,T+7,7,IndiGo,4500.44,5490,2026-09-14,False
2026-09-07,37,BLR-HYD,BLR,HYD,T+7,7,IndiGo,4602.13,5614,2026-09-14,False
2026-09-07,37,BLR-HYD,BLR,HYD,T+7,7,Air India,5177.59,6316,2026-09-14,False
2026-09-07,37,BLR-HYD,BLR,HYD,T+15,15,Air India,3980.12,4855,2026-09-22,False
2026-09-07,37,BLR-HYD,BLR,HYD,T+15,15,Air India,4048.06,4938,2026-09-22,False
2026-09-07,37,BLR-HYD,BLR,HYD,T+15,15,IndiGo,3254.25,3970,2026-09-22,False
2026-09-07,37,BLR-HYD,BLR,HYD,T+15,15,IndiGo,3345.28,4081,2026-09-22,False
2026-09-07,37,BLR-HYD,BLR,HYD,T+15,15,IndiGo,3353.63,4091,2026-09-22,False
2026-09-07,37,BLR-HYD,BLR,HYD,T+30,30,IndiGo,2766.2,3374,2026-10-07,False
2026-09-07,37,BLR-HYD,BLR,HYD,T+30,30,SpiceJet,2931.27,3576,2026-10-07,False
2026-09-07,37,BLR-HYD,BLR,HYD,T+30,30,IndiGo,2721.0,3319,2026-10-07,False
2026-09-07,37,BLR-HYD,BLR,HYD,T+30,30,IndiGo,2731.94,3332,2026-10-07,False
2026-09-07,37,BLR-HYD,BLR,HYD,T+30,30,Air India,3529.31,4305,2026-10-07,False
2026-09-07,37,BLR-HYD,BLR,HYD,T+45,45,IndiGo,2607.48,3181,2026-10-22,False
2026-09-07,37,BLR-HYD,BLR,HYD,T+45,45,Air India,2891.51,3527,2026-10-22,False
2026-09-07,37,BLR-HYD,BLR,HYD,T+45,45,Air India,3062.95,3736,2026-10-22,False
2026-09-07,37,BLR-HYD,BLR,HYD,T+45,45,Air India,3153.29,3847,2026-10-22,False
2026-09-07,37,BLR-HYD,BLR,HYD,T+45,45,IndiGo,2541.27,3100,2026-10-22,False
2026-09-07,37,MAA-DEL,MAA,DEL,T+1,1,IndiGo,12895.69,15732,2026-09-08,False
2026-09-07,37,MAA-DEL,MAA,DEL,T+1,1,IndiGo,11107.23,13550,2026-09-08,False
2026-09-07,37,MAA-DEL,MAA,DEL,T+1,1,IndiGo,12107.56,14771,2026-09-08,False
2026-09-07,37,MAA-DEL,MAA,DEL,T+1,1,IndiGo,12303.12,15009,2026-09-08,False
2026-09-07,37,MAA-DEL,MAA,DEL,T+1,1,IndiGo,12189.27,14870,2026-09-08,False
2026-09-07,37,MAA-DEL,MAA,DEL,T+7,7,IndiGo,8305.45,10132,2026-09-14,False
2026-09-07,37,MAA-DEL,MAA,DEL,T+7,7,IndiGo,8280.25,10101,2026-09-14,False
2026-09-07,37,MAA-DEL,MAA,DEL,T+7,7,IndiGo,8495.32,10364,2026-09-14,False
2026-09-07,37,MAA-DEL,MAA,DEL,T+7,7,Akasa Air,8332.42,10165,2026-09-14,False
2026-09-07,37,MAA-DEL,MAA,DEL,T+7,7,IndiGo,8541.68,10420,2026-09-14,False
2026-09-07,37,MAA-DEL,MAA,DEL,T+15,15,IndiGo,6596.58,8047,2026-09-22,False
2026-09-07,37,MAA-DEL,MAA,DEL,T+15,15,IndiGo,6137.92,7488,2026-09-22,False
2026-09-07,37,MAA-DEL,MAA,DEL,T+15,15,IndiGo,6314.15,7703,2026-09-22,False
2026-09-07,37,MAA-DEL,MAA,DEL,T+15,15,IndiGo,6155.48,7509,2026-09-22,False
2026-09-07,37,MAA-DEL,MAA,DEL,T+15,15,IndiGo,6278.88,7660,2026-09-22,False
2026-09-07,37,MAA-DEL,MAA,DEL,T+30,30,IndiGo,5649.47,6892,2026-10-07,False
2026-09-07,37,MAA-DEL,MAA,DEL,T+30,30,IndiGo,5476.24,6681,2026-10-07,False
2026-09-07,37,MAA-DEL,MAA,DEL,T+30,30,IndiGo,5953.39,7263,2026-10-07,False
2026-09-07,37,MAA-DEL,MAA,DEL,T+30,30,Air India,6475.43,7900,2026-10-07,False
2026-09-07,37,MAA-DEL,MAA,DEL,T+30,30,IndiGo,5467.02,6669,2026-10-07,False
2026-09-07,37,MAA-DEL,MAA,DEL,T+45,45,IndiGo,4867.46,5938,2026-10-22,False
2026-09-07,37,MAA-DEL,MAA,DEL,T+45,45,IndiGo,4741.18,5784,2026-10-22,False
2026-09-07,37,MAA-DEL,MAA,DEL,T+45,45,IndiGo,4839.62,5904,2026-10-22,False
2026-09-07,37,MAA-DEL,MAA,DEL,T+45,45,IndiGo,5040.86,6149,2026-10-22,False
2026-09-07,37,MAA-DEL,MAA,DEL,T+45,45,IndiGo,4868.78,5939,2026-10-22,False
2026-09-07,37,DEL-PNQ,DEL,PNQ,T+1,1,Akasa Air,8757.5,10684,2026-09-08,False
2026-09-07,37,DEL-PNQ,DEL,PNQ,T+1,1,IndiGo,9000.22,10980,2026-09-08,False
2026-09-07,37,DEL-PNQ,DEL,PNQ,T+1,1,IndiGo,9154.82,11168,2026-09-08,False
2026-09-07,37,DEL-PNQ,DEL,PNQ,T+1,1,SpiceJet,8834.62,10778,2026-09-08,False
2026-09-07,37,DEL-PNQ,DEL,PNQ,T+1,1,Air India,11423.95,13937,2026-09-08,False
2026-09-07,37,DEL-PNQ,DEL,PNQ,T+7,7,IndiGo,6273.69,7653,2026-09-14,False
2026-09-07,37,DEL-PNQ,DEL,PNQ,T+7,7,Akasa Air,6303.29,7690,2026-09-14,False
2026-09-07,37,DEL-PNQ,DEL,PNQ,T+7,7,IndiGo,6615.77,8071,2026-09-14,False
2026-09-07,37,DEL-PNQ,DEL,PNQ,T+7,7,Akasa Air,5965.53,7277,2026-09-14,False
2026-09-07,37,DEL-PNQ,DEL,PNQ,T+7,7,Air India,7534.02,9191,2026-09-14,False
2026-09-07,37,DEL-PNQ,DEL,PNQ,T+15,15,Air India,5764.18,7032,2026-09-22,False
2026-09-07,37,DEL-PNQ,DEL,PNQ,T+15,15,Akasa Air,4715.15,5752,2026-09-22,False
2026-09-07,37,DEL-PNQ,DEL,PNQ,T+15,15,Air India,5944.34,7252,2026-09-22,False
2026-09-07,37,DEL-PNQ,DEL,PNQ,T+15,15,IndiGo,4980.29,6075,2026-09-22,False
2026-09-07,37,DEL-PNQ,DEL,PNQ,T+15,15,IndiGo,4911.1,5991,2026-09-22,False
2026-09-07,37,DEL-PNQ,DEL,PNQ,T+30,30,Air India,5136.97,6267,2026-10-07,False
2026-09-07,37,DEL-PNQ,DEL,PNQ,T+30,30,IndiGo,4551.84,5553,2026-10-07,False
2026-09-07,37,DEL-PNQ,DEL,PNQ,T+30,30,Air India,5351.54,6528,2026-10-07,False
2026-09-07,37,DEL-PNQ,DEL,PNQ,T+30,30,IndiGo,4004.04,4884,2026-10-07,False
2026-09-07,37,DEL-PNQ,DEL,PNQ,T+30,30,IndiGo,4379.65,5343,2026-10-07,False
2026-09-07,37,DEL-PNQ,DEL,PNQ,T+45,45,IndiGo,3792.18,4626,2026-10-22,False
2026-09-07,37,DEL-PNQ,DEL,PNQ,T+45,45,IndiGo,3836.67,4680,2026-10-22,False
2026-09-07,37,DEL-PNQ,DEL,PNQ,T+45,45,IndiGo,3762.76,4590,2026-10-22,False
2026-09-07,37,DEL-PNQ,DEL,PNQ,T+45,45,IndiGo,3831.66,4674,2026-10-22,False
2026-09-07,37,DEL-PNQ,DEL,PNQ,T+45,45,IndiGo,3836.17,4680,2026-10-22,False
2026-09-08,38,DEL-BOM,DEL,BOM,T+1,1,IndiGo,9887.45,12062,2026-09-09,False
2026-09-08,38,DEL-BOM,DEL,BOM,T+1,1,SpiceJet,9260.84,11298,2026-09-09,False
2026-09-08,38,DEL-BOM,DEL,BOM,T+1,1,IndiGo,9933.46,12118,2026-09-09,False
2026-09-08,38,DEL-BOM,DEL,BOM,T+1,1,IndiGo,10174.69,12413,2026-09-09,False
2026-09-08,38,DEL-BOM,DEL,BOM,T+1,1,Air India,12147.31,14819,2026-09-09,False
2026-09-08,38,DEL-BOM,DEL,BOM,T+7,7,IndiGo,7355.31,8973,2026-09-15,False
2026-09-08,38,DEL-BOM,DEL,BOM,T+7,7,Air India,8274.4,10094,2026-09-15,False
2026-09-08,38,DEL-BOM,DEL,BOM,T+7,7,Air India,8503.68,10374,2026-09-15,False
2026-09-08,38,DEL-BOM,DEL,BOM,T+7,7,IndiGo,7382.59,9006,2026-09-15,False
2026-09-08,38,DEL-BOM,DEL,BOM,T+7,7,IndiGo,7433.36,9068,2026-09-15,False
2026-09-08,38,DEL-BOM,DEL,BOM,T+15,15,IndiGo,5422.94,6615,2026-09-23,False
2026-09-08,38,DEL-BOM,DEL,BOM,T+15,15,IndiGo,5392.11,6578,2026-09-23,False
2026-09-08,38,DEL-BOM,DEL,BOM,T+15,15,IndiGo,5470.48,6673,2026-09-23,False
2026-09-08,38,DEL-BOM,DEL,BOM,T+15,15,IndiGo,5215.46,6362,2026-09-23,False
2026-09-08,38,DEL-BOM,DEL,BOM,T+15,15,IndiGo,5397.3,6584,2026-09-23,False
2026-09-08,38,DEL-BOM,DEL,BOM,T+30,30,Air India,5634.43,6874,2026-10-08,False
2026-09-08,38,DEL-BOM,DEL,BOM,T+30,30,IndiGo,4762.48,5810,2026-10-08,False
2026-09-08,38,DEL-BOM,DEL,BOM,T+30,30,Akasa Air,4468.06,5451,2026-10-08,False
2026-09-08,38,DEL-BOM,DEL,BOM,T+30,30,Air India,5533.17,6750,2026-10-08,False
2026-09-08,38,DEL-BOM,DEL,BOM,T+30,30,IndiGo,4523.38,5518,2026-10-08,False
2026-09-08,38,DEL-BOM,DEL,BOM,T+45,45,IndiGo,4242.23,5175,2026-10-23,False
2026-09-08,38,DEL-BOM,DEL,BOM,T+45,45,IndiGo,4129.01,5037,2026-10-23,False
2026-09-08,38,DEL-BOM,DEL,BOM,T+45,45,Air India,4834.04,5897,2026-10-23,False
2026-09-08,38,DEL-BOM,DEL,BOM,T+45,45,IndiGo,4087.87,4987,2026-10-23,False
2026-09-08,38,DEL-BOM,DEL,BOM,T+45,45,Akasa Air,4000.71,4880,2026-10-23,False
2026-09-08,38,BOM-DEL,BOM,DEL,T+1,1,IndiGo,9933.75,12119,2026-09-09,False
2026-09-08,38,BOM-DEL,BOM,DEL,T+1,1,IndiGo,10324.42,12595,2026-09-09,False
2026-09-08,38,BOM-DEL,BOM,DEL,T+1,1,IndiGo,9952.33,12141,2026-09-09,False
2026-09-08,38,BOM-DEL,BOM,DEL,T+1,1,Air India,12561.23,15324,2026-09-09,False
2026-09-08,38,BOM-DEL,BOM,DEL,T+1,1,IndiGo,10609.49,12943,2026-09-09,False
2026-09-08,38,BOM-DEL,BOM,DEL,T+7,7,IndiGo,6919.14,8441,2026-09-15,False
2026-09-08,38,BOM-DEL,BOM,DEL,T+7,7,IndiGo,7159.42,8734,2026-09-15,False
2026-09-08,38,BOM-DEL,BOM,DEL,T+7,7,Air India,8228.29,10038,2026-09-15,False
2026-09-08,38,BOM-DEL,BOM,DEL,T+7,7,Air India,8323.77,10154,2026-09-15,False
2026-09-08,38,BOM-DEL,BOM,DEL,T+7,7,IndiGo,7642.54,9323,2026-09-15,False
2026-09-08,38,BOM-DEL,BOM,DEL,T+15,15,Air India,6337.58,7731,2026-09-23,False
2026-09-08,38,BOM-DEL,BOM,DEL,T+15,15,Air India,6487.32,7914,2026-09-23,False
2026-09-08,38,BOM-DEL,BOM,DEL,T+15,15,IndiGo,5537.08,6755,2026-09-23,False
2026-09-08,38,BOM-DEL,BOM,DEL,T+15,15,IndiGo,5243.81,6397,2026-09-23,False
2026-09-08,38,BOM-DEL,BOM,DEL,T+15,15,IndiGo,5271.49,6431,2026-09-23,False
2026-09-08,38,BOM-DEL,BOM,DEL,T+30,30,IndiGo,4461.21,5442,2026-10-08,False
2026-09-08,38,BOM-DEL,BOM,DEL,T+30,30,IndiGo,4513.39,5506,2026-10-08,False
2026-09-08,38,BOM-DEL,BOM,DEL,T+30,30,Air India,4943.56,6031,2026-10-08,False
2026-09-08,38,BOM-DEL,BOM,DEL,T+30,30,IndiGo,4746.6,5790,2026-10-08,False
2026-09-08,38,BOM-DEL,BOM,DEL,T+30,30,IndiGo,4992.7,6091,2026-10-08,False
2026-09-08,38,BOM-DEL,BOM,DEL,T+45,45,IndiGo,4161.71,5077,2026-10-23,False
2026-09-08,38,BOM-DEL,BOM,DEL,T+45,45,IndiGo,3935.05,4800,2026-10-23,False
2026-09-08,38,BOM-DEL,BOM,DEL,T+45,45,IndiGo,4047.14,4937,2026-10-23,False
2026-09-08,38,BOM-DEL,BOM,DEL,T+45,45,IndiGo,4073.79,4970,2026-10-23,False
2026-09-08,38,BOM-DEL,BOM,DEL,T+45,45,IndiGo,3992.83,4871,2026-10-23,False
2026-09-08,38,DEL-BLR,DEL,BLR,T+1,1,Air India,15084.4,18402,2026-09-09,False
2026-09-08,38,DEL-BLR,DEL,BLR,T+1,1,Air India,15058.82,18371,2026-09-09,False
2026-09-08,38,DEL-BLR,DEL,BLR,T+1,1,IndiGo,11918.55,14540,2026-09-09,False
2026-09-08,38,DEL-BLR,DEL,BLR,T+1,1,IndiGo,12736.07,15538,2026-09-09,False
2026-09-08,38,DEL-BLR,DEL,BLR,T+1,1,Air India,15426.07,18819,2026-09-09,False
2026-09-08,38,DEL-BLR,DEL,BLR,T+7,7,IndiGo,9375.48,11438,2026-09-15,False
2026-09-08,38,DEL-BLR,DEL,BLR,T+7,7,Air India,11402.36,13910,2026-09-15,False
2026-09-08,38,DEL-BLR,DEL,BLR,T+7,7,IndiGo,8512.64,10385,2026-09-15,False
2026-09-08,38,DEL-BLR,DEL,BLR,T+7,7,IndiGo,9659.03,11784,2026-09-15,False
2026-09-08,38,DEL-BLR,DEL,BLR,T+7,7,IndiGo,8681.17,10591,2026-09-15,False
2026-09-08,38,DEL-BLR,DEL,BLR,T+15,15,IndiGo,6549.47,7990,2026-09-23,False
2026-09-08,38,DEL-BLR,DEL,BLR,T+15,15,IndiGo,6764.72,8252,2026-09-23,False
2026-09-08,38,DEL-BLR,DEL,BLR,T+15,15,IndiGo,6551.9,7993,2026-09-23,False
2026-09-08,38,DEL-BLR,DEL,BLR,T+15,15,IndiGo,6781.57,8273,2026-09-23,False
2026-09-08,38,DEL-BLR,DEL,BLR,T+15,15,Air India,7520.68,9175,2026-09-23,False
2026-09-08,38,DEL-BLR,DEL,BLR,T+30,30,IndiGo,5684.8,6935,2026-10-08,False
2026-09-08,38,DEL-BLR,DEL,BLR,T+30,30,Akasa Air,5801.47,7077,2026-10-08,False
2026-09-08,38,DEL-BLR,DEL,BLR,T+30,30,IndiGo,5721.26,6979,2026-10-08,False
2026-09-08,38,DEL-BLR,DEL,BLR,T+30,30,IndiGo,5761.11,7028,2026-10-08,False
2026-09-08,38,DEL-BLR,DEL,BLR,T+30,30,IndiGo,5828.06,7110,2026-10-08,False
2026-09-08,38,DEL-BLR,DEL,BLR,T+45,45,IndiGo,5304.53,6471,2026-10-23,False
2026-09-08,38,DEL-BLR,DEL,BLR,T+45,45,Air India,5659.57,6904,2026-10-23,False
2026-09-08,38,DEL-BLR,DEL,BLR,T+45,45,Air India,6130.51,7479,2026-10-23,False
2026-09-08,38,DEL-BLR,DEL,BLR,T+45,45,Air India,5951.23,7260,2026-10-23,False
2026-09-08,38,DEL-BLR,DEL,BLR,T+45,45,Air India,6042.64,7372,2026-10-23,False
2026-09-08,38,BOM-BLR,BOM,BLR,T+1,1,IndiGo,8252.31,10067,2026-09-09,False
2026-09-08,38,BOM-BLR,BOM,BLR,T+1,1,IndiGo,7624.53,9301,2026-09-09,False
2026-09-08,38,BOM-BLR,BOM,BLR,T+1,1,Air India,9048.53,11039,2026-09-09,False
2026-09-08,38,BOM-BLR,BOM,BLR,T+1,1,Air India,8745.55,10669,2026-09-09,False
2026-09-08,38,BOM-BLR,BOM,BLR,T+1,1,Air India,9200.71,11224,2026-09-09,False
2026-09-08,38,BOM-BLR,BOM,BLR,T+7,7,IndiGo,5893.4,7189,2026-09-15,False
2026-09-08,38,BOM-BLR,BOM,BLR,T+7,7,IndiGo,5607.42,6841,2026-09-15,False
2026-09-08,38,BOM-BLR,BOM,BLR,T+7,7,Air India,6327.48,7719,2026-09-15,False
2026-09-08,38,BOM-BLR,BOM,BLR,T+7,7,IndiGo,5535.46,6753,2026-09-15,False
2026-09-08,38,BOM-BLR,BOM,BLR,T+7,7,IndiGo,5337.94,6512,2026-09-15,False
2026-09-08,38,BOM-BLR,BOM,BLR,T+15,15,IndiGo,4115.87,5021,2026-09-23,False
2026-09-08,38,BOM-BLR,BOM,BLR,T+15,15,IndiGo,4342.91,5298,2026-09-23,False
2026-09-08,38,BOM-BLR,BOM,BLR,T+15,15,IndiGo,4108.56,5012,2026-09-23,False
2026-09-08,38,BOM-BLR,BOM,BLR,T+15,15,IndiGo,4451.45,5430,2026-09-23,False
2026-09-08,38,BOM-BLR,BOM,BLR,T+15,15,IndiGo,4273.93,5214,2026-09-23,False
2026-09-08,38,BOM-BLR,BOM,BLR,T+30,30,IndiGo,3683.52,4493,2026-10-08,False
2026-09-08,38,BOM-BLR,BOM,BLR,T+30,30,IndiGo,3636.73,4436,2026-10-08,False
2026-09-08,38,BOM-BLR,BOM,BLR,T+30,30,IndiGo,3771.85,4601,2026-10-08,False
2026-09-08,38,BOM-BLR,BOM,BLR,T+30,30,IndiGo,3773.18,4603,2026-10-08,False
2026-09-08,38,BOM-BLR,BOM,BLR,T+30,30,IndiGo,3715.58,4533,2026-10-08,False
2026-09-08,38,BOM-BLR,BOM,BLR,T+45,45,Air India,3924.7,4788,2026-10-23,False
2026-09-08,38,BOM-BLR,BOM,BLR,T+45,45,IndiGo,3240.22,3953,2026-10-23,False
2026-09-08,38,BOM-BLR,BOM,BLR,T+45,45,Air India,3921.66,4784,2026-10-23,False
2026-09-08,38,BOM-BLR,BOM,BLR,T+45,45,Akasa Air,3123.98,3811,2026-10-23,False
2026-09-08,38,BOM-BLR,BOM,BLR,T+45,45,Akasa Air,3161.62,3857,2026-10-23,False
2026-09-08,38,DEL-CCU,DEL,CCU,T+1,1,IndiGo,11148.2,13600,2026-09-09,False
2026-09-08,38,DEL-CCU,DEL,CCU,T+1,1,IndiGo,11076.27,13513,2026-09-09,False
2026-09-08,38,DEL-CCU,DEL,CCU,T+1,1,IndiGo,10984.91,13401,2026-09-09,False
2026-09-08,38,DEL-CCU,DEL,CCU,T+1,1,IndiGo,11440.66,13957,2026-09-09,False
2026-09-08,38,DEL-CCU,DEL,CCU,T+1,1,IndiGo,11772.75,14362,2026-09-09,False
2026-09-08,38,DEL-CCU,DEL,CCU,T+7,7,IndiGo,8292.59,10116,2026-09-15,False
2026-09-08,38,DEL-CCU,DEL,CCU,T+7,7,Air India,8978.54,10953,2026-09-15,False
2026-09-08,38,DEL-CCU,DEL,CCU,T+7,7,IndiGo,8325.52,10157,2026-09-15,False
2026-09-08,38,DEL-CCU,DEL,CCU,T+7,7,IndiGo,7877.36,9610,2026-09-15,False
2026-09-08,38,DEL-CCU,DEL,CCU,T+7,7,IndiGo,8133.56,9922,2026-09-15,False
2026-09-08,38,DEL-CCU,DEL,CCU,T+15,15,IndiGo,5868.9,7160,2026-09-23,False
2026-09-08,38,DEL-CCU,DEL,CCU,T+15,15,IndiGo,6091.26,7431,2026-09-23,False
2026-09-08,38,DEL-CCU,DEL,CCU,T+15,15,Air India,7224.23,8813,2026-09-23,False
2026-09-08,38,DEL-CCU,DEL,CCU,T+15,15,Air India,6774.46,8264,2026-09-23,False
2026-09-08,38,DEL-CCU,DEL,CCU,T+15,15,IndiGo,6190.18,7552,2026-09-23,False
2026-09-08,38,DEL-CCU,DEL,CCU,T+30,30,IndiGo,5440.0,6636,2026-10-08,False
2026-09-08,38,DEL-CCU,DEL,CCU,T+30,30,Air India,6087.5,7426,2026-10-08,False
2026-09-08,38,DEL-CCU,DEL,CCU,T+30,30,Air India,6416.53,7828,2026-10-08,False
2026-09-08,38,DEL-CCU,DEL,CCU,T+30,30,IndiGo,5160.77,6296,2026-10-08,False
2026-09-08,38,DEL-CCU,DEL,CCU,T+30,30,Air India,6307.07,7694,2026-10-08,False
2026-09-08,38,DEL-CCU,DEL,CCU,T+45,45,Air India,5021.64,6126,2026-10-23,False
2026-09-08,38,DEL-CCU,DEL,CCU,T+45,45,IndiGo,5008.96,6110,2026-10-23,False
2026-09-08,38,DEL-CCU,DEL,CCU,T+45,45,IndiGo,4859.72,5928,2026-10-23,False
2026-09-08,38,DEL-CCU,DEL,CCU,T+45,45,Air India,5390.16,6575,2026-10-23,False
2026-09-08,38,DEL-CCU,DEL,CCU,T+45,45,IndiGo,4299.26,5245,2026-10-23,False
2026-09-08,38,BLR-HYD,BLR,HYD,T+1,1,Air India,7395.58,9022,2026-09-09,False
2026-09-08,38,BLR-HYD,BLR,HYD,T+1,1,Air India,6951.75,8481,2026-09-09,False
2026-09-08,38,BLR-HYD,BLR,HYD,T+1,1,IndiGo,6307.13,7694,2026-09-09,False
2026-09-08,38,BLR-HYD,BLR,HYD,T+1,1,IndiGo,6299.89,7685,2026-09-09,False
2026-09-08,38,BLR-HYD,BLR,HYD,T+1,1,IndiGo,6005.8,7327,2026-09-09,False
2026-09-08,38,BLR-HYD,BLR,HYD,T+7,7,Air India,5384.85,6569,2026-09-15,False
2026-09-08,38,BLR-HYD,BLR,HYD,T+7,7,IndiGo,4518.99,5513,2026-09-15,False
2026-09-08,38,BLR-HYD,BLR,HYD,T+7,7,IndiGo,4545.18,5545,2026-09-15,False
2026-09-08,38,BLR-HYD,BLR,HYD,T+7,7,Akasa Air,4257.6,5194,2026-09-15,False
2026-09-08,38,BLR-HYD,BLR,HYD,T+7,7,Air India,4924.85,6008,2026-09-15,False
2026-09-08,38,BLR-HYD,BLR,HYD,T+15,15,IndiGo,3458.53,4219,2026-09-23,False
2026-09-08,38,BLR-HYD,BLR,HYD,T+15,15,Air India,3905.18,4764,2026-09-23,False
2026-09-08,38,BLR-HYD,BLR,HYD,T+15,15,IndiGo,3181.41,3881,2026-09-23,False
2026-09-08,38,BLR-HYD,BLR,HYD,T+15,15,Air India,4129.06,5037,2026-09-23,False
2026-09-08,38,BLR-HYD,BLR,HYD,T+15,15,IndiGo,3589.8,4379,2026-09-23,False
2026-09-08,38,BLR-HYD,BLR,HYD,T+30,30,IndiGo,2862.21,3491,2026-10-08,False
2026-09-08,38,BLR-HYD,BLR,HYD,T+30,30,Air India,3634.65,4434,2026-10-08,False
2026-09-08,38,BLR-HYD,BLR,HYD,T+30,30,IndiGo,2875.51,3508,2026-10-08,False
2026-09-08,38,BLR-HYD,BLR,HYD,T+30,30,IndiGo,2828.18,3450,2026-10-08,False
2026-09-08,38,BLR-HYD,BLR,HYD,T+30,30,IndiGo,2803.1,3419,2026-10-08,False
2026-09-08,38,BLR-HYD,BLR,HYD,T+45,45,Air India,3175.91,3874,2026-10-23,False
2026-09-08,38,BLR-HYD,BLR,HYD,T+45,45,IndiGo,2478.3,3023,2026-10-23,False
2026-09-08,38,BLR-HYD,BLR,HYD,T+45,45,IndiGo,2613.44,3188,2026-10-23,False
2026-09-08,38,BLR-HYD,BLR,HYD,T+45,45,Akasa Air,2419.12,2951,2026-10-23,False
2026-09-08,38,BLR-HYD,BLR,HYD,T+45,45,IndiGo,2506.82,3058,2026-10-23,False
2026-09-08,38,MAA-DEL,MAA,DEL,T+1,1,IndiGo,12265.52,14963,2026-09-09,False
2026-09-08,38,MAA-DEL,MAA,DEL,T+1,1,IndiGo,11681.16,14251,2026-09-09,False
2026-09-08,38,MAA-DEL,MAA,DEL,T+1,1,IndiGo,11670.9,14238,2026-09-09,False
2026-09-08,38,MAA-DEL,MAA,DEL,T+1,1,Air India,14510.5,17702,2026-09-09,False
2026-09-08,38,MAA-DEL,MAA,DEL,T+1,1,Air India,14737.45,17979,2026-09-09,False
2026-09-08,38,MAA-DEL,MAA,DEL,T+7,7,IndiGo,8567.15,10451,2026-09-15,False
2026-09-08,38,MAA-DEL,MAA,DEL,T+7,7,IndiGo,8186.11,9987,2026-09-15,False
2026-09-08,38,MAA-DEL,MAA,DEL,T+7,7,Air India,9700.83,11835,2026-09-15,False
2026-09-08,38,MAA-DEL,MAA,DEL,T+7,7,IndiGo,8401.54,10249,2026-09-15,False
2026-09-08,38,MAA-DEL,MAA,DEL,T+7,7,IndiGo,8472.22,10336,2026-09-15,False
2026-09-08,38,MAA-DEL,MAA,DEL,T+15,15,Air India,7255.53,8851,2026-09-23,False
2026-09-08,38,MAA-DEL,MAA,DEL,T+15,15,Air India,7705.56,9400,2026-09-23,False
2026-09-08,38,MAA-DEL,MAA,DEL,T+15,15,IndiGo,6393.73,7800,2026-09-23,False
2026-09-08,38,MAA-DEL,MAA,DEL,T+15,15,IndiGo,5991.85,7310,2026-09-23,False
2026-09-08,38,MAA-DEL,MAA,DEL,T+15,15,Akasa Air,5972.63,7286,2026-09-23,False
2026-09-08,38,MAA-DEL,MAA,DEL,T+30,30,Air India,6328.09,7720,2026-10-08,False
2026-09-08,38,MAA-DEL,MAA,DEL,T+30,30,IndiGo,5450.05,6649,2026-10-08,False
2026-09-08,38,MAA-DEL,MAA,DEL,T+30,30,IndiGo,5825.29,7106,2026-10-08,False
2026-09-08,38,MAA-DEL,MAA,DEL,T+30,30,Air India,6495.45,7924,2026-10-08,False
2026-09-08,38,MAA-DEL,MAA,DEL,T+30,30,IndiGo,5303.2,6469,2026-10-08,False
2026-09-08,38,MAA-DEL,MAA,DEL,T+45,45,IndiGo,4894.38,5971,2026-10-23,False
2026-09-08,38,MAA-DEL,MAA,DEL,T+45,45,Air India,5655.44,6899,2026-10-23,False
2026-09-08,38,MAA-DEL,MAA,DEL,T+45,45,IndiGo,4912.08,5992,2026-10-23,False
2026-09-08,38,MAA-DEL,MAA,DEL,T+45,45,IndiGo,4955.57,6045,2026-10-23,False
2026-09-08,38,MAA-DEL,MAA,DEL,T+45,45,Air India,5968.34,7281,2026-10-23,False
2026-09-08,38,DEL-PNQ,DEL,PNQ,T+1,1,IndiGo,9307.73,11355,2026-09-09,False
2026-09-08,38,DEL-PNQ,DEL,PNQ,T+1,1,IndiGo,9850.02,12017,2026-09-09,False
2026-09-08,38,DEL-PNQ,DEL,PNQ,T+1,1,Akasa Air,9308.18,11355,2026-09-09,False
2026-09-08,38,DEL-PNQ,DEL,PNQ,T+1,1,IndiGo,9084.99,11083,2026-09-09,False
2026-09-08,38,DEL-PNQ,DEL,PNQ,T+1,1,Air India,11832.11,14435,2026-09-09,False
2026-09-08,38,DEL-PNQ,DEL,PNQ,T+7,7,IndiGo,6668.06,8135,2026-09-15,False
2026-09-08,38,DEL-PNQ,DEL,PNQ,T+7,7,IndiGo,6399.91,7807,2026-09-15,False
2026-09-08,38,DEL-PNQ,DEL,PNQ,T+7,7,IndiGo,6974.01,8508,2026-09-15,False
2026-09-08,38,DEL-PNQ,DEL,PNQ,T+7,7,Air India,8337.56,10171,2026-09-15,False
2026-09-08,38,DEL-PNQ,DEL,PNQ,T+7,7,IndiGo,6584.99,8033,2026-09-15,False
2026-09-08,38,DEL-PNQ,DEL,PNQ,T+15,15,Air India,5809.49,7087,2026-09-23,False
2026-09-08,38,DEL-PNQ,DEL,PNQ,T+15,15,IndiGo,4985.85,6082,2026-09-23,False
2026-09-08,38,DEL-PNQ,DEL,PNQ,T+15,15,IndiGo,5141.6,6272,2026-09-23,False
2026-09-08,38,DEL-PNQ,DEL,PNQ,T+15,15,IndiGo,5240.46,6393,2026-09-23,False
2026-09-08,38,DEL-PNQ,DEL,PNQ,T+15,15,Air India,6031.82,7358,2026-09-23,False
2026-09-08,38,DEL-PNQ,DEL,PNQ,T+30,30,IndiGo,4314.84,5264,2026-10-08,False
2026-09-08,38,DEL-PNQ,DEL,PNQ,T+30,30,IndiGo,4524.95,5520,2026-10-08,False
2026-09-08,38,DEL-PNQ,DEL,PNQ,T+30,30,IndiGo,4252.45,5187,2026-10-08,False
2026-09-08,38,DEL-PNQ,DEL,PNQ,T+30,30,IndiGo,4454.66,5434,2026-10-08,False
2026-09-08,38,DEL-PNQ,DEL,PNQ,T+30,30,IndiGo,4256.18,5192,2026-10-08,False
2026-09-08,38,DEL-PNQ,DEL,PNQ,T+45,45,IndiGo,3879.46,4732,2026-10-23,False
2026-09-08,38,DEL-PNQ,DEL,PNQ,T+45,45,IndiGo,3806.61,4644,2026-10-23,False
2026-09-08,38,DEL-PNQ,DEL,PNQ,T+45,45,Air India,4496.9,5486,2026-10-23,False
2026-09-08,38,DEL-PNQ,DEL,PNQ,T+45,45,IndiGo,3771.32,4601,2026-10-23,False
2026-09-08,38,DEL-PNQ,DEL,PNQ,T+45,45,IndiGo,4001.69,4882,2026-10-23,False
2026-09-09,39,DEL-BOM,DEL,BOM,T+1,1,Air India,11607.0,14160,2026-09-10,False
2026-09-09,39,DEL-BOM,DEL,BOM,T+1,1,IndiGo,9842.64,12008,2026-09-10,False
2026-09-09,39,DEL-BOM,DEL,BOM,T+1,1,IndiGo,10854.52,13242,2026-09-10,False
2026-09-09,39,DEL-BOM,DEL,BOM,T+1,1,Akasa Air,10120.24,12346,2026-09-10,False
2026-09-09,39,DEL-BOM,DEL,BOM,T+1,1,IndiGo,9260.92,11298,2026-09-10,False
2026-09-09,39,DEL-BOM,DEL,BOM,T+7,7,IndiGo,7009.35,8551,2026-09-16,False
2026-09-09,39,DEL-BOM,DEL,BOM,T+7,7,IndiGo,6697.32,8170,2026-09-16,False
2026-09-09,39,DEL-BOM,DEL,BOM,T+7,7,IndiGo,6912.88,8433,2026-09-16,False
2026-09-09,39,DEL-BOM,DEL,BOM,T+7,7,Akasa Air,6164.31,7520,2026-09-16,False
2026-09-09,39,DEL-BOM,DEL,BOM,T+7,7,Air India,8390.02,10235,2026-09-16,False
2026-09-09,39,DEL-BOM,DEL,BOM,T+15,15,Akasa Air,5058.43,6171,2026-09-24,False
2026-09-09,39,DEL-BOM,DEL,BOM,T+15,15,IndiGo,5452.25,6651,2026-09-24,False
2026-09-09,39,DEL-BOM,DEL,BOM,T+15,15,IndiGo,5131.37,6260,2026-09-24,False
2026-09-09,39,DEL-BOM,DEL,BOM,T+15,15,IndiGo,5456.63,6657,2026-09-24,False
2026-09-09,39,DEL-BOM,DEL,BOM,T+15,15,IndiGo,5361.83,6541,2026-09-24,False
2026-09-09,39,DEL-BOM,DEL,BOM,T+30,30,Air India,5787.14,7060,2026-10-09,False
2026-09-09,39,DEL-BOM,DEL,BOM,T+30,30,SpiceJet,4636.37,5656,2026-10-09,False
2026-09-09,39,DEL-BOM,DEL,BOM,T+30,30,Air India,5649.24,6892,2026-10-09,False
2026-09-09,39,DEL-BOM,DEL,BOM,T+30,30,Akasa Air,4464.68,5446,2026-10-09,False
2026-09-09,39,DEL-BOM,DEL,BOM,T+30,30,Air India,5880.17,7173,2026-10-09,False
2026-09-09,39,DEL-BOM,DEL,BOM,T+45,45,IndiGo,3920.08,4782,2026-10-24,False
2026-09-09,39,DEL-BOM,DEL,BOM,T+45,45,IndiGo,3941.76,4808,2026-10-24,False
2026-09-09,39,DEL-BOM,DEL,BOM,T+45,45,IndiGo,4133.25,5042,2026-10-24,False
2026-09-09,39,DEL-BOM,DEL,BOM,T+45,45,IndiGo,4472.44,5456,2026-10-24,False
2026-09-09,39,DEL-BOM,DEL,BOM,T+45,45,IndiGo,4116.05,5021,2026-10-24,False
2026-09-09,39,BOM-DEL,BOM,DEL,T+1,1,IndiGo,10039.62,12248,2026-09-10,False
2026-09-09,39,BOM-DEL,BOM,DEL,T+1,1,Air India,11311.39,13799,2026-09-10,False
2026-09-09,39,BOM-DEL,BOM,DEL,T+1,1,Air India,12306.98,15014,2026-09-10,False
2026-09-09,39,BOM-DEL,BOM,DEL,T+1,1,Air India,12310.0,15018,2026-09-10,False
2026-09-09,39,BOM-DEL,BOM,DEL,T+1,1,IndiGo,10383.48,12667,2026-09-10,False
2026-09-09,39,BOM-DEL,BOM,DEL,T+7,7,IndiGo,6993.34,8531,2026-09-16,False
2026-09-09,39,BOM-DEL,BOM,DEL,T+7,7,Air India,8221.92,10030,2026-09-16,False
2026-09-09,39,BOM-DEL,BOM,DEL,T+7,7,IndiGo,6827.18,8329,2026-09-16,False
2026-09-09,39,BOM-DEL,BOM,DEL,T+7,7,Air India,8455.19,10315,2026-09-16,False
2026-09-09,39,BOM-DEL,BOM,DEL,T+7,7,Air India,8111.65,9896,2026-09-16,False
2026-09-09,39,BOM-DEL,BOM,DEL,T+15,15,IndiGo,5216.63,6364,2026-09-24,False
2026-09-09,39,BOM-DEL,BOM,DEL,T+15,15,IndiGo,5360.16,6539,2026-09-24,False
2026-09-09,39,BOM-DEL,BOM,DEL,T+15,15,IndiGo,5347.69,6524,2026-09-24,False
2026-09-09,39,BOM-DEL,BOM,DEL,T+15,15,IndiGo,5338.4,6512,2026-09-24,False
2026-09-09,39,BOM-DEL,BOM,DEL,T+15,15,IndiGo,5529.67,6746,2026-09-24,False
2026-09-09,39,BOM-DEL,BOM,DEL,T+30,30,IndiGo,4676.48,5705,2026-10-09,False
2026-09-09,39,BOM-DEL,BOM,DEL,T+30,30,Akasa Air,4470.76,5454,2026-10-09,False
2026-09-09,39,BOM-DEL,BOM,DEL,T+30,30,Akasa Air,4545.24,5545,2026-10-09,False
2026-09-09,39,BOM-DEL,BOM,DEL,T+30,30,Air India,5307.31,6474,2026-10-09,False
2026-09-09,39,BOM-DEL,BOM,DEL,T+30,30,IndiGo,4680.76,5710,2026-10-09,False
2026-09-09,39,BOM-DEL,BOM,DEL,T+45,45,IndiGo,4167.26,5084,2026-10-24,False
2026-09-09,39,BOM-DEL,BOM,DEL,T+45,45,IndiGo,3927.33,4791,2026-10-24,False
2026-09-09,39,BOM-DEL,BOM,DEL,T+45,45,Air India,5057.53,6170,2026-10-24,False
2026-09-09,39,BOM-DEL,BOM,DEL,T+45,45,IndiGo,4017.52,4901,2026-10-24,False
2026-09-09,39,BOM-DEL,BOM,DEL,T+45,45,IndiGo,4158.51,5073,2026-10-24,False
2026-09-09,39,DEL-BLR,DEL,BLR,T+1,1,IndiGo,12943.04,15790,2026-09-10,False
2026-09-09,39,DEL-BLR,DEL,BLR,T+1,1,IndiGo,12839.13,15663,2026-09-10,False
2026-09-09,39,DEL-BLR,DEL,BLR,T+1,1,IndiGo,12451.16,15190,2026-09-10,False
2026-09-09,39,DEL-BLR,DEL,BLR,T+1,1,IndiGo,12278.43,14979,2026-09-10,False
2026-09-09,39,DEL-BLR,DEL,BLR,T+1,1,IndiGo,12848.63,15675,2026-09-10,False
2026-09-09,39,DEL-BLR,DEL,BLR,T+7,7,Air India,10620.95,12957,2026-09-16,False
2026-09-09,39,DEL-BLR,DEL,BLR,T+7,7,Air India,10151.37,12384,2026-09-16,False
2026-09-09,39,DEL-BLR,DEL,BLR,T+7,7,Akasa Air,8285.96,10108,2026-09-16,False
2026-09-09,39,DEL-BLR,DEL,BLR,T+7,7,Air India,9623.34,11740,2026-09-16,False
2026-09-09,39,DEL-BLR,DEL,BLR,T+7,7,Air India,10431.87,12726,2026-09-16,False
2026-09-09,39,DEL-BLR,DEL,BLR,T+15,15,Air India,7871.88,9603,2026-09-24,False
2026-09-09,39,DEL-BLR,DEL,BLR,T+15,15,IndiGo,6962.72,8494,2026-09-24,False
2026-09-09,39,DEL-BLR,DEL,BLR,T+15,15,IndiGo,6780.58,8272,2026-09-24,False
2026-09-09,39,DEL-BLR,DEL,BLR,T+15,15,IndiGo,7009.13,8551,2026-09-24,False
2026-09-09,39,DEL-BLR,DEL,BLR,T+15,15,IndiGo,6532.98,7970,2026-09-24,False
2026-09-09,39,DEL-BLR,DEL,BLR,T+30,30,IndiGo,5968.44,7281,2026-10-09,False
2026-09-09,39,DEL-BLR,DEL,BLR,T+30,30,Air India,6641.64,8102,2026-10-09,False
2026-09-09,39,DEL-BLR,DEL,BLR,T+30,30,IndiGo,5896.0,7193,2026-10-09,False
2026-09-09,39,DEL-BLR,DEL,BLR,T+30,30,IndiGo,5446.74,6645,2026-10-09,False
2026-09-09,39,DEL-BLR,DEL,BLR,T+30,30,Air India,6822.6,8323,2026-10-09,False
2026-09-09,39,DEL-BLR,DEL,BLR,T+45,45,IndiGo,4747.63,5792,2026-10-24,False
2026-09-09,39,DEL-BLR,DEL,BLR,T+45,45,Air India,5958.79,7269,2026-10-24,False
2026-09-09,39,DEL-BLR,DEL,BLR,T+45,45,IndiGo,5180.67,6320,2026-10-24,False
2026-09-09,39,DEL-BLR,DEL,BLR,T+45,45,Air India,5905.35,7204,2026-10-24,False
2026-09-09,39,DEL-BLR,DEL,BLR,T+45,45,IndiGo,4914.46,5995,2026-10-24,False
2026-09-09,39,BOM-BLR,BOM,BLR,T+1,1,IndiGo,8202.88,10007,2026-09-10,False
2026-09-09,39,BOM-BLR,BOM,BLR,T+1,1,IndiGo,7938.1,9684,2026-09-10,False
2026-09-09,39,BOM-BLR,BOM,BLR,T+1,1,Air India,9231.67,11262,2026-09-10,False
2026-09-09,39,BOM-BLR,BOM,BLR,T+1,1,IndiGo,7978.63,9733,2026-09-10,False
2026-09-09,39,BOM-BLR,BOM,BLR,T+1,1,IndiGo,8702.17,10616,2026-09-10,False
2026-09-09,39,BOM-BLR,BOM,BLR,T+7,7,Air India,6915.44,8436,2026-09-16,False
2026-09-09,39,BOM-BLR,BOM,BLR,T+7,7,IndiGo,5867.57,7158,2026-09-16,False
2026-09-09,39,BOM-BLR,BOM,BLR,T+7,7,IndiGo,5724.1,6983,2026-09-16,False
2026-09-09,39,BOM-BLR,BOM,BLR,T+7,7,IndiGo,5671.0,6918,2026-09-16,False
2026-09-09,39,BOM-BLR,BOM,BLR,T+7,7,Air India,6089.64,7429,2026-09-16,False
2026-09-09,39,BOM-BLR,BOM,BLR,T+15,15,IndiGo,4187.95,5109,2026-09-24,False
2026-09-09,39,BOM-BLR,BOM,BLR,T+15,15,Air India,4972.49,6066,2026-09-24,False
2026-09-09,39,BOM-BLR,BOM,BLR,T+15,15,Air India,4725.68,5765,2026-09-24,False
2026-09-09,39,BOM-BLR,BOM,BLR,T+15,15,Air India,4852.68,5920,2026-09-24,False
2026-09-09,39,BOM-BLR,BOM,BLR,T+15,15,IndiGo,3992.48,4870,2026-09-24,False
2026-09-09,39,BOM-BLR,BOM,BLR,T+30,30,IndiGo,3672.12,4479,2026-10-09,False
2026-09-09,39,BOM-BLR,BOM,BLR,T+30,30,IndiGo,3782.43,4614,2026-10-09,False
2026-09-09,39,BOM-BLR,BOM,BLR,T+30,30,Air India,4502.98,5493,2026-10-09,False
2026-09-09,39,BOM-BLR,BOM,BLR,T+30,30,IndiGo,3730.43,4551,2026-10-09,False
2026-09-09,39,BOM-BLR,BOM,BLR,T+30,30,IndiGo,3553.07,4334,2026-10-09,False
2026-09-09,39,BOM-BLR,BOM,BLR,T+45,45,IndiGo,3047.47,3717,2026-10-24,False
2026-09-09,39,BOM-BLR,BOM,BLR,T+45,45,Air India,3616.43,4412,2026-10-24,False
2026-09-09,39,BOM-BLR,BOM,BLR,T+45,45,IndiGo,3123.32,3810,2026-10-24,False
2026-09-09,39,BOM-BLR,BOM,BLR,T+45,45,Air India,3733.5,4554,2026-10-24,False
2026-09-09,39,BOM-BLR,BOM,BLR,T+45,45,Air India,3831.83,4674,2026-10-24,False
2026-09-09,39,DEL-CCU,DEL,CCU,T+1,1,Air India,12815.48,15634,2026-09-10,False
2026-09-09,39,DEL-CCU,DEL,CCU,T+1,1,Air India,13444.75,16402,2026-09-10,False
2026-09-09,39,DEL-CCU,DEL,CCU,T+1,1,IndiGo,11178.7,13638,2026-09-10,False
2026-09-09,39,DEL-CCU,DEL,CCU,T+1,1,IndiGo,11274.48,13754,2026-09-10,False
2026-09-09,39,DEL-CCU,DEL,CCU,T+1,1,IndiGo,11720.1,14298,2026-09-10,False
2026-09-09,39,DEL-CCU,DEL,CCU,T+7,7,Air India,9014.76,10998,2026-09-16,False
2026-09-09,39,DEL-CCU,DEL,CCU,T+7,7,Air India,9540.99,11640,2026-09-16,False
2026-09-09,39,DEL-CCU,DEL,CCU,T+7,7,IndiGo,7972.02,9725,2026-09-16,False
2026-09-09,39,DEL-CCU,DEL,CCU,T+7,7,IndiGo,7882.82,9617,2026-09-16,False
2026-09-09,39,DEL-CCU,DEL,CCU,T+7,7,IndiGo,8223.04,10032,2026-09-16,False
2026-09-09,39,DEL-CCU,DEL,CCU,T+15,15,Air India,7374.71,8997,2026-09-24,False
2026-09-09,39,DEL-CCU,DEL,CCU,T+15,15,Air India,6917.59,8439,2026-09-24,False
2026-09-09,39,DEL-CCU,DEL,CCU,T+15,15,IndiGo,6029.94,7356,2026-09-24,False
2026-09-09,39,DEL-CCU,DEL,CCU,T+15,15,IndiGo,6128.36,7476,2026-09-24,False
2026-09-09,39,DEL-CCU,DEL,CCU,T+15,15,IndiGo,6010.65,7332,2026-09-24,False
2026-09-09,39,DEL-CCU,DEL,CCU,T+30,30,IndiGo,5308.19,6475,2026-10-09,False
2026-09-09,39,DEL-CCU,DEL,CCU,T+30,30,Air India,6192.87,7555,2026-10-09,False
2026-09-09,39,DEL-CCU,DEL,CCU,T+30,30,Akasa Air,5360.52,6539,2026-10-09,False
2026-09-09,39,DEL-CCU,DEL,CCU,T+30,30,Air India,5804.06,7080,2026-10-09,False
2026-09-09,39,DEL-CCU,DEL,CCU,T+30,30,IndiGo,5179.39,6318,2026-10-09,False
2026-09-09,39,DEL-CCU,DEL,CCU,T+45,45,IndiGo,4476.7,5461,2026-10-24,False
2026-09-09,39,DEL-CCU,DEL,CCU,T+45,45,Air India,5566.38,6790,2026-10-24,False
2026-09-09,39,DEL-CCU,DEL,CCU,T+45,45,Akasa Air,4224.27,5153,2026-10-24,False
2026-09-09,39,DEL-CCU,DEL,CCU,T+45,45,IndiGo,4679.76,5709,2026-10-24,False
2026-09-09,39,DEL-CCU,DEL,CCU,T+45,45,IndiGo,4521.76,5516,2026-10-24,False
2026-09-09,39,BLR-HYD,BLR,HYD,T+1,1,IndiGo,6058.33,7391,2026-09-10,False
2026-09-09,39,BLR-HYD,BLR,HYD,T+1,1,IndiGo,5903.3,7202,2026-09-10,False
2026-09-09,39,BLR-HYD,BLR,HYD,T+1,1,Air India,7211.49,8798,2026-09-10,False
2026-09-09,39,BLR-HYD,BLR,HYD,T+1,1,Akasa Air,6250.32,7625,2026-09-10,False
2026-09-09,39,BLR-HYD,BLR,HYD,T+1,1,IndiGo,6212.62,7579,2026-09-10,False
2026-09-09,39,BLR-HYD,BLR,HYD,T+7,7,IndiGo,4497.18,5486,2026-09-16,False
2026-09-09,39,BLR-HYD,BLR,HYD,T+7,7,Air India,5490.23,6698,2026-09-16,False
2026-09-09,39,BLR-HYD,BLR,HYD,T+7,7,Air India,5235.86,6387,2026-09-16,False
2026-09-09,39,BLR-HYD,BLR,HYD,T+7,7,IndiGo,4314.44,5263,2026-09-16,False
2026-09-09,39,BLR-HYD,BLR,HYD,T+7,7,IndiGo,4472.47,5456,2026-09-16,False
2026-09-09,39,BLR-HYD,BLR,HYD,T+15,15,IndiGo,3284.43,4007,2026-09-24,False
2026-09-09,39,BLR-HYD,BLR,HYD,T+15,15,IndiGo,3289.1,4012,2026-09-24,False
2026-09-09,39,BLR-HYD,BLR,HYD,T+15,15,IndiGo,3170.1,3867,2026-09-24,False
2026-09-09,39,BLR-HYD,BLR,HYD,T+15,15,IndiGo,3456.76,4217,2026-09-24,False
2026-09-09,39,BLR-HYD,BLR,HYD,T+15,15,IndiGo,3302.98,4029,2026-09-24,False
2026-09-09,39,BLR-HYD,BLR,HYD,T+30,30,Akasa Air,2796.98,3412,2026-10-09,False
2026-09-09,39,BLR-HYD,BLR,HYD,T+30,30,Air India,3260.78,3978,2026-10-09,False
2026-09-09,39,BLR-HYD,BLR,HYD,T+30,30,IndiGo,2913.68,3554,2026-10-09,False
2026-09-09,39,BLR-HYD,BLR,HYD,T+30,30,IndiGo,2793.36,3407,2026-10-09,False
2026-09-09,39,BLR-HYD,BLR,HYD,T+30,30,IndiGo,2855.66,3483,2026-10-09,False
2026-09-09,39,BLR-HYD,BLR,HYD,T+45,45,IndiGo,2629.4,3207,2026-10-24,False
2026-09-09,39,BLR-HYD,BLR,HYD,T+45,45,Air India,3090.75,3770,2026-10-24,False
2026-09-09,39,BLR-HYD,BLR,HYD,T+45,45,Air India,3005.2,3666,2026-10-24,False
2026-09-09,39,BLR-HYD,BLR,HYD,T+45,45,Air India,2821.4,3442,2026-10-24,False
2026-09-09,39,BLR-HYD,BLR,HYD,T+45,45,IndiGo,2818.23,3438,2026-10-24,False
2026-09-09,39,MAA-DEL,MAA,DEL,T+1,1,IndiGo,12577.56,15344,2026-09-10,False
2026-09-09,39,MAA-DEL,MAA,DEL,T+1,1,SpiceJet,11513.44,14046,2026-09-10,False
2026-09-09,39,MAA-DEL,MAA,DEL,T+1,1,IndiGo,11540.79,14079,2026-09-10,False
2026-09-09,39,MAA-DEL,MAA,DEL,T+1,1,SpiceJet,11184.76,13645,2026-09-10,False
2026-09-09,39,MAA-DEL,MAA,DEL,T+1,1,Air India,13708.59,16724,2026-09-10,False
2026-09-09,39,MAA-DEL,MAA,DEL,T+7,7,IndiGo,8759.53,10686,2026-09-16,False
2026-09-09,39,MAA-DEL,MAA,DEL,T+7,7,Air India,9980.42,12176,2026-09-16,False
2026-09-09,39,MAA-DEL,MAA,DEL,T+7,7,IndiGo,8158.24,9953,2026-09-16,False
2026-09-09,39,MAA-DEL,MAA,DEL,T+7,7,Air India,9726.61,11866,2026-09-16,False
2026-09-09,39,MAA-DEL,MAA,DEL,T+7,7,IndiGo,8717.64,10635,2026-09-16,False
2026-09-09,39,MAA-DEL,MAA,DEL,T+15,15,Akasa Air,6527.13,7963,2026-09-24,False
2026-09-09,39,MAA-DEL,MAA,DEL,T+15,15,IndiGo,6723.94,8203,2026-09-24,False
2026-09-09,39,MAA-DEL,MAA,DEL,T+15,15,Air India,7724.04,9423,2026-09-24,False
2026-09-09,39,MAA-DEL,MAA,DEL,T+15,15,IndiGo,6326.09,7717,2026-09-24,False
2026-09-09,39,MAA-DEL,MAA,DEL,T+15,15,Air India,6670.97,8138,2026-09-24,False
2026-09-09,39,MAA-DEL,MAA,DEL,T+30,30,Air India,6516.79,7950,2026-10-09,False
2026-09-09,39,MAA-DEL,MAA,DEL,T+30,30,Air India,6449.3,7868,2026-10-09,False
2026-09-09,39,MAA-DEL,MAA,DEL,T+30,30,IndiGo,5497.54,6706,2026-10-09,False
2026-09-09,39,MAA-DEL,MAA,DEL,T+30,30,Air India,6461.88,7883,2026-10-09,False
2026-09-09,39,MAA-DEL,MAA,DEL,T+30,30,IndiGo,5216.79,6364,2026-10-09,False
2026-09-09,39,MAA-DEL,MAA,DEL,T+45,45,IndiGo,4957.75,6048,2026-10-24,False
2026-09-09,39,MAA-DEL,MAA,DEL,T+45,45,IndiGo,4970.48,6063,2026-10-24,False
2026-09-09,39,MAA-DEL,MAA,DEL,T+45,45,Akasa Air,4821.78,5882,2026-10-24,False
2026-09-09,39,MAA-DEL,MAA,DEL,T+45,45,IndiGo,5023.99,6129,2026-10-24,False
2026-09-09,39,MAA-DEL,MAA,DEL,T+45,45,Air India,5854.29,7142,2026-10-24,False
2026-09-09,39,DEL-PNQ,DEL,PNQ,T+1,1,SpiceJet,8709.45,10625,2026-09-10,False
2026-09-09,39,DEL-PNQ,DEL,PNQ,T+1,1,IndiGo,9304.04,11350,2026-09-10,False
2026-09-09,39,DEL-PNQ,DEL,PNQ,T+1,1,IndiGo,9356.91,11415,2026-09-10,False
2026-09-09,39,DEL-PNQ,DEL,PNQ,T+1,1,Air India,11037.68,13465,2026-09-10,False
2026-09-09,39,DEL-PNQ,DEL,PNQ,T+1,1,SpiceJet,9144.97,11156,2026-09-10,False
2026-09-09,39,DEL-PNQ,DEL,PNQ,T+7,7,Air India,7957.26,9707,2026-09-16,False
2026-09-09,39,DEL-PNQ,DEL,PNQ,T+7,7,IndiGo,7080.68,8638,2026-09-16,False
2026-09-09,39,DEL-PNQ,DEL,PNQ,T+7,7,IndiGo,7110.51,8674,2026-09-16,False
2026-09-09,39,DEL-PNQ,DEL,PNQ,T+7,7,IndiGo,6619.16,8075,2026-09-16,False
2026-09-09,39,DEL-PNQ,DEL,PNQ,T+7,7,Air India,6736.96,8219,2026-09-16,False
2026-09-09,39,DEL-PNQ,DEL,PNQ,T+15,15,IndiGo,5239.73,6392,2026-09-24,False
2026-09-09,39,DEL-PNQ,DEL,PNQ,T+15,15,Air India,5809.06,7087,2026-09-24,False
2026-09-09,39,DEL-PNQ,DEL,PNQ,T+15,15,IndiGo,4881.43,5955,2026-09-24,False
2026-09-09,39,DEL-PNQ,DEL,PNQ,T+15,15,IndiGo,4952.28,6041,2026-09-24,False
2026-09-09,39,DEL-PNQ,DEL,PNQ,T+15,15,Air India,5828.49,7110,2026-09-24,False
2026-09-09,39,DEL-PNQ,DEL,PNQ,T+30,30,IndiGo,4397.09,5364,2026-10-09,False
2026-09-09,39,DEL-PNQ,DEL,PNQ,T+30,30,Air India,4798.18,5853,2026-10-09,False
2026-09-09,39,DEL-PNQ,DEL,PNQ,T+30,30,Air India,4883.75,5958,2026-10-09,False
2026-09-09,39,DEL-PNQ,DEL,PNQ,T+30,30,Air India,5136.14,6266,2026-10-09,False
2026-09-09,39,DEL-PNQ,DEL,PNQ,T+30,30,IndiGo,4398.7,5366,2026-10-09,False
2026-09-09,39,DEL-PNQ,DEL,PNQ,T+45,45,IndiGo,3912.45,4773,2026-10-24,False
2026-09-09,39,DEL-PNQ,DEL,PNQ,T+45,45,IndiGo,3721.12,4539,2026-10-24,False
2026-09-09,39,DEL-PNQ,DEL,PNQ,T+45,45,Air India,4356.81,5315,2026-10-24,False
2026-09-09,39,DEL-PNQ,DEL,PNQ,T+45,45,IndiGo,3758.67,4585,2026-10-24,False
2026-09-09,39,DEL-PNQ,DEL,PNQ,T+45,45,IndiGo,3858.65,4707,2026-10-24,False
